사고번호,사고일시,요일,시군구,사고내용,사망자수,중상자수,경상자수,부상신고자수,사고유형,법규위반,노면상태,기상상태,도로형태,가해운전자 차종,가해운전자 성별,가해운전자 연령,가해운전자 상해정도,피해운전자 차종,피해운전자 성별,피해운전자 연령,피해운전자 상해정도
2019022100100268,2019년 2월 21일 12시,목요일,울산광역시 북구 효문동,경상사고,0,0,1,0,차대차 - 기타,신호위반,건조,맑음,교차로 - 교차로안,승용,남,28세,상해없음,승용,여,30세,경상
2019022100100327,2019년 2월 21일 14시,목요일,울산광역시 동구 서부동,경상사고,0,0,1,0,차대차 - 측면충돌,안전운전불이행,기타,맑음,단일로 - 기타,승합,여,52세,상해없음,승용,여,41세,경상
2019022100100420,2019년 2월 21일 17시,목요일,울산광역시 울주군 온산읍,경상사고,0,0,2,0,차대차 - 측면충돌,신호위반,건조,맑음,교차로 - 교차로안,승용,남,53세,경상,승용,남,63세,경상
2019022100100476,2019년 2월 21일 18시,목요일,울산광역시 중구 다운동,경상사고,0,0,2,0,차대차 - 기타,안전운전불이행,건조,맑음,단일로 - 기타,승용,여,45세,기타불명,승용,남,21세,경상
2019022100100562,2019년 2월 21일 20시,목요일,울산광역시 남구 달동,경상사고,0,0,1,0,차대사람 - 길가장자리구역통행중,안전운전불이행,건조,맑음,단일로 - 기타,기타불명,기타불명,미분류,기타불명,보행자,남,57세,경상
2019022100100563,2019년 2월 21일 20시,목요일,울산광역시 동구 화정동,경상사고,0,0,1,0,차대사람 - 횡단중,보행자보호의무위반,건조,맑음,교차로 - 교차로횡단보도내,승용,남,32세,상해없음,보행자,남,14세,경상
2019022100100564,2019년 2월 21일 20시,목요일,울산광역시 동구 방어동,경상사고,0,0,1,0,차대사람 - 기타,안전운전불이행,건조,맑음,기타 - 기타,승용,남,47세,기타불명,보행자,남,61세,경상
2019022100100565,2019년 2월 21일 20시,목요일,울산광역시 울주군 두동면,중상사고,0,1,0,0,차대사람 - 횡단중,과속,건조,맑음,교차로 - 교차로안,승용,남,28세,상해없음,보행자,여,75세,중상
2019022200100071,2019년 2월 22일 04시,금요일,울산광역시 남구 삼산동,부상신고사고,0,0,0,1,차대사람 - 기타,안전운전불이행,건조,맑음,교차로 - 교차로부근,기타불명,기타불명,미분류,기타불명,보행자,여,21세,부상신고
2019022200100107,2019년 2월 22일 06시,금요일,울산광역시 동구 전하동,중상사고,0,1,0,0,차대차 - 기타,교차로운행방법위반,건조,맑음,교차로 - 교차로안,승용,남,65세,상해없음,이륜,남,40세,중상
2019022200100121,2019년 2월 22일 07시,금요일,울산광역시 울주군 상북면,경상사고,0,0,1,0,차량단독 - 공작물충돌,안전운전불이행,건조,맑음,단일로 - 기타,승용,여,37세,경상,,,,
2019022200100146,2019년 2월 22일 08시,금요일,울산광역시 중구 약사동,경상사고,0,0,1,1,차대차 - 측면충돌,안전운전불이행,건조,맑음,교차로 - 교차로안,화물,여,56세,부상신고,승용,남,35세,경상
2019022200100147,2019년 2월 22일 08시,금요일,울산광역시 울주군 온산읍,사망사고,1,0,0,0,차대사람 - 기타,안전운전불이행,건조,맑음,단일로 - 기타,승용,남,32세,상해없음,보행자,남,45세,사망
2019022200100170,2019년 2월 22일 09시,금요일,울산광역시 중구 남외동,경상사고,0,0,1,0,차대차 - 측면충돌,안전거리미확보,건조,맑음,교차로 - 교차로횡단보도내,기타불명,기타불명,미분류,기타불명,자전거,남,78세,경상
2019022200100226,2019년 2월 22일 11시,금요일,울산광역시 남구 달동,중상사고,0,1,0,0,차대차 - 측면충돌,안전거리미확보,건조,맑음,단일로 - 기타,이륜,남,78세,중상,승용,여,55세,상해없음
2019022200100282,2019년 2월 22일 13시,금요일,울산광역시 중구 반구동,경상사고,0,0,3,0,차대차 - 정면충돌,안전운전불이행,건조,맑음,교차로 - 교차로안,승용,여,43세,경상,승용,남,70세,경상
2019022200100444,2019년 2월 22일 18시,금요일,울산광역시 울주군 온산읍,중상사고,0,1,1,0,차대차 - 측면충돌,신호위반,건조,맑음,교차로 - 교차로안,승용,남,49세,경상,승용,남,35세,중상
2019022200100528,2019년 2월 22일 20시,금요일,울산광역시 동구 화정동,중상사고,0,1,0,0,차대사람 - 횡단중,보행자보호의무위반,건조,맑음,단일로 - 기타,승용,남,61세,상해없음,보행자,남,59세,중상
2019022200100574,2019년 2월 22일 21시,금요일,울산광역시 북구 양정동,경상사고,0,0,1,0,차대차 - 추돌,안전운전불이행,건조,맑음,교차로 - 교차로부근,화물,남,44세,상해없음,승용,여,57세,경상
2019022200100618,2019년 2월 22일 23시,금요일,울산광역시 남구 무거동,경상사고,0,0,1,0,차대차 - 측면충돌,안전거리미확보,건조,맑음,교차로 - 교차로안,승용,여,59세,상해없음,승용,남,36세,경상
2019022300100079,2019년 2월 23일 03시,토요일,울산광역시 중구 학성동,경상사고,0,0,1,0,차대사람 - 기타,안전운전불이행,건조,맑음,단일로 - 기타,화물,남,37세,상해없음,보행자,여,62세,경상
2019022300100090,2019년 2월 23일 04시,토요일,울산광역시 남구 삼산동,중상사고,0,1,0,0,차대사람 - 횡단중,안전운전불이행,건조,맑음,단일로 - 기타,승합,남,52세,상해없음,보행자,여,54세,중상
2019022300100182,2019년 2월 23일 09시,토요일,울산광역시 남구 삼산동,중상사고,0,1,0,0,차대차 - 측면충돌,교차로운행방법위반,건조,맑음,교차로 - 교차로안,승용,남,22세,상해없음,승용,여,48세,중상
2019022300100246,2019년 2월 23일 11시,토요일,울산광역시 울주군 두서면,중상사고,0,1,0,0,차량단독 - 공작물충돌,안전운전불이행,건조,맑음,단일로 - 고가도로위,이륜,남,35세,중상,,,,
2019022300100282,2019년 2월 23일 12시,토요일,울산광역시 울주군 웅촌면,중상사고,0,1,0,0,차대사람 - 횡단중,보행자보호의무위반,건조,맑음,단일로 - 기타,승합,남,64세,상해없음,보행자,남,15세,중상
2019022300100323,2019년 2월 23일 13시,토요일,울산광역시 북구 진장동,경상사고,0,0,2,0,차대차 - 측면충돌,교차로운행방법위반,건조,맑음,교차로 - 교차로안,승합,남,41세,경상,승용,여,61세,경상
2019022300100609,2019년 2월 23일 23시,토요일,울산광역시 중구 남외동,부상신고사고,0,0,0,1,차대차 - 측면충돌,안전운전불이행,건조,맑음,교차로 - 교차로안,자전거,남,34세,부상신고,승용,여,28세,기타불명
2019022400100079,2019년 2월 24일 08시,일요일,울산광역시 중구 장현동,경상사고,0,0,1,1,차대차 - 기타,중앙선침범,건조,맑음,단일로 - 기타,이륜,남,43세,부상신고,승합,남,40세,경상
2019022400100208,2019년 2월 24일 13시,일요일,울산광역시 남구 무거동,중상사고,0,1,0,0,차대사람 - 길가장자리구역통행중,안전운전불이행,건조,맑음,교차로 - 교차로안,승용,남,49세,상해없음,보행자,남,13세,중상
2019022400100261,2019년 2월 24일 15시,일요일,울산광역시 동구 전하동,경상사고,0,0,1,0,차대차 - 측면충돌,안전운전불이행,건조,맑음,단일로 - 기타,승합,남,52세,상해없음,승용,여,26세,경상
2019022400100289,2019년 2월 24일 16시,일요일,울산광역시 울주군 삼남면,중상사고,0,1,1,0,차대차 - 추돌,안전거리미확보,건조,맑음,단일로 - 기타,이륜,남,50세,중상,승용,남,51세,경상
2019022400100375,2019년 2월 24일 19시,일요일,울산광역시 북구 연암동,경상사고,0,0,1,0,차대차 - 기타,안전운전불이행,건조,맑음,단일로 - 기타,승용,남,21세,상해없음,이륜,남,31세,경상
2019022400100376,2019년 2월 24일 19시,일요일,울산광역시 남구 신정동,중상사고,0,1,0,0,차대차 - 측면충돌,신호위반,건조,맑음,교차로 - 교차로부근,승용,여,39세,상해없음,이륜,남,50세,중상
2019022400100438,2019년 2월 24일 22시,일요일,울산광역시 남구 신정동,경상사고,0,0,1,1,차대차 - 추돌,안전운전불이행,건조,맑음,단일로 - 기타,승합,남,29세,상해없음,승용,남,23세,상해없음
2019022400100452,2019년 2월 24일 23시,일요일,울산광역시 울주군 온양읍,경상사고,0,0,1,0,차대사람 - 기타,안전운전불이행,건조,맑음,단일로 - 기타,승용,남,63세,상해없음,보행자,남,46세,경상
2019022500100032,2019년 2월 25일 01시,월요일,울산광역시 중구 복산동,경상사고,0,0,2,0,차대차 - 측면충돌,안전운전불이행,건조,맑음,교차로 - 교차로부근,승용,남,34세,상해없음,승용,남,63세,경상
2019022500100225,2019년 2월 25일 11시,월요일,울산광역시 남구 달동,경상사고,0,0,1,0,차량단독 - 기타,안전운전불이행,건조,맑음,단일로 - 기타,승합,남,46세,상해없음,,,,
2019022500100330,2019년 2월 25일 14시,월요일,울산광역시 중구 반구동,중상사고,0,1,0,0,차대사람 - 길가장자리구역통행중,안전운전불이행,건조,맑음,교차로 - 교차로안,승용,여,24세,상해없음,보행자,여,81세,중상
2019022500100331,2019년 2월 25일 14시,월요일,울산광역시 동구 방어동,경상사고,0,0,1,0,차대사람 - 기타,안전운전불이행,건조,맑음,단일로 - 기타,승합,남,49세,기타불명,보행자,여,63세,경상
2019022500100389,2019년 2월 25일 16시,월요일,울산광역시 중구 남외동,중상사고,0,1,1,0,차대차 - 측면충돌,교차로운행방법위반,건조,맑음,교차로 - 교차로안,승용,남,62세,상해없음,승용,여,49세,중상
2019022500100517,2019년 2월 25일 19시,월요일,울산광역시 중구 복산동,중상사고,0,1,0,0,차대차 - 측면충돌,안전운전불이행,건조,맑음,단일로 - 기타,승용,남,47세,상해없음,원동기,남,62세,중상
2019022500100605,2019년 2월 25일 23시,월요일,울산광역시 남구 무거동,경상사고,0,0,1,0,차대차 - 후진중충돌,안전운전불이행,건조,맑음,교차로 - 교차로안,승용,남,56세,상해없음,승용,남,25세,경상
2019022600100032,2019년 2월 26일 00시,화요일,울산광역시 북구 효문동,중상사고,0,1,0,0,차대차 - 측면충돌,불법유턴,건조,맑음,교차로 - 교차로안,승용,여,22세,상해없음,이륜,남,46세,중상
2019022600100156,2019년 2월 26일 09시,화요일,울산광역시 북구 매곡동,중상사고,0,3,4,0,차대차 - 추돌,안전운전불이행,건조,맑음,단일로 - 교량,화물,남,25세,중상,승용,여,55세,중상
2019022600100376,2019년 2월 26일 16시,화요일,울산광역시 남구 여천동,경상사고,0,0,1,0,차대차 - 측면충돌,안전거리미확보,건조,맑음,교차로 - 교차로안,특수,남,58세,상해없음,승용,남,50세,경상
2019022600100377,2019년 2월 26일 16시,화요일,울산광역시 울주군 범서읍,경상사고,0,0,2,0,차대차 - 추돌,안전운전불이행,건조,맑음,단일로 - 기타,승용,남,29세,상해없음,승용,남,43세,경상
2019022600100409,2019년 2월 26일 17시,화요일,울산광역시 남구 야음동,경상사고,0,0,1,0,차대차 - 측면충돌,안전운전불이행,건조,맑음,교차로 - 교차로부근,이륜,남,64세,경상,승용,여,24세,상해없음
2019022600100410,2019년 2월 26일 17시,화요일,울산광역시 북구 어물동,경상사고,0,0,1,0,차대차 - 기타,안전거리미확보,건조,맑음,단일로 - 기타,승용,남,58세,상해없음,승용,여,29세,경상
2019022600100448,2019년 2월 26일 18시,화요일,울산광역시 남구 여천동,경상사고,0,0,1,0,차대차 - 측면충돌,신호위반,건조,맑음,교차로 - 교차로부근,승용,남,56세,상해없음,승용,남,41세,경상
2019022600100449,2019년 2월 26일 18시,화요일,울산광역시 동구 방어동,중상사고,0,1,0,0,차대차 - 측면충돌,안전운전불이행,건조,맑음,교차로 - 교차로안,승용,여,44세,상해없음,이륜,남,49세,중상
2019022600100480,2019년 2월 26일 19시,화요일,울산광역시 북구 연암동,경상사고,0,0,1,0,차대차 - 측면충돌,차로위반,건조,맑음,단일로 - 기타,승합,남,53세,상해없음,승용,여,45세,경상
2019022600100528,2019년 2월 26일 21시,화요일,울산광역시 중구 복산동,중상사고,0,1,0,0,차대차 - 측면충돌,신호위반,건조,맑음,교차로 - 교차로안,화물,남,45세,상해없음,승용,남,60세,중상
2019022600100547,2019년 2월 26일 22시,화요일,울산광역시 중구 복산동,중상사고,0,1,1,0,차대차 - 측면충돌,중앙선침범,건조,맑음,교차로 - 교차로안,승용,남,37세,상해없음,승용,여,45세,중상
2019022600100548,2019년 2월 26일 22시,화요일,울산광역시 동구 방어동,경상사고,0,0,2,0,차대차 - 기타,중앙선침범,건조,맑음,단일로 - 기타,자전거,남,15세,경상,자전거,여,44세,경상
2019022700100062,2019년 2월 27일 05시,수요일,울산광역시 북구 진장동,사망사고,1,0,0,0,차대차 - 추돌,과속,건조,맑음,단일로 - 기타,화물,남,47세,상해없음,자전거,남,67세,사망
2019022700100081,2019년 2월 27일 06시,수요일,울산광역시 울주군 온산읍,중상사고,0,1,1,0,차대차 - 측면충돌,안전운전불이행,건조,맑음,교차로 - 교차로안,승용,남,44세,중상,건설기계,남,42세,경상
2019022700100092,2019년 2월 27일 07시,수요일,울산광역시 북구 양정동,경상사고,0,0,1,0,차대차 - 측면충돌,안전운전불이행,건조,흐림,단일로 - 기타,화물,남,27세,상해없음,승합,남,43세,경상
2019022700100128,2019년 2월 27일 08시,수요일,울산광역시 동구 화정동,경상사고,0,0,1,0,차대차 - 측면충돌,신호위반,건조,맑음,교차로 - 교차로안,승용,여,44세,상해없음,승용,남,64세,경상
2019022700100150,2019년 2월 27일 09시,수요일,울산광역시 동구 방어동,경상사고,0,0,1,0,차대차 - 측면충돌,안전운전불이행,건조,맑음,교차로 - 교차로안,승용,남,27세,기타불명,승용,여,54세,경상
2019022700100186,2019년 2월 27일 10시,수요일,울산광역시 남구 신정동,경상사고,0,0,1,0,차대차 - 추돌,안전운전불이행,건조,맑음,교차로 - 교차로안,건설기계,남,47세,상해없음,승용,여,49세,경상
2019022700100363,2019년 2월 27일 16시,수요일,울산광역시 남구 신정동,경상사고,0,0,1,0,차대차 - 측면충돌,안전운전불이행,건조,맑음,교차로 - 교차로안,승용,남,48세,상해없음,자전거,여,20세,경상
2019022700100396,2019년 2월 27일 17시,수요일,울산광역시 북구 염포동,중상사고,0,1,0,0,차대사람 - 기타,기타,건조,맑음,단일로 - 기타,승합,남,56세,상해없음,보행자,여,72세,중상
2019022800100038,2019년 2월 28일 00시,목요일,울산광역시 남구 신정동,중상사고,0,1,0,0,차대사람 - 횡단중,안전운전불이행,젖음/습기,비,단일로 - 기타,승용,남,61세,상해없음,보행자,남,32세,중상
2019022800100089,2019년 2월 28일 06시,목요일,울산광역시 중구 약사동,경상사고,0,0,1,0,차대차 - 추돌,안전운전불이행,건조,맑음,교차로 - 교차로부근,승용,남,24세,상해없음,승용,남,39세,경상
2019022800100090,2019년 2월 28일 06시,목요일,울산광역시 울주군 온산읍,중상사고,0,1,1,0,차대차 - 측면충돌,안전운전불이행,건조,맑음,단일로 - 기타,승용,남,24세,경상,승용,남,41세,중상
2019022800100141,2019년 2월 28일 08시,목요일,울산광역시 남구 두왕동,중상사고,0,1,1,0,차대차 - 추돌,신호위반,건조,맑음,교차로 - 교차로안,승용,남,32세,기타불명,승용,남,38세,경상
2019022800100142,2019년 2월 28일 08시,목요일,울산광역시 울주군 상북면,경상사고,0,0,1,0,차대사람 - 횡단중,안전운전불이행,건조,맑음,단일로 - 기타,기타불명,기타불명,미분류,기타불명,보행자,여,20세,경상
2019022800100162,2019년 2월 28일 09시,목요일,울산광역시 남구 신정동,경상사고,0,0,1,0,차대차 - 추돌,안전운전불이행,건조,맑음,단일로 - 지하차도(도로)내,승용,남,50세,상해없음,승용,남,40세,상해없음
2019022800100193,2019년 2월 28일 10시,목요일,울산광역시 울주군 온양읍,경상사고,0,0,2,0,차대차 - 측면충돌,교차로운행방법위반,건조,맑음,교차로 - 교차로안,승용,남,61세,경상,승합,남,35세,경상
2019022800100225,2019년 2월 28일 11시,목요일,울산광역시 남구 야음동,경상사고,0,0,1,1,차대차 - 측면충돌,신호위반,건조,맑음,교차로 - 교차로안,승용,남,64세,부상신고,화물,남,61세,경상
2019022800100269,2019년 2월 28일 12시,목요일,울산광역시 동구 방어동,경상사고,0,0,1,0,차대차 - 측면충돌,신호위반,건조,맑음,단일로 - 기타,이륜,남,61세,경상,승용,남,28세,상해없음
2019022800100296,2019년 2월 28일 13시,목요일,울산광역시 울주군 범서읍,중상사고,0,1,0,0,차대차 - 추돌,안전거리미확보,건조,맑음,교차로 - 교차로부근,승용,여,46세,상해없음,이륜,남,34세,중상
2019022800100475,2019년 2월 28일 18시,목요일,울산광역시 울주군 언양읍,경상사고,0,0,1,0,차대차 - 추돌,안전운전불이행,건조,맑음,단일로 - 지하차도(도로)내,승용,남,31세,경상,화물,남,56세,상해없음
2019022800100529,2019년 2월 28일 19시,목요일,울산광역시 북구 화봉동,경상사고,0,0,1,0,차대사람 - 기타,안전운전불이행,건조,맑음,단일로 - 기타,승용,여,52세,상해없음,보행자,여,60세,경상
2019022800100530,2019년 2월 28일 19시,목요일,울산광역시 남구 삼산동,경상사고,0,0,1,0,차대차 - 측면충돌,안전운전불이행,건조,맑음,단일로 - 기타,화물,남,48세,상해없음,이륜,남,41세,경상
2019030100100049,2019년 3월 1일 00시,금요일,울산광역시 남구 무거동,경상사고,0,0,1,0,차대차 - 측면충돌,안전운전불이행,건조,맑음,교차로 - 교차로안,승용,남,55세,상해없음,승용,남,59세,경상
2019030100100128,2019년 3월 1일 07시,금요일,울산광역시 북구 송정동,경상사고,0,0,1,0,차대차 - 측면충돌,교차로운행방법위반,건조,맑음,교차로 - 교차로안,승용,여,48세,상해없음,승용,남,41세,경상
2019030100100129,2019년 3월 1일 07시,금요일,울산광역시 북구 염포동,경상사고,0,0,1,0,차대차 - 측면충돌,안전운전불이행,건조,맑음,단일로 - 기타,이륜,남,38세,상해없음,승용,남,51세,경상
2019030100100156,2019년 3월 1일 09시,금요일,울산광역시 북구 명촌동,경상사고,0,0,1,0,차대차 - 추돌,안전운전불이행,건조,맑음,단일로 - 기타,승용,여,33세,상해없음,화물,남,36세,경상
2019030100100283,2019년 3월 1일 14시,금요일,울산광역시 중구 동동,경상사고,0,0,1,0,차대사람 - 횡단중,안전운전불이행,건조,맑음,단일로 - 기타,승용,여,52세,상해없음,보행자,여,62세,경상
2019030100100284,2019년 3월 1일 14시,금요일,울산광역시 남구 달동,중상사고,0,1,0,0,차대차 - 측면충돌,교차로운행방법위반,건조,맑음,교차로 - 교차로안,승용,남,28세,상해없음,이륜,남,42세,중상
2019030100100305,2019년 3월 1일 15시,금요일,울산광역시 북구 진장동,중상사고,0,1,0,0,차대차 - 추돌,안전거리미확보,건조,맑음,단일로 - 기타,승용,남,59세,상해없음,승용,남,59세,상해없음
2019030100100391,2019년 3월 1일 18시,금요일,울산광역시 울주군 범서읍,경상사고,0,0,1,0,차대차 - 추돌,안전거리미확보,건조,맑음,단일로 - 기타,특수,남,45세,상해없음,농기계,남,76세,경상
2019030100100446,2019년 3월 1일 20시,금요일,울산광역시 중구 남외동,경상사고,0,0,1,0,차대사람 - 기타,안전운전불이행,건조,맑음,교차로 - 교차로부근,승용,남,57세,상해없음,보행자,남,48세,경상
2019030100100464,2019년 3월 1일 21시,금요일,울산광역시 남구 달동,경상사고,0,0,1,0,차대사람 - 차도통행중,중앙선침범,건조,맑음,단일로 - 기타,승용,남,24세,상해없음,보행자,남,14세,경상
2019030100100465,2019년 3월 1일 21시,금요일,울산광역시 동구 일산동,중상사고,0,1,2,0,차대차 - 측면충돌,안전운전불이행,건조,맑음,교차로 - 교차로안,승용,여,16세,상해없음,승용,남,31세,중상
2019030200100081,2019년 3월 2일 06시,토요일,울산광역시 남구 달동,중상사고,0,1,0,0,차대사람 - 길가장자리구역통행중,안전운전불이행,건조,맑음,교차로 - 교차로부근,승용,남,25세,상해없음,보행자,여,20세,중상
2019030200100092,2019년 3월 2일 07시,토요일,울산광역시 동구 화정동,경상사고,0,0,1,0,차대차 - 측면충돌,안전운전불이행,기타,맑음,교차로 - 교차로안,특수,남,35세,상해없음,이륜,남,34세,경상
2019030200100337,2019년 3월 2일 17시,토요일,울산광역시 남구 삼산동,경상사고,0,0,1,0,차대차 - 측면충돌,안전운전불이행,건조,맑음,단일로 - 기타,승합,남,54세,상해없음,승용,남,63세,경상
2019030200100338,2019년 3월 2일 17시,토요일,울산광역시 동구 전하동,중상사고,0,1,0,0,차대차 - 측면충돌,안전운전불이행,건조,맑음,교차로 - 교차로안,승용,남,42세,상해없음,이륜,남,59세,중상
2019030200100339,2019년 3월 2일 17시,토요일,울산광역시 동구 화정동,경상사고,0,0,1,0,차대차 - 후진중충돌,안전운전불이행,건조,맑음,단일로 - 기타,승용,남,55세,상해없음,이륜,남,47세,경상
2019030200100464,2019년 3월 2일 21시,토요일,울산광역시 남구 달동,경상사고,0,0,1,0,차대차 - 측면충돌,직진우회전진행방해,건조,맑음,교차로 - 교차로안,승용,남,61세,상해없음,이륜,남,40세,경상
2019030300100077,2019년 3월 3일 06시,일요일,울산광역시 울주군 언양읍,중상사고,0,1,0,0,차대차 - 추돌,안전운전불이행,건조,맑음,단일로 - 기타,화물,남,47세,상해없음,승용,남,61세,상해없음
2019030300100125,2019년 3월 3일 11시,일요일,울산광역시 울주군 상북면,사망사고,1,0,0,0,차대차 - 측면충돌,교차로운행방법위반,건조,맑음,교차로 - 교차로안,농기계,남,49세,상해없음,이륜,남,42세,사망
2019030300100201,2019년 3월 3일 14시,일요일,울산광역시 동구 방어동,경상사고,0,0,1,0,차대차 - 측면충돌,직진우회전진행방해,건조,맑음,교차로 - 교차로안,승용,여,61세,상해없음,승용,남,42세,경상
2019030300100366,2019년 3월 3일 21시,일요일,울산광역시 남구 무거동,중상사고,0,1,0,0,차대사람 - 횡단중,안전운전불이행,건조,맑음,교차로 - 교차로횡단보도내,승용,남,57세,상해없음,보행자,남,61세,중상
2019030400100078,2019년 3월 4일 07시,월요일,울산광역시 남구 여천동,경상사고,0,0,1,0,차대차 - 기타,안전운전불이행,건조,맑음,교차로 - 교차로부근,승용,남,23세,상해없음,승용,남,58세,경상
2019030400100127,2019년 3월 4일 09시,월요일,울산광역시 중구 태화동,중상사고,0,1,1,0,차대차 - 기타,중앙선침범,건조,맑음,교차로 - 교차로안,승용,남,24세,상해없음,승용,여,48세,경상
2019030400100153,2019년 3월 4일 10시,월요일,울산광역시 동구 서부동,경상사고,0,0,1,0,차대사람 - 보도통행중,보행자보호의무위반,건조,맑음,단일로 - 기타,승용,여,35세,상해없음,보행자,여,58세,경상
2019030400100313,2019년 3월 4일 15시,월요일,울산광역시 중구 학성동,부상신고사고,0,0,0,1,차대차 - 추돌,안전운전불이행,건조,맑음,교차로 - 교차로안,자전거,남,50세,부상신고,승용,남,47세,상해없음
2019030400100387,2019년 3월 4일 17시,월요일,울산광역시 남구 삼산동,경상사고,0,0,1,0,차대차 - 추돌,기타,건조,맑음,단일로 - 지하차도(도로)내,승용,남,65세,상해없음,이륜,남,30세,경상
2019030400100434,2019년 3월 4일 18시,월요일,울산광역시 울주군 범서읍,경상사고,0,0,1,0,차대사람 - 기타,안전운전불이행,건조,맑음,단일로 - 기타,승용,여,33세,상해없음,보행자,남,83세,경상
2019030400100471,2019년 3월 4일 19시,월요일,울산광역시 남구 달동,중상사고,0,1,0,0,차대차 - 측면충돌,기타,건조,맑음,단일로 - 기타,승용,여,55세,상해없음,이륜,남,37세,중상
2019030400100554,2019년 3월 4일 23시,월요일,울산광역시 남구 옥동,중상사고,0,1,0,0,차대사람 - 차도통행중,안전운전불이행,건조,맑음,교차로 - 교차로부근,승용,남,65세,상해없음,보행자,남,20세,중상
2019030500100149,2019년 3월 5일 08시,화요일,울산광역시 남구 야음동,경상사고,0,0,2,0,차대차 - 측면충돌,안전운전불이행,건조,맑음,교차로 - 교차로안,승용,여,34세,상해없음,승용,남,47세,경상
2019030500100206,2019년 3월 5일 10시,화요일,울산광역시 남구 삼산동,경상사고,0,0,1,0,차대차 - 측면충돌,신호위반,건조,맑음,교차로 - 교차로안,승용,남,67세,상해없음,승용,남,33세,경상
2019030500100255,2019년 3월 5일 12시,화요일,울산광역시 북구 매곡동,중상사고,0,2,1,0,차대차 - 측면충돌,안전운전불이행,건조,맑음,단일로 - 기타,승용,여,41세,중상,승용,여,41세,기타불명
2019030500100276,2019년 3월 5일 13시,화요일,울산광역시 울주군 언양읍,중상사고,0,3,0,0,차대차 - 정면충돌,안전운전불이행,건조,맑음,교차로 - 교차로안,화물,남,60세,중상,화물,남,44세,중상
2019030500100392,2019년 3월 5일 17시,화요일,울산광역시 남구 옥동,부상신고사고,0,0,0,1,차대차 - 후진중충돌,안전운전불이행,건조,맑음,교차로 - 교차로안,승용,남,62세,상해없음,승용,여,40세,부상신고
2019030500100450,2019년 3월 5일 19시,화요일,울산광역시 울주군 범서읍,중상사고,0,1,1,0,차대사람 - 기타,보행자보호의무위반,건조,맑음,교차로 - 교차로부근,원동기,남,48세,경상,보행자,여,12세,중상
2019030500100492,2019년 3월 5일 21시,화요일,울산광역시 중구 복산동,경상사고,0,0,1,0,차대사람 - 기타,안전운전불이행,건조,맑음,교차로 - 교차로부근,승용,남,41세,상해없음,보행자,남,72세,경상
2019030500100513,2019년 3월 5일 22시,화요일,울산광역시 북구 염포동,경상사고,0,0,1,0,차대차 - 측면충돌,안전운전불이행,기타,맑음,단일로 - 기타,이륜,남,25세,상해없음,승용,여,36세,경상
2019030600100102,2019년 3월 6일 07시,수요일,울산광역시 북구 천곡동,부상신고사고,0,0,0,1,차대사람 - 횡단중,보행자보호의무위반,건조,맑음,교차로 - 교차로횡단보도내,기타불명,기타불명,미분류,기타불명,보행자,여,62세,부상신고
2019030600100103,2019년 3월 6일 07시,수요일,울산광역시 동구 전하동,경상사고,0,0,2,0,차대차 - 추돌,안전운전불이행,건조,맑음,단일로 - 기타,승용,남,25세,상해없음,승용,여,45세,경상
2019030600100182,2019년 3월 6일 09시,수요일,울산광역시 중구 우정동,경상사고,0,0,2,0,차대차 - 측면충돌,안전운전불이행,건조,맑음,단일로 - 기타,승용,남,67세,경상,승합,남,41세,경상
2019030600100183,2019년 3월 6일 09시,수요일,울산광역시 남구 무거동,경상사고,0,0,1,0,차대차 - 측면충돌,안전운전불이행,젖음/습기,비,교차로 - 교차로안,승용,남,23세,상해없음,승용,여,40세,경상
2019030600100331,2019년 3월 6일 14시,수요일,울산광역시 남구 달동,경상사고,0,0,3,0,차대차 - 추돌,안전운전불이행,건조,맑음,단일로 - 기타,화물,남,65세,상해없음,승용,남,31세,경상
2019030600100332,2019년 3월 6일 14시,수요일,울산광역시 남구 옥동,경상사고,0,0,1,0,차대사람 - 횡단중,안전운전불이행,건조,맑음,단일로 - 기타,승용,여,28세,상해없음,보행자,남,8세,경상
2019030600100356,2019년 3월 6일 16시,수요일,울산광역시 울주군 삼남면,사망사고,1,1,0,0,차대차 - 추돌,안전거리미확보,건조,맑음,단일로 - 기타,승용,남,21세,사망,특수,남,71세,중상
2019030600100413,2019년 3월 6일 17시,수요일,울산광역시 동구 전하동,중상사고,0,1,0,0,차대차 - 후진중충돌,안전운전불이행,건조,맑음,교차로 - 교차로안,화물,남,55세,상해없음,이륜,남,40세,상해없음
2019030600100450,2019년 3월 6일 18시,수요일,울산광역시 북구 연암동,경상사고,0,0,1,0,차대차 - 측면충돌,교차로운행방법위반,건조,맑음,교차로 - 교차로안,승용,남,51세,상해없음,승용,남,43세,경상