사고번호,사고일시,요일,시군구,사고내용,사망자수,중상자수,경상자수,부상신고자수,사고유형,법규위반,노면상태,기상상태,도로형태,가해운전자 차종,가해운전자 성별,가해운전자 연령,가해운전자 상해정도,피해운전자 차종,피해운전자 성별,피해운전자 연령,피해운전자 상해정도
2019030600100559,2019년 3월 6일 21시,수요일,울산광역시 울주군 언양읍,경상사고,0,0,3,0,차대차 - 기타,안전거리미확보,건조,맑음,교차로 - 교차로부근,승용,여,59세,경상,승용,여,47세,경상
2019030700100206,2019년 3월 7일 10시,목요일,울산광역시 울주군 언양읍,경상사고,0,0,2,0,차대차 - 측면충돌,신호위반,건조,맑음,교차로 - 교차로안,승용,남,46세,상해없음,승용,남,32세,경상
2019030700100207,2019년 3월 7일 10시,목요일,울산광역시 울주군 언양읍,경상사고,0,0,1,0,차대차 - 측면충돌,안전운전불이행,건조,맑음,단일로 - 기타,승용,남,46세,상해없음,승용,남,43세,경상
2019030700100263,2019년 3월 7일 12시,목요일,울산광역시 울주군 서생면,경상사고,0,0,2,2,차대차 - 측면충돌,중앙선침범,건조,맑음,단일로 - 기타,승용,남,50세,부상신고,승용,여,38세,경상
2019030700100393,2019년 3월 7일 16시,목요일,울산광역시 동구 전하동,경상사고,0,0,1,0,차대차 - 기타,안전거리미확보,건조,맑음,단일로 - 기타,기타불명,기타불명,미분류,기타불명,이륜,남,25세,경상
2019030700100429,2019년 3월 7일 17시,목요일,울산광역시 남구 신정동,경상사고,0,0,2,0,차대차 - 추돌,기타,건조,맑음,단일로 - 지하차도(도로)내,승용,여,43세,경상,이륜,남,33세,경상
2019030700100430,2019년 3월 7일 17시,목요일,울산광역시 울주군 온산읍,중상사고,0,1,0,0,차대차 - 기타,교차로운행방법위반,건조,맑음,교차로 - 교차로안,승용,남,46세,상해없음,이륜,남,29세,중상
2019030700100431,2019년 3월 7일 17시,목요일,울산광역시 울주군 언양읍,경상사고,0,0,1,0,차대차 - 기타,안전운전불이행,건조,맑음,기타 - 기타,승용,여,59세,상해없음,자전거,남,11세,경상
2019030700100524,2019년 3월 7일 19시,목요일,울산광역시 중구 태화동,경상사고,0,0,1,0,차대사람 - 횡단중,보행자보호의무위반,건조,맑음,교차로 - 교차로횡단보도내,승용,남,64세,상해없음,보행자,남,41세,경상
2019030800100040,2019년 3월 8일 02시,금요일,울산광역시 남구 삼산동,경상사고,0,0,1,0,차량단독 - 기타,안전운전불이행,건조,맑음,교차로 - 교차로안,이륜,남,33세,경상,,,,
2019030800100052,2019년 3월 8일 04시,금요일,울산광역시 남구 달동,중상사고,0,1,0,0,차대사람 - 횡단중,신호위반,건조,맑음,교차로 - 교차로부근,승용,남,69세,상해없음,보행자,여,26세,중상
2019030800100112,2019년 3월 8일 07시,금요일,울산광역시 남구 야음동,중상사고,0,1,0,0,차대차 - 추돌,안전운전불이행,건조,맑음,단일로 - 기타,승용,여,60세,상해없음,승용,여,46세,중상
2019030800100113,2019년 3월 8일 07시,금요일,울산광역시 동구 동부동,경상사고,0,0,1,0,차대차 - 측면충돌,중앙선침범,건조,맑음,교차로 - 교차로안,자전거,남,46세,경상,이륜,남,42세,상해없음
2019030800100114,2019년 3월 8일 07시,금요일,울산광역시 동구 방어동,경상사고,0,0,1,0,차대사람 - 기타,안전운전불이행,건조,맑음,단일로 - 기타,화물,남,62세,상해없음,보행자,여,58세,경상
2019030800100115,2019년 3월 8일 07시,금요일,울산광역시 동구 서부동,경상사고,0,0,1,0,차대차 - 측면충돌,안전운전불이행,건조,맑음,교차로 - 교차로안,이륜,남,35세,경상,승용,남,55세,상해없음
2019030800100332,2019년 3월 8일 12시,금요일,울산광역시 동구 화정동,중상사고,0,1,0,0,차대차 - 추돌,안전운전불이행,건조,맑음,교차로 - 교차로부근,이륜,남,20세,중상,승합,남,60세,상해없음
2019030800100363,2019년 3월 8일 13시,금요일,울산광역시 남구 삼산동,중상사고,0,1,0,0,차대차 - 추돌,안전운전불이행,건조,맑음,단일로 - 기타,승용,여,44세,상해없음,자전거,여,58세,중상
2019030800100395,2019년 3월 8일 14시,금요일,울산광역시 북구 명촌동,중상사고,0,1,0,0,차대차 - 기타,안전운전불이행,건조,맑음,교차로 - 교차로안,화물,남,47세,상해없음,자전거,남,60세,중상
2019030800100396,2019년 3월 8일 14시,금요일,울산광역시 남구 무거동,중상사고,0,1,1,0,차대차 - 추돌,안전거리미확보,건조,맑음,단일로 - 기타,건설기계,남,54세,상해없음,승용,여,60세,상해없음
2019030800100431,2019년 3월 8일 15시,금요일,울산광역시 중구 반구동,중상사고,0,1,0,0,차대사람 - 기타,안전운전불이행,건조,맑음,교차로 - 교차로안,승용,여,53세,상해없음,보행자,남,63세,중상
2019030800100576,2019년 3월 8일 18시,금요일,울산광역시 울주군 온산읍,중상사고,0,1,0,0,차대차 - 기타,교차로운행방법위반,건조,맑음,교차로 - 교차로안,승용,남,38세,상해없음,이륜,남,18세,중상
2019030800100629,2019년 3월 8일 19시,금요일,울산광역시 남구 삼산동,경상사고,0,0,1,0,차대사람 - 차도통행중,안전운전불이행,건조,맑음,교차로 - 교차로안,승용,여,27세,상해없음,보행자,여,22세,경상
2019030800100689,2019년 3월 8일 21시,금요일,울산광역시 중구 남외동,중상사고,0,1,0,0,차대차 - 측면충돌,안전운전불이행,건조,맑음,교차로 - 교차로안,이륜,남,40세,상해없음,이륜,남,25세,중상
2019030800100713,2019년 3월 8일 22시,금요일,울산광역시 남구 여천동,경상사고,0,0,1,0,차대차 - 추돌,안전운전불이행,건조,맑음,교차로 - 교차로부근,승용,남,44세,상해없음,승용,여,39세,경상
2019030900100116,2019년 3월 9일 06시,토요일,울산광역시 동구 화정동,경상사고,0,0,1,0,차대차 - 측면충돌,안전거리미확보,건조,맑음,교차로 - 교차로부근,승용,남,31세,상해없음,승용,남,49세,경상
2019030900100135,2019년 3월 9일 07시,토요일,울산광역시 동구 방어동,경상사고,0,0,1,0,차대사람 - 기타,안전운전불이행,건조,맑음,교차로 - 교차로부근,승용,여,53세,상해없음,보행자,남,27세,경상
2019030900100164,2019년 3월 9일 08시,토요일,울산광역시 북구 연암동,중상사고,0,1,2,1,차대차 - 측면충돌,신호위반,건조,맑음,교차로 - 교차로안,승용,여,53세,부상신고,승용,남,30세,중상
2019030900100217,2019년 3월 9일 10시,토요일,울산광역시 울주군 웅촌면,경상사고,0,0,1,0,차량단독 - 공작물충돌,안전운전불이행,건조,맑음,단일로 - 기타,승용,남,31세,경상,,,,
2019030900100346,2019년 3월 9일 14시,토요일,울산광역시 남구 삼산동,경상사고,0,0,1,0,차대사람 - 보도통행중,기타,건조,맑음,단일로 - 기타,화물,남,42세,상해없음,보행자,여,14세,경상
2019030900100384,2019년 3월 9일 15시,토요일,울산광역시 동구 서부동,중상사고,0,1,0,0,차대사람 - 기타,안전운전불이행,건조,맑음,단일로 - 기타,승합,남,58세,상해없음,보행자,여,76세,중상
2019030900100469,2019년 3월 9일 17시,토요일,울산광역시 남구 신정동,중상사고,0,1,0,0,차대사람 - 길가장자리구역통행중,안전운전불이행,건조,맑음,단일로 - 기타,승용,여,47세,상해없음,보행자,여,21세,중상
2019030900100610,2019년 3월 9일 21시,토요일,울산광역시 남구 무거동,경상사고,0,0,2,0,차대차 - 추돌,신호위반,건조,맑음,교차로 - 교차로안,승용,남,70세,상해없음,이륜,남,16세,경상
2019031000100062,2019년 3월 10일 02시,일요일,울산광역시 남구 삼산동,경상사고,0,0,1,0,차대차 - 추돌,안전운전불이행,건조,맑음,단일로 - 지하차도(도로)내,이륜,남,26세,경상,승용,남,60세,상해없음
2019031000100105,2019년 3월 10일 06시,일요일,울산광역시 남구 달동,경상사고,0,0,1,0,차대사람 - 횡단중,보행자보호의무위반,젖음/습기,비,교차로 - 교차로횡단보도내,승용,남,53세,상해없음,보행자,여,62세,경상
2019031000100163,2019년 3월 10일 11시,일요일,울산광역시 북구 산하동,경상사고,0,0,2,0,차대차 - 측면충돌,안전운전불이행,젖음/습기,비,교차로 - 교차로안,화물,남,63세,경상,승용,남,49세,경상
2019031000100235,2019년 3월 10일 14시,일요일,울산광역시 동구 방어동,경상사고,0,0,1,0,차대차 - 측면충돌,직진우회전진행방해,젖음/습기,비,교차로 - 교차로안,승용,남,54세,상해없음,승용,남,40세,경상
2019031000100267,2019년 3월 10일 15시,일요일,울산광역시 남구 무거동,경상사고,0,0,1,0,차대사람 - 횡단중,보행자보호의무위반,젖음/습기,비,교차로 - 교차로횡단보도내,승용,여,24세,상해없음,보행자,남,11세,경상
2019031000100429,2019년 3월 10일 20시,일요일,울산광역시 울주군 온양읍,중상사고,0,1,0,0,차대차 - 측면충돌,안전운전불이행,건조,맑음,교차로 - 교차로안,승용,남,58세,상해없음,이륜,남,17세,중상
2019031000100458,2019년 3월 10일 21시,일요일,울산광역시 중구 성안동,경상사고,0,0,1,0,차대차 - 측면충돌,안전운전불이행,건조,맑음,단일로 - 기타,승용,남,64세,상해없음,이륜,남,22세,경상
2019031100100024,2019년 3월 11일 00시,월요일,울산광역시 동구 화정동,경상사고,0,0,2,0,차대차 - 추돌,직진우회전진행방해,건조,맑음,교차로 - 교차로안,승용,남,62세,상해없음,승용,남,49세,경상
2019031100100095,2019년 3월 11일 07시,월요일,울산광역시 북구 매곡동,중상사고,0,1,0,0,차대사람 - 횡단중,중앙선침범,건조,맑음,단일로 - 기타,승용,여,61세,상해없음,보행자,여,63세,중상
2019031100100149,2019년 3월 11일 08시,월요일,울산광역시 남구 신정동,경상사고,0,0,1,0,차대차 - 측면충돌,안전운전불이행,건조,맑음,교차로 - 교차로안,승용,남,27세,경상,화물,여,55세,상해없음
2019031100100150,2019년 3월 11일 08시,월요일,울산광역시 울주군 상북면,경상사고,0,0,1,0,차대차 - 측면충돌,신호위반,건조,맑음,교차로 - 교차로안,화물,남,49세,상해없음,승용,남,36세,경상
2019031100100214,2019년 3월 11일 11시,월요일,울산광역시 남구 달동,부상신고사고,0,0,0,1,차대차 - 측면충돌,불법유턴,건조,맑음,교차로 - 교차로안,자전거,여,56세,부상신고,이륜,남,39세,상해없음
2019031100100308,2019년 3월 11일 14시,월요일,울산광역시 동구 방어동,경상사고,0,0,1,0,차대사람 - 기타,안전운전불이행,건조,맑음,단일로 - 기타,기타불명,기타불명,미분류,기타불명,보행자,남,58세,경상
2019031100100309,2019년 3월 11일 14시,월요일,울산광역시 울주군 삼남면,경상사고,0,0,1,0,차대사람 - 횡단중,안전운전불이행,건조,맑음,단일로 - 기타,승용,여,42세,상해없음,보행자,남,69세,경상
2019031100100342,2019년 3월 11일 15시,월요일,울산광역시 울주군 범서읍,경상사고,0,0,1,0,차대차 - 측면충돌,교차로운행방법위반,건조,맑음,교차로 - 교차로안,승용,남,76세,상해없음,승용,남,46세,경상
2019031100100376,2019년 3월 11일 16시,월요일,울산광역시 북구 송정동,경상사고,0,0,1,1,차대차 - 측면충돌,차로위반,건조,맑음,교차로 - 교차로안,승용,여,53세,부상신고,승용,남,38세,경상
2019031100100377,2019년 3월 11일 16시,월요일,울산광역시 남구 무거동,중상사고,0,1,0,0,차대사람 - 기타,안전운전불이행,건조,맑음,단일로 - 기타,자전거,여,24세,중상,보행자,남,71세,상해없음
2019031100100378,2019년 3월 11일 16시,월요일,울산광역시 울주군 두동면,경상사고,0,0,1,0,차대차 - 정면충돌,중앙선침범,건조,맑음,단일로 - 기타,승용,남,69세,상해없음,승용,남,69세,경상
2019031100100452,2019년 3월 11일 18시,월요일,울산광역시 울주군 온산읍,중상사고,0,2,0,0,차대차 - 기타,안전거리미확보,건조,맑음,단일로 - 기타,승용,남,35세,상해없음,이륜,남,27세,중상
2019031100100561,2019년 3월 11일 21시,월요일,울산광역시 남구 달동,경상사고,0,0,1,0,차대사람 - 기타,안전운전불이행,건조,맑음,단일로 - 기타,특수,남,23세,상해없음,보행자,남,47세,경상
2019031100100582,2019년 3월 11일 22시,월요일,울산광역시 북구 진장동,중상사고,0,2,1,0,차대차 - 측면충돌,신호위반,건조,맑음,교차로 - 교차로안,승용,여,23세,중상,승용,남,60세,중상
2019031200100276,2019년 3월 12일 13시,화요일,울산광역시 북구 염포동,경상사고,0,0,1,0,차대차 - 추돌,안전운전불이행,기타,맑음,교차로 - 교차로부근,승용,남,46세,상해없음,승용,남,56세,경상
2019031200100340,2019년 3월 12일 15시,화요일,울산광역시 울주군 삼남면,중상사고,0,1,1,0,차대차 - 기타,신호위반,건조,맑음,교차로 - 교차로안,승용,남,76세,중상,승용,남,49세,경상
2019031200100416,2019년 3월 12일 17시,화요일,울산광역시 북구 염포동,중상사고,0,1,0,0,차대차 - 측면충돌,안전운전불이행,건조,맑음,단일로 - 기타,이륜,남,68세,중상,승용,남,61세,상해없음
2019031200100460,2019년 3월 12일 18시,화요일,울산광역시 남구 신정동,경상사고,0,0,1,0,차대차 - 측면충돌,안전운전불이행,건조,맑음,교차로 - 교차로안,승용,남,23세,상해없음,이륜,남,39세,경상
2019031200100461,2019년 3월 12일 18시,화요일,울산광역시 남구 신정동,중상사고,0,1,1,0,차대차 - 측면충돌,안전운전불이행,건조,맑음,교차로 - 교차로안,승용,여,60세,상해없음,승용,남,32세,중상
2019031200100562,2019년 3월 12일 21시,화요일,울산광역시 중구 성안동,경상사고,0,0,1,0,차대사람 - 차도통행중,신호위반,젖음/습기,비,교차로 - 교차로안,승용,남,55세,상해없음,보행자,여,21세,경상
2019031200100563,2019년 3월 12일 21시,화요일,울산광역시 남구 신정동,경상사고,0,0,1,0,차대사람 - 기타,안전운전불이행,젖음/습기,비,단일로 - 기타,승용,남,25세,상해없음,보행자,남,52세,경상
2019031200100564,2019년 3월 12일 21시,화요일,울산광역시 남구 달동,경상사고,0,0,2,0,차대차 - 추돌,안전운전불이행,젖음/습기,비,교차로 - 교차로부근,승용,여,47세,상해없음,승용,여,39세,경상
2019031200100565,2019년 3월 12일 21시,화요일,울산광역시 남구 달동,경상사고,0,0,1,0,차대사람 - 횡단중,안전운전불이행,젖음/습기,비,단일로 - 기타,승용,남,54세,상해없음,보행자,남,59세,경상
2019031300100096,2019년 3월 13일 07시,수요일,울산광역시 남구 여천동,중상사고,0,1,0,0,차대차 - 측면충돌,안전운전불이행,건조,맑음,교차로 - 교차로부근,승용,남,46세,상해없음,승용,남,45세,중상
2019031300100307,2019년 3월 13일 13시,수요일,울산광역시 북구 매곡동,중상사고,0,1,0,0,차대사람 - 횡단중,중앙선침범,건조,맑음,단일로 - 기타,화물,남,36세,상해없음,보행자,남,80세,중상
2019031300100346,2019년 3월 13일 14시,수요일,울산광역시 남구 두왕동,중상사고,0,1,2,0,차대차 - 추돌,안전운전불이행,건조,맑음,단일로 - 기타,화물,남,61세,상해없음,승용,남,60세,중상
2019031300100376,2019년 3월 13일 15시,수요일,울산광역시 북구 효문동,중상사고,0,1,0,0,차대차 - 측면충돌,중앙선침범,건조,맑음,단일로 - 기타,승용,남,21세,상해없음,이륜,남,52세,중상
2019031300100421,2019년 3월 13일 16시,수요일,울산광역시 북구 염포동,경상사고,0,0,3,0,차대차 - 측면충돌,안전운전불이행,건조,맑음,단일로 - 기타,승용,여,53세,상해없음,승용,남,24세,경상
2019031300100499,2019년 3월 13일 18시,수요일,울산광역시 남구 신정동,경상사고,0,0,1,0,차대차 - 측면충돌,교차로운행방법위반,건조,맑음,교차로 - 교차로안,이륜,남,31세,경상,승용,남,31세,상해없음
2019031300100500,2019년 3월 13일 18시,수요일,울산광역시 동구 방어동,경상사고,0,0,1,0,차대사람 - 보도통행중,보행자보호의무위반,건조,맑음,단일로 - 기타,승용,남,34세,상해없음,보행자,여,5세,경상
2019031300100545,2019년 3월 13일 19시,수요일,울산광역시 중구 성남동,중상사고,0,1,0,0,차대사람 - 횡단중,안전운전불이행,건조,맑음,단일로 - 기타,화물,남,56세,상해없음,보행자,여,61세,중상
2019031300100546,2019년 3월 13일 19시,수요일,울산광역시 중구 약사동,경상사고,0,0,1,0,차대차 - 추돌,안전운전불이행,건조,맑음,단일로 - 기타,승용,남,38세,상해없음,승합,남,49세,경상
2019031300100577,2019년 3월 13일 20시,수요일,울산광역시 중구 학성동,경상사고,0,0,1,0,차대사람 - 차도통행중,안전운전불이행,건조,맑음,단일로 - 기타,승용,남,41세,상해없음,보행자,여,64세,경상
2019031300100638,2019년 3월 13일 22시,수요일,울산광역시 남구 신정동,중상사고,0,1,0,0,차대사람 - 횡단중,신호위반,건조,맑음,교차로 - 교차로횡단보도내,승용,여,32세,상해없음,보행자,여,50세,중상
2019031300100665,2019년 3월 13일 23시,수요일,울산광역시 중구 서동,경상사고,0,0,1,1,차대차 - 측면충돌,신호위반,건조,맑음,단일로 - 기타,승용,남,65세,부상신고,승용,여,46세,경상
2019031400100070,2019년 3월 14일 05시,목요일,울산광역시 울주군 청량읍,사망사고,1,0,0,0,차대사람 - 횡단중,안전운전불이행,건조,맑음,교차로 - 교차로부근,승용,남,69세,상해없음,보행자,여,77세,사망
2019031400100107,2019년 3월 14일 07시,목요일,울산광역시 동구 전하동,중상사고,0,1,0,0,차대차 - 추돌,안전거리미확보,건조,맑음,단일로 - 기타,이륜,남,31세,상해없음,이륜,남,38세,중상
2019031400100108,2019년 3월 14일 07시,목요일,울산광역시 울주군 범서읍,경상사고,0,0,1,0,차대사람 - 보도통행중,보행자보호의무위반,건조,맑음,교차로 - 교차로횡단보도내,승용,남,45세,상해없음,보행자,남,15세,경상
2019031400100201,2019년 3월 14일 09시,목요일,울산광역시 북구 신현동,경상사고,0,0,1,0,차대차 - 정면충돌,안전운전불이행,건조,맑음,단일로 - 기타,승용,남,67세,상해없음,화물,남,35세,경상
2019031400100255,2019년 3월 14일 11시,목요일,울산광역시 울주군 온산읍,경상사고,0,0,1,0,차대차 - 측면충돌,신호위반,건조,맑음,교차로 - 교차로안,승용,남,59세,상해없음,승용,남,44세,경상
2019031400100374,2019년 3월 14일 15시,목요일,울산광역시 남구 신정동,경상사고,0,0,1,0,차대차 - 기타,신호위반,건조,맑음,단일로 - 기타,승용,남,50세,상해없음,승합,남,47세,상해없음
2019031400100487,2019년 3월 14일 18시,목요일,울산광역시 울주군 상북면,부상신고사고,0,0,0,2,차량단독 - 공작물충돌,안전운전불이행,건조,맑음,단일로 - 기타,승용,남,66세,부상신고,,,,
2019031400100591,2019년 3월 14일 21시,목요일,울산광역시 북구 호계동,중상사고,0,1,0,0,차대차 - 측면충돌,안전거리미확보,건조,맑음,단일로 - 기타,승용,남,47세,상해없음,이륜,남,18세,중상
2019031400100592,2019년 3월 14일 21시,목요일,울산광역시 동구 화정동,경상사고,0,0,1,0,차대차 - 측면충돌,안전운전불이행,건조,맑음,단일로 - 기타,승용,남,66세,상해없음,이륜,남,41세,경상
2019031400100618,2019년 3월 14일 22시,목요일,울산광역시 남구 달동,중상사고,0,1,0,0,차대차 - 추돌,안전운전불이행,건조,맑음,단일로 - 기타,승용,남,46세,상해없음,승용,남,56세,중상
2019031500100159,2019년 3월 15일 08시,금요일,울산광역시 울주군 범서읍,경상사고,0,0,2,0,차대차 - 기타,안전거리미확보,건조,맑음,단일로 - 기타,승용,여,48세,상해없음,승용,여,25세,경상
2019031500100305,2019년 3월 15일 13시,금요일,울산광역시 북구 효문동,경상사고,0,0,1,0,차대사람 - 길가장자리구역통행중,안전운전불이행,건조,맑음,단일로 - 기타,승합,남,47세,상해없음,보행자,여,32세,경상
2019031500100306,2019년 3월 15일 13시,금요일,울산광역시 울주군 청량읍,경상사고,0,0,2,0,차량단독 - 기타,안전운전불이행,건조,맑음,단일로 - 기타,이륜,남,15세,경상,,,,
2019031500100342,2019년 3월 15일 14시,금요일,울산광역시 남구 삼산동,중상사고,0,1,0,0,차량단독 - 기타,기타,건조,맑음,단일로 - 기타,승합,남,48세,상해없음,,,,
2019031500100433,2019년 3월 15일 16시,금요일,울산광역시 북구 연암동,경상사고,0,0,1,0,차대차 - 측면충돌,교차로운행방법위반,건조,맑음,교차로 - 교차로안,승용,남,25세,상해없음,화물,남,60세,경상
2019031500100434,2019년 3월 15일 16시,금요일,울산광역시 남구 신정동,경상사고,0,0,1,0,차대차 - 측면충돌,안전거리미확보,건조,맑음,단일로 - 기타,승용,여,41세,상해없음,승용,여,42세,경상
2019031500100480,2019년 3월 15일 17시,금요일,울산광역시 북구 신천동,부상신고사고,0,0,0,1,차대차 - 추돌,안전거리미확보,건조,맑음,단일로 - 기타,승용,남,32세,부상신고,승용,남,54세,상해없음
2019031500100537,2019년 3월 15일 18시,금요일,울산광역시 울주군 언양읍,경상사고,0,0,1,0,차대차 - 기타,안전운전불이행,건조,맑음,교차로 - 교차로부근,승용,여,57세,상해없음,승용,남,61세,경상
2019031500100592,2019년 3월 15일 19시,금요일,울산광역시 남구 삼산동,경상사고,0,0,1,0,차대사람 - 횡단중,안전운전불이행,건조,맑음,교차로 - 교차로부근,승용,여,22세,상해없음,보행자,남,23세,경상
2019031500100677,2019년 3월 15일 21시,금요일,울산광역시 중구 남외동,중상사고,0,1,1,0,차대사람 - 횡단중,안전운전불이행,젖음/습기,비,단일로 - 기타,화물,남,33세,상해없음,보행자,여,15세,경상
2019031500100678,2019년 3월 15일 21시,금요일,울산광역시 북구 진장동,경상사고,0,0,1,0,차대사람 - 횡단중,안전운전불이행,젖음/습기,비,교차로 - 교차로안,승용,남,64세,상해없음,보행자,남,23세,경상
2019031500100679,2019년 3월 15일 21시,금요일,울산광역시 남구 달동,중상사고,0,1,0,0,차대사람 - 횡단중,보행자보호의무위반,젖음/습기,비,교차로 - 교차로부근,승용,여,54세,상해없음,보행자,여,19세,중상
2019031500100680,2019년 3월 15일 21시,금요일,울산광역시 동구 전하동,경상사고,0,0,1,0,차대차 - 측면충돌,신호위반,건조,맑음,교차로 - 교차로안,승용,남,48세,상해없음,이륜,남,35세,경상
2019031500100736,2019년 3월 15일 23시,금요일,울산광역시 남구 무거동,경상사고,0,0,1,0,차대차 - 측면충돌,차로위반,건조,맑음,단일로 - 기타,승용,남,58세,상해없음,승용,남,25세,상해없음
2019031600100064,2019년 3월 16일 01시,토요일,울산광역시 남구 신정동,경상사고,0,0,1,0,차대차 - 추돌,안전운전불이행,건조,맑음,교차로 - 교차로부근,승용,남,44세,상해없음,승용,남,61세,경상
2019031600100077,2019년 3월 16일 02시,토요일,울산광역시 남구 여천동,중상사고,0,1,0,0,차대차 - 측면충돌,신호위반,건조,맑음,교차로 - 교차로안,승용,남,27세,상해없음,승용,남,65세,중상
2019031600100163,2019년 3월 16일 08시,토요일,울산광역시 울주군 범서읍,경상사고,0,0,1,1,차대차 - 정면충돌,신호위반,건조,맑음,교차로 - 교차로안,승용,여,61세,부상신고,승용,남,30세,경상
2019031600100222,2019년 3월 16일 10시,토요일,울산광역시 중구 학산동,부상신고사고,0,0,0,1,차대차 - 기타,안전운전불이행,건조,맑음,교차로 - 교차로부근,이륜,남,63세,부상신고,승용,남,64세,상해없음
2019031600100223,2019년 3월 16일 10시,토요일,울산광역시 남구 신정동,경상사고,0,0,1,0,차대차 - 측면충돌,중앙선침범,건조,맑음,단일로 - 기타,자전거,남,74세,경상,승용,여,27세,상해없음
2019031600100261,2019년 3월 16일 11시,토요일,울산광역시 남구 무거동,경상사고,0,0,1,0,차대차 - 추돌,안전거리미확보,건조,맑음,단일로 - 지하차도(도로)내,건설기계,남,58세,상해없음,이륜,남,66세,경상
2019031600100412,2019년 3월 16일 15시,토요일,울산광역시 울주군 언양읍,중상사고,0,1,0,0,차량단독 - 기타,기타,건조,맑음,단일로 - 기타,승합,남,56세,상해없음,,,,
2019031600100448,2019년 3월 16일 16시,토요일,울산광역시 울주군 범서읍,중상사고,0,2,3,0,차대차 - 기타,신호위반,건조,맑음,교차로 - 교차로안,승용,여,68세,경상,승용,여,49세,경상
2019031600100540,2019년 3월 16일 19시,토요일,울산광역시 남구 신정동,경상사고,0,0,1,0,차대차 - 기타,안전운전불이행,건조,맑음,교차로 - 교차로안,승용,여,56세,상해없음,승용,여,58세,경상
2019031600100567,2019년 3월 16일 20시,토요일,울산광역시 울주군 온양읍,경상사고,0,0,1,0,차대사람 - 길가장자리구역통행중,안전운전불이행,건조,맑음,단일로 - 기타,승합,남,60세,상해없음,보행자,여,55세,경상
2019031700100033,2019년 3월 17일 00시,일요일,울산광역시 북구 호계동,경상사고,0,0,1,0,차대차 - 정면충돌,안전운전불이행,건조,맑음,단일로 - 기타,승용,남,27세,상해없음,자전거,남,50세,경상
2019031700100066,2019년 3월 17일 02시,일요일,울산광역시 중구 남외동,경상사고,0,0,2,0,차대차 - 측면충돌,신호위반,건조,맑음,교차로 - 교차로안,이륜,남,36세,기타불명,승용,여,55세,경상
2019031700100142,2019년 3월 17일 09시,일요일,울산광역시 울주군 온양읍,경상사고,0,0,1,0,차대차 - 추돌,안전거리미확보,건조,맑음,단일로 - 지하차도(도로)내,승용,남,58세,상해없음,승용,여,49세,경상
2019031700100358,2019년 3월 17일 16시,일요일,울산광역시 북구 달천동,경상사고,0,0,1,0,차대차 - 측면충돌,안전운전불이행,건조,맑음,단일로 - 기타,자전거,남,13세,경상,승합,남,46세,상해없음
2019031700100359,2019년 3월 17일 16시,일요일,울산광역시 동구 서부동,중상사고,0,1,0,0,차대차 - 추돌,신호위반,건조,맑음,교차로 - 교차로부근,승용,남,52세,상해없음,이륜,남,47세,중상
2019031700100459,2019년 3월 17일 20시,일요일,울산광역시 북구 산하동,중상사고,0,1,1,1,차대차 - 측면충돌,신호위반,건조,맑음,교차로 - 교차로안,승용,남,33세,상해없음,승용,남,33세,경상
2019031700100502,2019년 3월 17일 22시,일요일,울산광역시 북구 신천동,경상사고,0,0,1,0,차대사람 - 횡단중,신호위반,건조,맑음,교차로 - 교차로횡단보도내,승용,여,30세,상해없음,보행자,남,16세,경상
2019031800100188,2019년 3월 18일 09시,월요일,울산광역시 중구 복산동,경상사고,0,0,1,0,차대차 - 기타,신호위반,건조,맑음,단일로 - 지하차도(도로)내,승용,여,48세,상해없음,승용,남,28세,경상
2019031800100212,2019년 3월 18일 10시,월요일,울산광역시 남구 신정동,중상사고,0,1,0,0,차대차 - 측면충돌,안전운전불이행,건조,맑음,단일로 - 기타,이륜,남,46세,중상,화물,남,57세,상해없음
2019031800100294,2019년 3월 18일 13시,월요일,울산광역시 남구 옥동,중상사고,0,1,0,0,차대사람 - 기타,보행자보호의무위반,건조,맑음,교차로 - 교차로안,승용,여,39세,상해없음,보행자,여,7세,중상
2019031800100322,2019년 3월 18일 14시,월요일,울산광역시 북구 중산동,중상사고,0,1,0,0,차대차 - 정면충돌,중앙선침범,건조,맑음,단일로 - 기타,승용,여,37세,상해없음,승용,여,60세,중상
2019031800100323,2019년 3월 18일 14시,월요일,울산광역시 울주군 삼남면,경상사고,0,0,1,0,차대차 - 기타,안전운전불이행,건조,맑음,교차로 - 교차로부근,이륜,남,34세,경상,승용,남,65세,상해없음
2019031800100397,2019년 3월 18일 16시,월요일,울산광역시 중구 태화동,중상사고,0,1,1,0,차대차 - 추돌,안전운전불이행,건조,맑음,교차로 - 교차로부근,승용,남,61세,경상,화물,남,47세,중상
2019031800100432,2019년 3월 18일 17시,월요일,울산광역시 북구 효문동,중상사고,0,1,0,0,차대차 - 측면충돌,직진우회전진행방해,건조,맑음,교차로 - 교차로안,화물,남,54세,상해없음,이륜,남,32세,중상