사고번호,사고일시,요일,시군구,사고내용,사망자수,중상자수,경상자수,부상신고자수,사고유형,법규위반,노면상태,기상상태,도로형태,가해운전자 차종,가해운전자 성별,가해운전자 연령,가해운전자 상해정도,피해운전자 차종,피해운전자 성별,피해운전자 연령,피해운전자 상해정도
2019031800100433,2019년 3월 18일 17시,월요일,울산광역시 남구 야음동,경상사고,0,0,1,0,차대차 - 기타,안전운전불이행,건조,맑음,교차로 - 교차로안,승용,여,46세,상해없음,이륜,남,26세,경상
2019031800100461,2019년 3월 18일 18시,월요일,울산광역시 남구 신정동,부상신고사고,0,0,0,1,차대사람 - 차도통행중,안전운전불이행,건조,맑음,교차로 - 교차로안,승용,남,31세,상해없음,보행자,남,60세,부상신고
2019031800100474,2019년 3월 18일 19시,월요일,울산광역시 울주군 범서읍,경상사고,0,0,1,0,차대차 - 측면충돌,안전운전불이행,건조,맑음,단일로 - 기타,승용,여,46세,상해없음,승용,남,48세,경상
2019031800100523,2019년 3월 18일 20시,월요일,울산광역시 울주군 삼남면,사망사고,1,0,0,0,차대차 - 측면충돌,신호위반,건조,맑음,교차로 - 교차로안,화물,남,65세,상해없음,이륜,남,47세,사망
2019031800100548,2019년 3월 18일 21시,월요일,울산광역시 남구 삼산동,경상사고,0,0,1,0,차대차 - 측면충돌,교차로운행방법위반,건조,맑음,교차로 - 교차로안,승용,여,28세,상해없음,승용,남,41세,경상
2019031900100034,2019년 3월 19일 00시,화요일,울산광역시 남구 야음동,경상사고,0,0,1,0,차대차 - 측면충돌,신호위반,건조,맑음,교차로 - 교차로안,이륜,남,17세,경상,승용,남,43세,상해없음
2019031900100053,2019년 3월 19일 03시,화요일,울산광역시 남구 달동,경상사고,0,0,2,0,차대차 - 추돌,안전운전불이행,건조,맑음,교차로 - 교차로부근,승용,남,33세,상해없음,승용,남,46세,경상
2019031900100077,2019년 3월 19일 05시,화요일,울산광역시 남구 신정동,경상사고,0,0,1,0,차대차 - 측면충돌,신호위반,건조,맑음,교차로 - 교차로안,승용,남,55세,상해없음,승용,남,43세,경상
2019031900100078,2019년 3월 19일 05시,화요일,울산광역시 울주군 웅촌면,중상사고,0,1,1,0,차대차 - 정면충돌,중앙선침범,건조,맑음,단일로 - 지하차도(도로)내,승용,남,32세,경상,승합,남,58세,중상
2019031900100178,2019년 3월 19일 09시,화요일,울산광역시 남구 무거동,경상사고,0,0,1,0,차대차 - 측면충돌,안전운전불이행,건조,맑음,교차로 - 교차로안,특수,남,37세,상해없음,승용,여,24세,경상
2019031900100303,2019년 3월 19일 14시,화요일,울산광역시 중구 반구동,중상사고,0,1,0,0,차대사람 - 차도통행중,기타,건조,맑음,단일로 - 기타,승용,여,36세,상해없음,보행자,남,7세,중상
2019031900100343,2019년 3월 19일 15시,화요일,울산광역시 남구 황성동,경상사고,0,0,1,0,차대차 - 기타,신호위반,건조,맑음,교차로 - 교차로부근,승용,남,61세,경상,화물,남,41세,상해없음
2019031900100372,2019년 3월 19일 16시,화요일,울산광역시 중구 유곡동,중상사고,0,1,0,0,차대사람 - 횡단중,안전운전불이행,건조,맑음,단일로 - 기타,승합,여,39세,상해없음,보행자,남,10세,중상
2019031900100373,2019년 3월 19일 16시,화요일,울산광역시 남구 달동,경상사고,0,0,1,0,차대차 - 측면충돌,교차로운행방법위반,건조,맑음,교차로 - 교차로안,승용,여,56세,상해없음,승용,여,54세,경상
2019031900100445,2019년 3월 19일 18시,화요일,울산광역시 북구 창평동,경상사고,0,0,1,0,차대차 - 기타,중앙선침범,건조,맑음,교차로 - 교차로부근,승용,남,31세,상해없음,승합,남,58세,상해없음
2019031900100446,2019년 3월 19일 18시,화요일,울산광역시 동구 동부동,중상사고,0,1,0,0,차대사람 - 기타,안전운전불이행,건조,맑음,단일로 - 기타,승용,남,46세,상해없음,보행자,남,7세,중상
2019031900100474,2019년 3월 19일 19시,화요일,울산광역시 남구 삼산동,중상사고,0,1,0,0,차대차 - 기타,안전운전불이행,건조,맑음,단일로 - 기타,화물,남,61세,상해없음,자전거,남,11세,중상
2019031900100475,2019년 3월 19일 19시,화요일,울산광역시 동구 화정동,경상사고,0,0,1,0,차대차 - 기타,신호위반,건조,맑음,교차로 - 교차로부근,이륜,남,31세,경상,승합,남,62세,상해없음
2019031900100498,2019년 3월 19일 20시,화요일,울산광역시 남구 삼산동,경상사고,0,0,1,0,차대차 - 측면충돌,교차로운행방법위반,건조,맑음,교차로 - 교차로안,승용,여,27세,상해없음,승용,여,54세,경상
2019032000100096,2019년 3월 20일 06시,수요일,울산광역시 북구 명촌동,중상사고,0,1,0,0,차대차 - 측면충돌,신호위반,건조,맑음,교차로 - 교차로안,승용,남,59세,상해없음,자전거,남,48세,중상
2019032000100122,2019년 3월 20일 07시,수요일,울산광역시 북구 달천동,경상사고,0,0,1,0,차대차 - 추돌,안전거리미확보,건조,맑음,단일로 - 기타,승용,여,52세,상해없음,승용,여,50세,경상
2019032000100123,2019년 3월 20일 07시,수요일,울산광역시 북구 양정동,경상사고,0,0,2,0,차대차 - 추돌,안전운전불이행,건조,맑음,교차로 - 교차로부근,승용,남,35세,상해없음,승용,여,38세,경상
2019032000100124,2019년 3월 20일 07시,수요일,울산광역시 울주군 청량읍,사망사고,1,0,0,0,차량단독 - 전도전복 - 전도,안전운전불이행,건조,맑음,단일로 - 기타,이륜,남,79세,사망,,,,
2019032000100202,2019년 3월 20일 09시,수요일,울산광역시 남구 신정동,경상사고,0,0,1,0,차대차 - 추돌,안전운전불이행,건조,맑음,교차로 - 교차로부근,화물,남,45세,상해없음,승용,여,57세,경상
2019032000100223,2019년 3월 20일 10시,수요일,울산광역시 남구 신정동,중상사고,0,1,0,0,차대차 - 측면충돌,교차로운행방법위반,건조,맑음,교차로 - 교차로안,승용,여,55세,상해없음,이륜,남,46세,중상
2019032000100224,2019년 3월 20일 10시,수요일,울산광역시 동구 일산동,경상사고,0,0,1,0,차대차 - 기타,신호위반,건조,흐림,단일로 - 기타,승용,남,76세,상해없음,승합,남,34세,상해없음
2019032000100267,2019년 3월 20일 12시,수요일,울산광역시 남구 달동,중상사고,0,1,0,0,차대사람 - 길가장자리구역통행중,안전운전불이행,건조,맑음,단일로 - 기타,승용,여,60세,상해없음,보행자,여,25세,중상
2019032000100268,2019년 3월 20일 12시,수요일,울산광역시 남구 선암동,경상사고,0,0,2,0,차대차 - 측면충돌,신호위반,건조,맑음,교차로 - 교차로안,승합,남,38세,상해없음,승용,남,59세,경상
2019032000100297,2019년 3월 20일 13시,수요일,울산광역시 남구 무거동,경상사고,0,0,1,0,차대사람 - 횡단중,신호위반,건조,맑음,교차로 - 교차로안,승용,남,39세,상해없음,보행자,남,8세,경상
2019032000100375,2019년 3월 20일 15시,수요일,울산광역시 남구 신정동,경상사고,0,0,1,0,차대차 - 측면충돌,안전운전불이행,건조,맑음,단일로 - 기타,승용,남,68세,상해없음,이륜,남,71세,경상
2019032000100496,2019년 3월 20일 18시,수요일,울산광역시 남구 무거동,중상사고,0,1,0,0,차대사람 - 차도통행중,안전운전불이행,건조,맑음,단일로 - 기타,승용,남,28세,상해없음,보행자,남,63세,중상
2019032000100497,2019년 3월 20일 18시,수요일,울산광역시 북구 산하동,경상사고,0,0,5,0,차대차 - 측면충돌,직진우회전진행방해,건조,맑음,교차로 - 교차로안,화물,남,47세,경상,승용,남,49세,경상
2019032000100559,2019년 3월 20일 19시,수요일,울산광역시 남구 신정동,중상사고,0,1,0,0,차대차 - 기타,중앙선침범,젖음/습기,비,교차로 - 교차로부근,이륜,남,23세,상해없음,이륜,남,37세,중상
2019032000100560,2019년 3월 20일 19시,수요일,울산광역시 울주군 온양읍,경상사고,0,0,1,0,차대차 - 기타,신호위반,젖음/습기,비,교차로 - 교차로안,승용,남,23세,상해없음,승용,남,29세,경상
2019032000100610,2019년 3월 20일 20시,수요일,울산광역시 북구 진장동,경상사고,0,0,2,0,차대차 - 추돌,안전거리미확보,젖음/습기,비,단일로 - 기타,화물,남,44세,상해없음,승용,남,23세,경상
2019032000100611,2019년 3월 20일 20시,수요일,울산광역시 남구 야음동,경상사고,0,0,1,0,차대사람 - 횡단중,안전운전불이행,젖음/습기,비,교차로 - 교차로안,승용,남,31세,상해없음,보행자,남,61세,경상
2019032000100612,2019년 3월 20일 20시,수요일,울산광역시 북구 염포동,경상사고,0,0,1,0,차대사람 - 횡단중,안전운전불이행,젖음/습기,비,기타 - 기타,승용,남,59세,상해없음,보행자,남,34세,경상
2019032000100658,2019년 3월 20일 21시,수요일,울산광역시 중구 반구동,중상사고,0,1,0,0,차대차 - 측면충돌,안전운전불이행,젖음/습기,비,단일로 - 기타,화물,남,44세,상해없음,승용,여,30세,중상
2019032000100659,2019년 3월 20일 21시,수요일,울산광역시 북구 송정동,경상사고,0,0,2,0,차대차 - 측면충돌,안전거리미확보,젖음/습기,비,단일로 - 기타,승용,여,48세,상해없음,승용,여,36세,경상
2019032000100660,2019년 3월 20일 21시,수요일,울산광역시 동구 전하동,경상사고,0,0,1,0,차대차 - 추돌,안전운전불이행,젖음/습기,비,교차로 - 교차로부근,승용,여,56세,상해없음,승용,남,64세,경상
2019032100100032,2019년 3월 21일 00시,목요일,울산광역시 중구 유곡동,경상사고,0,0,1,0,차대차 - 측면충돌,중앙선침범,건조,맑음,교차로 - 교차로안,승용,남,62세,상해없음,승용,남,42세,경상
2019032100100122,2019년 3월 21일 07시,목요일,울산광역시 동구 전하동,경상사고,0,0,1,0,차대차 - 측면충돌,안전운전불이행,젖음/습기,흐림,교차로 - 교차로안,이륜,남,59세,기타불명,승용,남,66세,경상
2019032100100268,2019년 3월 21일 12시,목요일,울산광역시 울주군 범서읍,경상사고,0,0,1,0,차대차 - 측면충돌,안전운전불이행,건조,맑음,단일로 - 기타,승용,여,42세,상해없음,승용,남,37세,경상
2019032100100341,2019년 3월 21일 14시,목요일,울산광역시 북구 매곡동,경상사고,0,0,1,0,차대차 - 측면충돌,신호위반,건조,맑음,교차로 - 교차로안,승용,남,62세,상해없음,화물,여,58세,경상
2019032100100342,2019년 3월 21일 14시,목요일,울산광역시 울주군 온양읍,중상사고,0,2,0,0,차대차 - 측면충돌,안전거리미확보,건조,맑음,단일로 - 교량,승용,남,19세,상해없음,승용,남,74세,중상
2019032100100382,2019년 3월 21일 15시,목요일,울산광역시 중구 교동,경상사고,0,0,3,1,차대차 - 측면충돌,직진우회전진행방해,건조,맑음,교차로 - 교차로안,화물,남,69세,부상신고,승용,여,43세,경상
2019032100100450,2019년 3월 21일 17시,목요일,울산광역시 중구 반구동,경상사고,0,0,2,0,차대차 - 측면충돌,안전거리미확보,건조,맑음,단일로 - 기타,승합,남,55세,상해없음,승합,남,70세,경상
2019032100100494,2019년 3월 21일 18시,목요일,울산광역시 북구 호계동,중상사고,0,2,0,1,차대차 - 기타,직진우회전진행방해,건조,맑음,교차로 - 교차로안,승용,남,57세,부상신고,화물,남,49세,중상
2019032100100495,2019년 3월 21일 18시,목요일,울산광역시 남구 무거동,경상사고,0,0,1,0,차대차 - 추돌,안전거리미확보,건조,맑음,단일로 - 기타,승용,남,26세,상해없음,승합,남,59세,경상
2019032100100496,2019년 3월 21일 18시,목요일,울산광역시 울주군 온양읍,중상사고,0,1,0,0,차대사람 - 횡단중,보행자보호의무위반,건조,맑음,교차로 - 교차로부근,승용,여,49세,상해없음,보행자,남,27세,중상
2019032100100623,2019년 3월 21일 22시,목요일,울산광역시 중구 학산동,경상사고,0,0,1,0,차대차 - 추돌,안전운전불이행,건조,맑음,단일로 - 기타,승용,남,37세,상해없음,승용,남,33세,경상
2019032200100046,2019년 3월 22일 02시,금요일,울산광역시 북구 양정동,중상사고,0,1,0,0,차량단독 - 공작물충돌,안전운전불이행,건조,맑음,단일로 - 기타,이륜,남,24세,중상,,,,
2019032200100065,2019년 3월 22일 04시,금요일,울산광역시 남구 신정동,중상사고,0,1,0,0,차대사람 - 횡단중,안전운전불이행,건조,맑음,교차로 - 교차로안,승용,남,64세,상해없음,보행자,남,79세,중상
2019032200100072,2019년 3월 22일 05시,금요일,울산광역시 남구 삼산동,중상사고,0,1,1,0,차대사람 - 횡단중,안전운전불이행,건조,맑음,단일로 - 기타,이륜,남,65세,경상,보행자,여,81세,중상
2019032200100292,2019년 3월 22일 13시,금요일,울산광역시 북구 달천동,중상사고,0,3,0,0,차대차 - 측면충돌,신호위반,건조,맑음,교차로 - 교차로안,이륜,남,14세,중상,승용,남,27세,중상
2019032200100323,2019년 3월 22일 14시,금요일,울산광역시 동구 방어동,경상사고,0,0,1,0,차대사람 - 보도통행중,보행자보호의무위반,건조,맑음,기타 - 기타,승용,남,31세,상해없음,보행자,여,8세,경상
2019032200100452,2019년 3월 22일 17시,금요일,울산광역시 중구 반구동,중상사고,0,1,0,0,차대차 - 기타,안전운전불이행,건조,맑음,단일로 - 기타,승용,여,37세,상해없음,자전거,여,52세,중상
2019032200100453,2019년 3월 22일 17시,금요일,울산광역시 남구 옥동,중상사고,0,2,1,0,차대차 - 기타,직진우회전진행방해,건조,맑음,교차로 - 교차로안,승용,남,54세,상해없음,승용,남,37세,중상
2019032200100500,2019년 3월 22일 18시,금요일,울산광역시 북구 명촌동,중상사고,0,1,0,0,차대차 - 측면충돌,안전운전불이행,건조,맑음,단일로 - 기타,승용,남,56세,상해없음,이륜,남,53세,중상
2019032200100546,2019년 3월 22일 19시,금요일,울산광역시 동구 서부동,경상사고,0,0,1,0,차대차 - 기타,안전거리미확보,건조,맑음,단일로 - 기타,이륜,남,41세,경상,승용,남,32세,상해없음
2019032200100547,2019년 3월 22일 19시,금요일,울산광역시 울주군 언양읍,경상사고,0,0,1,0,차대차 - 기타,직진우회전진행방해,건조,맑음,교차로 - 교차로안,승용,남,64세,기타불명,화물,남,60세,경상
2019032200100578,2019년 3월 22일 20시,금요일,울산광역시 남구 달동,중상사고,0,1,0,0,차대사람 - 횡단중,안전운전불이행,건조,맑음,단일로 - 기타,승용,남,64세,상해없음,보행자,남,46세,중상
2019032200100579,2019년 3월 22일 20시,금요일,울산광역시 남구 삼산동,경상사고,0,0,1,0,차대사람 - 차도통행중,안전운전불이행,건조,맑음,단일로 - 기타,승용,여,40세,상해없음,보행자,여,12세,경상
2019032300100162,2019년 3월 23일 09시,토요일,울산광역시 북구 양정동,경상사고,0,0,1,0,차대차 - 측면충돌,안전운전불이행,건조,맑음,교차로 - 교차로부근,화물,남,64세,상해없음,이륜,남,34세,경상
2019032300100195,2019년 3월 23일 10시,토요일,울산광역시 울주군 범서읍,중상사고,0,1,2,0,차대차 - 추돌,안전거리미확보,건조,맑음,단일로 - 기타,승용,남,64세,상해없음,승용,남,35세,상해없음
2019032300100196,2019년 3월 23일 10시,토요일,울산광역시 울주군 범서읍,경상사고,0,0,2,0,차대차 - 추돌,안전거리미확보,건조,맑음,단일로 - 기타,승용,남,60세,상해없음,승용,남,39세,경상
2019032300100265,2019년 3월 23일 12시,토요일,울산광역시 남구 무거동,경상사고,0,0,1,0,차대차 - 측면충돌,차로위반,건조,맑음,단일로 - 기타,승용,남,44세,상해없음,승합,남,50세,경상
2019032300100464,2019년 3월 23일 17시,토요일,울산광역시 울주군 온산읍,경상사고,0,0,1,0,차대사람 - 기타,안전운전불이행,건조,맑음,기타 - 기타,기타불명,기타불명,미분류,기타불명,보행자,남,13세,경상
2019032300100607,2019년 3월 23일 22시,토요일,울산광역시 남구 삼산동,경상사고,0,0,1,0,차대사람 - 횡단중,안전운전불이행,건조,맑음,교차로 - 교차로부근,승용,남,72세,상해없음,보행자,남,61세,경상
2019032300100632,2019년 3월 23일 23시,토요일,울산광역시 북구 진장동,중상사고,0,1,0,0,차대차 - 측면충돌,안전거리미확보,건조,맑음,단일로 - 기타,승용,남,39세,상해없음,이륜,남,20세,중상
2019032400100060,2019년 3월 24일 02시,일요일,울산광역시 울주군 삼남면,중상사고,0,1,2,0,차대차 - 추돌,과속,건조,맑음,단일로 - 기타,승용,남,28세,상해없음,승용,여,35세,경상
2019032400100141,2019년 3월 24일 09시,일요일,울산광역시 동구 방어동,중상사고,0,1,4,0,차대차 - 추돌,안전운전불이행,건조,맑음,단일로 - 기타,승용,남,60세,상해없음,승용,남,55세,경상
2019032400100169,2019년 3월 24일 10시,일요일,울산광역시 북구 화봉동,중상사고,0,1,0,0,차대차 - 기타,중앙선침범,건조,맑음,단일로 - 기타,화물,남,55세,상해없음,이륜,남,48세,중상
2019032400100170,2019년 3월 24일 10시,일요일,울산광역시 울주군 두동면,중상사고,0,1,1,0,차대차 - 기타,직진우회전진행방해,건조,맑음,교차로 - 교차로안,화물,여,47세,중상,승용,여,61세,경상
2019032400100202,2019년 3월 24일 11시,일요일,울산광역시 울주군 언양읍,경상사고,0,0,1,0,차대차 - 추돌,차로위반,건조,맑음,단일로 - 지하차도(도로)내,승용,여,49세,경상,건설기계,남,51세,상해없음
2019032400100230,2019년 3월 24일 12시,일요일,울산광역시 남구 야음동,경상사고,0,0,1,0,차대차 - 후진중충돌,안전운전불이행,건조,맑음,단일로 - 기타,화물,남,58세,상해없음,승용,여,61세,경상
2019032400100267,2019년 3월 24일 13시,일요일,울산광역시 남구 옥동,경상사고,0,0,1,0,차대차 - 정면충돌,안전운전불이행,건조,맑음,교차로 - 교차로안,승용,남,25세,상해없음,자전거,남,15세,경상
2019032400100268,2019년 3월 24일 13시,일요일,울산광역시 동구 방어동,경상사고,0,0,1,0,차대사람 - 기타,안전운전불이행,건조,맑음,단일로 - 기타,승용,남,48세,상해없음,보행자,여,39세,경상
2019032400100295,2019년 3월 24일 14시,일요일,울산광역시 남구 삼산동,경상사고,0,0,5,0,차대차 - 측면충돌,안전거리미확보,건조,맑음,단일로 - 기타,승용,여,42세,경상,승용,남,34세,경상
2019032400100324,2019년 3월 24일 15시,일요일,울산광역시 동구 방어동,경상사고,0,0,2,0,차대차 - 기타,안전운전불이행,건조,맑음,교차로 - 교차로안,승용,남,28세,상해없음,승용,남,29세,경상
2019032400100414,2019년 3월 24일 18시,일요일,울산광역시 동구 방어동,경상사고,0,0,1,0,차대차 - 추돌,안전운전불이행,건조,맑음,교차로 - 교차로부근,이륜,남,21세,경상,승용,남,54세,상해없음
2019032400100415,2019년 3월 24일 18시,일요일,울산광역시 동구 전하동,경상사고,0,0,2,0,차대차 - 추돌,안전운전불이행,건조,맑음,단일로 - 기타,승용,남,46세,상해없음,승합,남,62세,상해없음
2019032400100441,2019년 3월 24일 19시,일요일,울산광역시 울주군 청량읍,경상사고,0,0,1,0,차대차 - 추돌,안전운전불이행,건조,맑음,단일로 - 기타,화물,남,53세,상해없음,승용,여,56세,경상
2019032400100470,2019년 3월 24일 20시,일요일,울산광역시 남구 무거동,중상사고,0,2,0,0,차대차 - 추돌,안전운전불이행,건조,맑음,단일로 - 기타,화물,남,63세,상해없음,승용,여,37세,중상
2019032400100471,2019년 3월 24일 20시,일요일,울산광역시 남구 신정동,경상사고,0,0,1,0,차대차 - 측면충돌,안전거리미확보,건조,흐림,교차로 - 교차로안,승용,남,38세,상해없음,승용,여,29세,경상
2019032400100481,2019년 3월 24일 21시,일요일,울산광역시 울주군 언양읍,경상사고,0,0,2,0,차대차 - 측면충돌,안전거리미확보,건조,맑음,단일로 - 기타,승합,남,47세,상해없음,승용,여,56세,경상
2019032400100525,2019년 3월 24일 23시,일요일,울산광역시 남구 달동,경상사고,0,0,1,0,차대사람 - 기타,안전운전불이행,기타,맑음,교차로 - 교차로안,승용,남,66세,상해없음,보행자,남,52세,경상
2019032500100035,2019년 3월 25일 03시,월요일,울산광역시 중구 남외동,중상사고,0,1,1,0,차대차 - 측면충돌,안전운전불이행,건조,맑음,단일로 - 기타,승용,남,24세,상해없음,승용,남,59세,경상
2019032500100049,2019년 3월 25일 05시,월요일,울산광역시 울주군 온산읍,경상사고,0,0,1,0,차대차 - 정면충돌,신호위반,건조,맑음,교차로 - 교차로부근,승용,남,55세,상해없음,승용,남,46세,경상
2019032500100199,2019년 3월 25일 10시,월요일,울산광역시 남구 달동,경상사고,0,0,1,0,차대차 - 추돌,안전운전불이행,건조,맑음,교차로 - 교차로안,이륜,남,71세,경상,화물,남,56세,상해없음
2019032500100225,2019년 3월 25일 11시,월요일,울산광역시 중구 반구동,경상사고,0,0,1,0,차대차 - 측면충돌,안전운전불이행,건조,맑음,단일로 - 기타,승용,남,59세,상해없음,자전거,남,55세,경상
2019032500100314,2019년 3월 25일 14시,월요일,울산광역시 중구 서동,부상신고사고,0,0,0,1,차대사람 - 보도통행중,안전거리미확보,건조,맑음,교차로 - 교차로부근,승용,남,57세,상해없음,보행자,남,60세,부상신고
2019032500100315,2019년 3월 25일 14시,월요일,울산광역시 동구 일산동,경상사고,0,0,1,0,차대차 - 기타,안전운전불이행,건조,맑음,단일로 - 기타,승용,여,58세,상해없음,승용,여,42세,경상
2019032500100350,2019년 3월 25일 15시,월요일,울산광역시 북구 상안동,부상신고사고,0,0,0,1,차량단독 - 전도전복 - 전도,안전운전불이행,건조,맑음,단일로 - 기타,이륜,남,52세,부상신고,,,,
2019032500100388,2019년 3월 25일 16시,월요일,울산광역시 남구 삼산동,중상사고,0,1,1,0,차대차 - 추돌,안전운전불이행,건조,맑음,교차로 - 교차로부근,승용,남,45세,상해없음,승용,여,48세,중상
2019032500100432,2019년 3월 25일 17시,월요일,울산광역시 남구 삼산동,경상사고,0,0,1,0,차대차 - 측면충돌,교차로운행방법위반,건조,맑음,교차로 - 교차로안,승용,여,31세,상해없음,승용,남,57세,경상
2019032500100511,2019년 3월 25일 19시,월요일,울산광역시 북구 연암동,중상사고,0,1,0,0,차대차 - 기타,신호위반,건조,맑음,교차로 - 교차로안,기타불명,기타불명,미분류,기타불명,승합,남,37세,상해없음
2019032500100614,2019년 3월 25일 23시,월요일,울산광역시 중구 반구동,경상사고,0,0,1,0,차대사람 - 기타,안전운전불이행,건조,맑음,교차로 - 교차로안,승용,남,64세,상해없음,보행자,남,50세,경상
2019032600100030,2019년 3월 26일 00시,화요일,울산광역시 울주군 청량읍,경상사고,0,0,1,0,차대차 - 추돌,안전운전불이행,건조,맑음,교차로 - 교차로부근,승용,남,50세,상해없음,승용,여,51세,경상
2019032600100080,2019년 3월 26일 05시,화요일,울산광역시 울주군 온산읍,경상사고,0,0,2,0,차대차 - 기타,신호위반,건조,맑음,교차로 - 교차로안,승용,남,39세,상해없음,승용,남,42세,경상
2019032600100085,2019년 3월 26일 06시,화요일,울산광역시 울주군 삼남면,중상사고,0,1,0,0,차대차 - 기타,안전거리미확보,건조,맑음,단일로 - 기타,기타불명,기타불명,미분류,기타불명,화물,남,67세,상해없음
2019032600100116,2019년 3월 26일 07시,화요일,울산광역시 울주군 온산읍,중상사고,0,1,1,0,차대차 - 측면충돌,안전거리미확보,건조,맑음,단일로 - 기타,화물,남,64세,경상,화물,남,40세,중상
2019032600100150,2019년 3월 26일 08시,화요일,울산광역시 동구 방어동,중상사고,0,1,0,0,차대차 - 측면충돌,직진우회전진행방해,건조,맑음,교차로 - 교차로안,승용,남,69세,상해없음,이륜,남,67세,중상
2019032600100186,2019년 3월 26일 09시,화요일,울산광역시 울주군 청량읍,중상사고,0,1,0,0,차량단독 - 공작물충돌,안전운전불이행,건조,맑음,단일로 - 기타,이륜,남,82세,중상,,,,
2019032600100208,2019년 3월 26일 10시,화요일,울산광역시 중구 태화동,경상사고,0,0,1,0,차대차 - 측면충돌,신호위반,건조,맑음,교차로 - 교차로안,승용,여,37세,상해없음,승용,남,35세,경상
2019032600100301,2019년 3월 26일 13시,화요일,울산광역시 중구 남외동,중상사고,0,1,0,0,차대사람 - 기타,안전운전불이행,건조,맑음,단일로 - 기타,승용,여,48세,상해없음,보행자,남,64세,중상
2019032600100302,2019년 3월 26일 13시,화요일,울산광역시 남구 무거동,중상사고,0,1,0,0,차량단독 - 기타,기타,건조,맑음,단일로 - 기타,승합,남,46세,상해없음,,,,
2019032600100530,2019년 3월 26일 19시,화요일,울산광역시 남구 무거동,부상신고사고,0,0,0,1,차대사람 - 횡단중,보행자보호의무위반,건조,맑음,교차로 - 교차로횡단보도내,기타불명,기타불명,미분류,기타불명,보행자,여,30세,부상신고
2019032600100567,2019년 3월 26일 20시,화요일,울산광역시 남구 달동,경상사고,0,0,1,0,차대차 - 정면충돌,신호위반,건조,맑음,교차로 - 교차로안,이륜,남,26세,상해없음,이륜,남,20세,경상
2019032600100592,2019년 3월 26일 21시,화요일,울산광역시 북구 염포동,중상사고,0,1,1,0,차대차 - 추돌,기타,건조,맑음,단일로 - 기타,승용,남,48세,상해없음,승용,남,59세,경상
2019032600100617,2019년 3월 26일 22시,화요일,울산광역시 북구 중산동,경상사고,0,0,1,1,차대차 - 추돌,안전거리미확보,건조,맑음,단일로 - 기타,승용,남,30세,상해없음,승합,남,70세,경상
2019032600100639,2019년 3월 26일 23시,화요일,울산광역시 동구 서부동,경상사고,0,0,1,0,차대차 - 추돌,안전운전불이행,건조,맑음,교차로 - 교차로부근,이륜,남,31세,상해없음,승용,남,37세,상해없음
2019032700100038,2019년 3월 27일 01시,수요일,울산광역시 울주군 범서읍,중상사고,0,1,0,0,차대사람 - 횡단중,안전운전불이행,건조,맑음,교차로 - 교차로안,승용,남,59세,상해없음,보행자,남,54세,중상
2019032700100157,2019년 3월 27일 08시,수요일,울산광역시 중구 태화동,경상사고,0,0,1,0,차대차 - 측면충돌,안전운전불이행,건조,맑음,단일로 - 기타,기타불명,기타불명,미분류,기타불명,이륜,남,35세,경상
2019032700100195,2019년 3월 27일 10시,수요일,울산광역시 울주군 언양읍,경상사고,0,0,2,0,차대차 - 추돌,안전운전불이행,건조,맑음,단일로 - 기타,특수,남,65세,경상,화물,남,59세,경상
2019032700100216,2019년 3월 27일 10시,수요일,울산광역시 북구 연암동,경상사고,0,0,1,1,차대차 - 추돌,신호위반,건조,맑음,교차로 - 교차로안,화물,남,49세,부상신고,승용,여,38세,경상
2019032700100239,2019년 3월 27일 11시,수요일,울산광역시 중구 우정동,중상사고,0,1,0,0,차대차 - 측면충돌,중앙선침범,건조,맑음,단일로 - 기타,승용,여,38세,상해없음,원동기,남,41세,중상
2019032700100316,2019년 3월 27일 14시,수요일,울산광역시 울주군 청량읍,중상사고,0,3,1,0,차대차 - 정면충돌,안전운전불이행,건조,맑음,교차로 - 교차로안,승용,남,40세,경상,승용,남,19세,중상
2019032700100410,2019년 3월 27일 17시,수요일,울산광역시 동구 전하동,중상사고,0,1,1,0,차대차 - 측면충돌,안전운전불이행,건조,맑음,단일로 - 기타,이륜,남,45세,중상,이륜,남,40세,상해없음
2019032700100487,2019년 3월 27일 19시,수요일,울산광역시 남구 신정동,경상사고,0,0,1,0,차대차 - 측면충돌,안전운전불이행,건조,맑음,단일로 - 기타,승용,여,64세,상해없음,승용,여,56세,경상
2019032700100488,2019년 3월 27일 19시,수요일,울산광역시 울주군 언양읍,경상사고,0,0,1,0,차대사람 - 횡단중,보행자보호의무위반,건조,맑음,교차로 - 교차로안,승용,여,26세,상해없음,보행자,여,21세,경상