사고번호,사고일시,요일,시군구,사고내용,사망자수,중상자수,경상자수,부상신고자수,사고유형,법규위반,노면상태,기상상태,도로형태,가해운전자 차종,가해운전자 성별,가해운전자 연령,가해운전자 상해정도,피해운전자 차종,피해운전자 성별,피해운전자 연령,피해운전자 상해정도
2019041800100424,2019년 4월 18일 16시,목요일,울산광역시 북구 호계동,중상사고,0,1,0,0,차대차 - 측면충돌,신호위반,건조,맑음,교차로 - 교차로안,화물,남,27세,상해없음,이륜,남,38세,중상
2019041800100425,2019년 4월 18일 16시,목요일,울산광역시 울주군 범서읍,중상사고,0,1,0,0,차대차 - 정면충돌,안전운전불이행,건조,맑음,단일로 - 지하차도(도로)내,자전거,남,61세,상해없음,자전거,남,46세,중상
2019041800100462,2019년 4월 18일 17시,목요일,울산광역시 북구 신현동,중상사고,0,1,0,0,차량단독 - 기타,안전운전불이행,건조,맑음,단일로 - 기타,이륜,남,31세,중상,,,,
2019041800100499,2019년 4월 18일 18시,목요일,울산광역시 남구 무거동,중상사고,0,1,0,0,차대차 - 추돌,안전운전불이행,건조,맑음,단일로 - 지하차도(도로)내,승용,남,73세,상해없음,화물,남,69세,중상
2019041800100561,2019년 4월 18일 20시,목요일,울산광역시 남구 달동,경상사고,0,0,1,0,차대차 - 측면충돌,안전운전불이행,건조,맑음,단일로 - 기타,승용,남,25세,상해없음,자전거,여,55세,경상
2019041800100562,2019년 4월 18일 20시,목요일,울산광역시 북구 양정동,경상사고,0,0,1,0,차량단독 - 기타,기타,건조,맑음,교차로 - 교차로부근,승합,남,52세,상해없음,,,,
2019041800100617,2019년 4월 18일 22시,목요일,울산광역시 중구 반구동,경상사고,0,0,1,0,차대차 - 측면충돌,안전거리미확보,건조,맑음,단일로 - 기타,승용,남,65세,상해없음,승용,여,58세,경상
2019041900100035,2019년 4월 19일 00시,금요일,울산광역시 울주군 청량읍,사망사고,1,0,0,0,차대사람 - 기타,안전운전불이행,건조,맑음,단일로 - 교량,승용,남,62세,상해없음,보행자,남,26세,사망
2019041900100039,2019년 4월 19일 01시,금요일,울산광역시 북구 진장동,경상사고,0,0,1,0,차대차 - 측면충돌,신호위반,건조,맑음,교차로 - 교차로안,승용,남,69세,상해없음,이륜,남,37세,경상
2019041900100110,2019년 4월 19일 07시,금요일,울산광역시 남구 삼산동,경상사고,0,0,1,0,차대차 - 측면충돌,안전거리미확보,건조,맑음,단일로 - 기타,이륜,남,41세,상해없음,승합,남,48세,경상
2019041900100111,2019년 4월 19일 07시,금요일,울산광역시 동구 화정동,중상사고,0,1,1,0,차대사람 - 기타,안전운전불이행,기타,맑음,단일로 - 기타,이륜,남,57세,경상,보행자,남,21세,중상
2019041900100112,2019년 4월 19일 07시,금요일,울산광역시 동구 일산동,중상사고,0,1,0,0,차대차 - 추돌,안전운전불이행,건조,맑음,단일로 - 기타,이륜,남,33세,상해없음,이륜,남,32세,중상
2019041900100155,2019년 4월 19일 08시,금요일,울산광역시 남구 삼산동,중상사고,0,1,0,0,차대사람 - 횡단중,안전운전불이행,건조,흐림,교차로 - 교차로부근,승용,여,56세,상해없음,보행자,여,70세,중상
2019041900100156,2019년 4월 19일 08시,금요일,울산광역시 남구 야음동,경상사고,0,0,1,0,차대차 - 측면충돌,안전운전불이행,건조,맑음,교차로 - 교차로안,승용,남,68세,상해없음,승용,남,60세,경상
2019041900100157,2019년 4월 19일 08시,금요일,울산광역시 울주군 범서읍,경상사고,0,0,2,0,차대차 - 기타,안전거리미확보,건조,맑음,단일로 - 기타,화물,남,68세,상해없음,승용,남,24세,경상
2019041900100197,2019년 4월 19일 09시,금요일,울산광역시 남구 야음동,중상사고,0,1,0,0,차대사람 - 횡단중,안전운전불이행,건조,맑음,교차로 - 교차로횡단보도내,승용,여,40세,상해없음,보행자,여,87세,중상
2019041900100261,2019년 4월 19일 11시,금요일,울산광역시 북구 양정동,경상사고,0,0,1,0,차량단독 - 공작물충돌,안전운전불이행,건조,맑음,단일로 - 기타,승용,남,66세,상해없음,,,,
2019041900100335,2019년 4월 19일 13시,금요일,울산광역시 북구 진장동,부상신고사고,0,0,0,2,차대차 - 측면충돌,안전거리미확보,건조,맑음,교차로 - 교차로부근,승용,여,44세,부상신고,승용,남,37세,상해없음
2019041900100374,2019년 4월 19일 14시,금요일,울산광역시 중구 남외동,경상사고,0,0,1,0,차대사람 - 횡단중,보행자보호의무위반,건조,맑음,교차로 - 교차로횡단보도내,승용,여,36세,상해없음,보행자,남,76세,경상
2019041900100399,2019년 4월 19일 15시,금요일,울산광역시 북구 진장동,경상사고,0,0,4,0,차대차 - 추돌,안전운전불이행,건조,맑음,단일로 - 기타,화물,남,40세,상해없음,승합,남,67세,경상
2019041900100446,2019년 4월 19일 16시,금요일,울산광역시 북구 진장동,부상신고사고,0,0,0,1,차대차 - 측면충돌,교차로운행방법위반,건조,맑음,교차로 - 교차로안,개인형이동수단(PM),남,51세,부상신고,승용,여,36세,상해없음
2019041900100502,2019년 4월 19일 17시,금요일,울산광역시 남구 두왕동,중상사고,0,1,0,0,차대차 - 기타,안전운전불이행,건조,맑음,교차로 - 교차로안,승용,남,64세,상해없음,승용,남,31세,중상
2019041900100503,2019년 4월 19일 17시,금요일,울산광역시 울주군 상북면,경상사고,0,0,1,0,차대차 - 정면충돌,중앙선침범,건조,맑음,단일로 - 기타,승용,남,19세,상해없음,화물,남,53세,경상
2019041900100554,2019년 4월 19일 18시,금요일,울산광역시 동구 일산동,중상사고,0,1,0,0,차대차 - 측면충돌,안전운전불이행,건조,맑음,교차로 - 교차로안,승용,여,34세,상해없음,이륜,남,30세,중상
2019041900100591,2019년 4월 19일 19시,금요일,울산광역시 북구 호계동,중상사고,0,1,0,0,차대차 - 측면충돌,중앙선침범,건조,맑음,단일로 - 기타,승용,여,34세,상해없음,이륜,남,39세,중상
2019041900100655,2019년 4월 19일 21시,금요일,울산광역시 중구 태화동,부상신고사고,0,0,0,1,차대차 - 기타,안전운전불이행,건조,맑음,교차로 - 교차로안,이륜,남,36세,부상신고,승용,남,37세,상해없음
2019041900100697,2019년 4월 19일 22시,금요일,울산광역시 남구 달동,경상사고,0,0,1,0,차대사람 - 횡단중,보행자보호의무위반,건조,맑음,교차로 - 교차로부근,승용,여,44세,상해없음,보행자,남,37세,경상
2019042000100186,2019년 4월 20일 09시,토요일,울산광역시 중구 태화동,경상사고,0,0,1,0,차대차 - 추돌,안전운전불이행,건조,맑음,단일로 - 기타,승용,여,29세,상해없음,승용,여,41세,상해없음
2019042000100224,2019년 4월 20일 10시,토요일,울산광역시 중구 다운동,경상사고,0,0,3,0,차대차 - 측면충돌,안전운전불이행,건조,맑음,교차로 - 교차로안,승용,남,76세,상해없음,승용,여,47세,경상
2019042000100225,2019년 4월 20일 10시,토요일,울산광역시 남구 야음동,중상사고,0,1,0,0,차대차 - 추돌,안전운전불이행,건조,맑음,교차로 - 교차로부근,승용,여,67세,상해없음,승용,남,41세,중상
2019042000100265,2019년 4월 20일 11시,토요일,울산광역시 울주군 언양읍,부상신고사고,0,0,0,1,차대차 - 측면충돌,과속,건조,맑음,단일로 - 기타,승용,남,29세,부상신고,화물,남,48세,상해없음
2019042000100356,2019년 4월 20일 13시,토요일,울산광역시 동구 방어동,경상사고,0,0,1,0,차대차 - 기타,안전운전불이행,건조,맑음,단일로 - 기타,승용,남,65세,상해없음,승용,남,35세,경상
2019042000100357,2019년 4월 20일 13시,토요일,울산광역시 동구 방어동,경상사고,0,0,3,0,차대차 - 추돌,안전운전불이행,건조,맑음,단일로 - 기타,승용,남,57세,상해없음,승용,남,44세,경상
2019042000100427,2019년 4월 20일 15시,토요일,울산광역시 중구 다운동,중상사고,0,1,0,0,차대차 - 측면충돌,교차로운행방법위반,건조,맑음,교차로 - 교차로안,자전거,여,54세,중상,승용,남,51세,상해없음
2019042000100428,2019년 4월 20일 15시,토요일,울산광역시 북구 호계동,경상사고,0,0,1,0,차대차 - 측면충돌,안전운전불이행,건조,맑음,단일로 - 기타,승용,남,22세,상해없음,승용,남,33세,경상
2019042000100468,2019년 4월 20일 16시,토요일,울산광역시 중구 다운동,경상사고,0,0,1,0,차대사람 - 기타,안전운전불이행,건조,맑음,단일로 - 기타,승용,남,69세,기타불명,보행자,남,42세,경상
2019042000100501,2019년 4월 20일 17시,토요일,울산광역시 울주군 범서읍,경상사고,0,0,2,0,차대차 - 측면충돌,안전운전불이행,건조,맑음,단일로 - 기타,자전거,남,67세,경상,이륜,남,45세,경상
2019042000100502,2019년 4월 20일 17시,토요일,울산광역시 울주군 삼남면,경상사고,0,0,1,0,차대차 - 측면충돌,직진우회전진행방해,건조,맑음,교차로 - 교차로안,승합,남,47세,상해없음,승용,남,52세,상해없음
2019042000100605,2019년 4월 20일 20시,토요일,울산광역시 울주군 범서읍,경상사고,0,0,1,0,차대차 - 측면충돌,직진우회전진행방해,건조,맑음,교차로 - 교차로안,승용,남,64세,상해없음,자전거,남,13세,경상
2019042000100636,2019년 4월 20일 21시,토요일,울산광역시 남구 삼산동,경상사고,0,0,4,0,차대차 - 추돌,안전운전불이행,건조,맑음,교차로 - 교차로부근,승용,남,33세,상해없음,승용,남,31세,경상
2019042000100637,2019년 4월 20일 21시,토요일,울산광역시 남구 삼산동,경상사고,0,0,1,0,차대사람 - 횡단중,중앙선침범,건조,맑음,단일로 - 기타,승용,남,37세,상해없음,보행자,여,34세,경상
2019042100100031,2019년 4월 21일 00시,일요일,울산광역시 남구 무거동,중상사고,0,1,0,0,차대차 - 측면충돌,안전운전불이행,건조,맑음,교차로 - 교차로부근,승용,남,35세,상해없음,이륜,남,16세,중상
2019042100100079,2019년 4월 21일 04시,일요일,울산광역시 남구 신정동,경상사고,0,0,2,0,차대차 - 추돌,안전운전불이행,건조,맑음,교차로 - 교차로부근,승용,여,47세,상해없음,화물,남,52세,경상
2019042100100099,2019년 4월 21일 06시,일요일,울산광역시 울주군 상북면,경상사고,0,0,2,0,차대차 - 측면충돌,안전운전불이행,건조,맑음,단일로 - 기타,승용,여,42세,상해없음,승용,남,62세,경상
2019042100100119,2019년 4월 21일 08시,일요일,울산광역시 남구 신정동,부상신고사고,0,0,0,1,차대사람 - 횡단중,안전운전불이행,건조,맑음,교차로 - 교차로안,승용,남,65세,상해없음,보행자,남,32세,부상신고
2019042100100219,2019년 4월 21일 12시,일요일,울산광역시 중구 교동,중상사고,0,1,0,0,차대사람 - 횡단중,신호위반,건조,맑음,단일로 - 기타,승용,여,59세,상해없음,보행자,여,27세,중상
2019042100100287,2019년 4월 21일 15시,일요일,울산광역시 남구 여천동,경상사고,0,0,1,0,차대차 - 기타,신호위반,건조,맑음,교차로 - 교차로안,승용,남,63세,상해없음,승용,남,28세,상해없음
2019042100100311,2019년 4월 21일 16시,일요일,울산광역시 남구 무거동,경상사고,0,0,5,0,차대차 - 측면충돌,안전거리미확보,건조,맑음,단일로 - 기타,승용,남,23세,상해없음,승용,남,64세,경상
2019042100100418,2019년 4월 21일 20시,일요일,울산광역시 북구 송정동,경상사고,0,0,1,0,차대차 - 측면충돌,교차로운행방법위반,건조,맑음,교차로 - 교차로안,승용,여,24세,상해없음,승용,남,25세,경상
2019042100100419,2019년 4월 21일 20시,일요일,울산광역시 동구 방어동,중상사고,0,1,1,0,차대차 - 정면충돌,신호위반,건조,맑음,교차로 - 교차로안,승용,남,53세,상해없음,승용,남,50세,경상
2019042100100469,2019년 4월 21일 22시,일요일,울산광역시 남구 신정동,중상사고,0,1,0,0,차대차 - 추돌,안전운전불이행,건조,맑음,교차로 - 교차로안,승용,여,51세,상해없음,승용,남,65세,중상
2019042200100036,2019년 4월 22일 03시,월요일,울산광역시 남구 삼산동,경상사고,0,0,2,0,차대차 - 측면충돌,중앙선침범,건조,맑음,단일로 - 기타,이륜,남,16세,경상,승용,여,64세,경상
2019042200100164,2019년 4월 22일 08시,월요일,울산광역시 남구 달동,중상사고,0,1,0,0,차대사람 - 횡단중,보행자보호의무위반,건조,맑음,교차로 - 교차로안,승용,여,49세,상해없음,보행자,여,9세,중상
2019042200100165,2019년 4월 22일 08시,월요일,울산광역시 남구 신정동,경상사고,0,0,3,0,차대차 - 측면충돌,신호위반,건조,맑음,교차로 - 교차로안,승용,남,61세,상해없음,승용,남,33세,경상
2019042200100166,2019년 4월 22일 08시,월요일,울산광역시 남구 삼산동,경상사고,0,0,2,0,차대차 - 추돌,안전운전불이행,건조,맑음,단일로 - 기타,승용,남,27세,상해없음,승용,남,24세,경상
2019042200100311,2019년 4월 22일 12시,월요일,울산광역시 남구 신정동,경상사고,0,0,1,0,차대차 - 추돌,안전거리미확보,건조,맑음,교차로 - 교차로부근,이륜,남,47세,상해없음,승용,남,44세,경상
2019042200100347,2019년 4월 22일 13시,월요일,울산광역시 중구 학성동,중상사고,0,1,0,0,차대사람 - 길가장자리구역통행중,안전운전불이행,건조,맑음,단일로 - 기타,승용,여,62세,상해없음,보행자,여,80세,중상
2019042200100348,2019년 4월 22일 13시,월요일,울산광역시 동구 화정동,경상사고,0,0,1,0,차대차 - 추돌,안전운전불이행,건조,맑음,교차로 - 교차로안,승용,남,25세,상해없음,승용,남,43세,경상
2019042200100437,2019년 4월 22일 15시,월요일,울산광역시 남구 삼산동,중상사고,0,1,0,0,차대차 - 측면충돌,안전운전불이행,건조,맑음,단일로 - 기타,승용,남,47세,상해없음,자전거,남,59세,중상
2019042200100481,2019년 4월 22일 16시,월요일,울산광역시 울주군 범서읍,부상신고사고,0,0,0,1,차대사람 - 기타,안전운전불이행,건조,맑음,교차로 - 교차로부근,화물,남,35세,상해없음,보행자,남,15세,부상신고
2019042200100583,2019년 4월 22일 18시,월요일,울산광역시 중구 옥교동,부상신고사고,0,0,0,1,차대차 - 측면충돌,안전운전불이행,건조,맑음,단일로 - 기타,이륜,남,38세,부상신고,승용,남,59세,상해없음
2019042200100584,2019년 4월 22일 18시,월요일,울산광역시 남구 삼산동,경상사고,0,0,1,0,차대차 - 추돌,안전운전불이행,건조,맑음,단일로 - 지하차도(도로)내,승용,여,54세,상해없음,승용,여,39세,경상
2019042200100644,2019년 4월 22일 20시,월요일,울산광역시 북구 산하동,경상사고,0,0,1,0,차대사람 - 기타,기타,건조,맑음,교차로 - 교차로안,승용,여,61세,상해없음,보행자,여,57세,경상
2019042300100083,2019년 4월 23일 07시,화요일,울산광역시 남구 무거동,경상사고,0,0,1,0,차대사람 - 기타,안전운전불이행,건조,맑음,단일로 - 기타,승용,남,63세,상해없음,보행자,남,21세,경상
2019042300100227,2019년 4월 23일 11시,화요일,울산광역시 남구 옥동,경상사고,0,0,1,0,차대차 - 측면충돌,안전운전불이행,건조,맑음,단일로 - 기타,승용,여,51세,상해없음,이륜,남,38세,경상
2019042300100228,2019년 4월 23일 11시,화요일,울산광역시 동구 전하동,경상사고,0,0,1,0,차대차 - 측면충돌,안전운전불이행,건조,흐림,교차로 - 교차로안,승용,남,57세,기타불명,승용,여,67세,경상
2019042300100253,2019년 4월 23일 12시,화요일,울산광역시 울주군 온양읍,중상사고,0,8,12,3,차대차 - 측면충돌,안전운전불이행,건조,맑음,단일로 - 기타,건설기계,남,63세,부상신고,승합,남,34세,경상
2019042300100282,2019년 4월 23일 13시,화요일,울산광역시 울주군 온산읍,경상사고,0,0,1,0,차대차 - 기타,안전운전불이행,건조,맑음,교차로 - 교차로안,화물,남,67세,상해없음,이륜,여,39세,경상
2019042300100354,2019년 4월 23일 15시,화요일,울산광역시 북구 진장동,경상사고,0,0,1,0,차대차 - 정면충돌,교차로운행방법위반,건조,맑음,교차로 - 교차로안,자전거,남,49세,경상,승용,남,47세,상해없음
2019042300100355,2019년 4월 23일 15시,화요일,울산광역시 북구 화봉동,경상사고,0,0,1,0,차대차 - 측면충돌,신호위반,건조,흐림,교차로 - 교차로안,승용,여,61세,상해없음,승용,여,38세,경상
2019042300100356,2019년 4월 23일 15시,화요일,울산광역시 북구 송정동,경상사고,0,0,1,0,차대차 - 측면충돌,안전운전불이행,건조,맑음,교차로 - 교차로안,기타불명,기타불명,미분류,기타불명,이륜,남,31세,경상
2019042300100400,2019년 4월 23일 16시,화요일,울산광역시 울주군 온양읍,중상사고,0,2,4,0,차대차 - 측면충돌,직진우회전진행방해,젖음/습기,비,교차로 - 교차로안,화물,남,56세,상해없음,승합,남,58세,경상
2019042300100444,2019년 4월 23일 17시,화요일,울산광역시 북구 신현동,중상사고,0,1,0,0,차량단독 - 전도전복 - 전도,안전운전불이행,젖음/습기,비,교차로 - 교차로부근,이륜,남,57세,중상,,,,
2019042300100490,2019년 4월 23일 18시,화요일,울산광역시 북구 매곡동,중상사고,0,1,0,0,차대사람 - 보도통행중,안전운전불이행,젖음/습기,흐림,교차로 - 교차로횡단보도내,승용,여,40세,상해없음,보행자,여,90세 이상,중상
2019042300100491,2019년 4월 23일 18시,화요일,울산광역시 남구 신정동,경상사고,0,0,1,0,차대사람 - 기타,안전운전불이행,젖음/습기,비,단일로 - 기타,승용,여,23세,상해없음,보행자,여,25세,경상
2019042300100492,2019년 4월 23일 18시,화요일,울산광역시 울주군 범서읍,중상사고,0,1,0,0,차대사람 - 횡단중,안전운전불이행,젖음/습기,흐림,교차로 - 교차로부근,승용,여,67세,상해없음,보행자,남,11세,중상
2019042300100634,2019년 4월 23일 22시,화요일,울산광역시 남구 달동,중상사고,0,1,0,0,차대차 - 측면충돌,안전운전불이행,건조,맑음,교차로 - 교차로안,승용,남,47세,상해없음,이륜,남,30세,중상
2019042300100635,2019년 4월 23일 22시,화요일,울산광역시 남구 신정동,경상사고,0,0,1,0,차대차 - 측면충돌,안전운전불이행,건조,맑음,교차로 - 교차로안,승용,여,23세,상해없음,승용,여,48세,경상
2019042300100654,2019년 4월 23일 23시,화요일,울산광역시 남구 무거동,경상사고,0,0,2,0,차대차 - 후진중충돌,안전운전불이행,젖음/습기,비,단일로 - 기타,승용,여,50세,상해없음,승용,남,46세,경상
2019042300100655,2019년 4월 23일 23시,화요일,울산광역시 울주군 온양읍,경상사고,0,0,1,0,차대사람 - 길가장자리구역통행중,안전운전불이행,건조,맑음,단일로 - 지하차도(도로)내,승용,남,21세,상해없음,보행자,여,47세,경상
2019042400100202,2019년 4월 24일 08시,수요일,울산광역시 중구 학산동,중상사고,0,2,1,0,차대차 - 측면충돌,신호위반,건조,맑음,교차로 - 교차로안,승용,여,78세,상해없음,승용,여,30세,중상
2019042400100237,2019년 4월 24일 09시,수요일,울산광역시 중구 다운동,경상사고,0,0,1,0,차대차 - 추돌,안전운전불이행,젖음/습기,비,교차로 - 교차로부근,승용,남,70세,기타불명,승용,여,26세,경상
2019042400100286,2019년 4월 24일 11시,수요일,울산광역시 동구 전하동,경상사고,0,0,1,0,차대차 - 기타,안전운전불이행,젖음/습기,비,교차로 - 교차로안,이륜,남,71세,경상,화물,남,52세,상해없음
2019042400100287,2019년 4월 24일 11시,수요일,울산광역시 동구 일산동,중상사고,0,1,0,0,차대차 - 기타,안전운전불이행,젖음/습기,비,교차로 - 교차로부근,이륜,기타불명,미분류,기타불명,이륜,남,62세,중상
2019042500100249,2019년 4월 25일 11시,목요일,울산광역시 남구 삼산동,경상사고,0,0,1,0,차대차 - 측면충돌,교차로운행방법위반,건조,맑음,교차로 - 교차로부근,화물,남,34세,상해없음,이륜,남,36세,경상
2019042500100276,2019년 4월 25일 12시,목요일,울산광역시 중구 복산동,중상사고,0,1,1,0,차대사람 - 보도통행중,신호위반,젖음/습기,흐림,단일로 - 기타,자전거,남,57세,상해없음,보행자,여,63세,중상
2019042500100372,2019년 4월 25일 15시,목요일,울산광역시 북구 염포동,경상사고,0,0,1,0,차대차 - 측면충돌,안전운전불이행,건조,맑음,교차로 - 교차로안,화물,남,52세,상해없음,승용,남,21세,경상
2019042500100453,2019년 4월 25일 17시,목요일,울산광역시 북구 송정동,경상사고,0,0,1,0,차대차 - 추돌,안전운전불이행,건조,맑음,교차로 - 교차로부근,승용,여,43세,상해없음,승용,여,38세,경상
2019042500100454,2019년 4월 25일 17시,목요일,울산광역시 남구 삼산동,경상사고,0,0,1,0,차대사람 - 횡단중,보행자보호의무위반,젖음/습기,비,단일로 - 지하차도(도로)내,승용,여,50세,상해없음,보행자,남,20세,경상
2019042500100455,2019년 4월 25일 17시,목요일,울산광역시 울주군 온산읍,중상사고,0,1,0,0,차대차 - 정면충돌,중앙선침범,건조,맑음,단일로 - 기타,승용,남,34세,상해없음,화물,남,61세,중상
2019042500100456,2019년 4월 25일 17시,목요일,울산광역시 울주군 온산읍,중상사고,0,1,1,0,차대차 - 기타,신호위반,건조,맑음,교차로 - 교차로안,화물,남,48세,경상,승용,남,60세,중상
2019042500100501,2019년 4월 25일 18시,목요일,울산광역시 북구 연암동,경상사고,0,0,2,0,차대차 - 측면충돌,안전운전불이행,건조,흐림,단일로 - 기타,승용,남,47세,상해없음,승용,남,37세,경상
2019042500100502,2019년 4월 25일 18시,목요일,울산광역시 동구 방어동,경상사고,0,0,1,0,차대차 - 측면충돌,안전운전불이행,건조,흐림,교차로 - 교차로안,승용,남,73세,상해없음,승용,남,39세,경상
2019042500100600,2019년 4월 25일 20시,목요일,울산광역시 남구 삼산동,경상사고,0,0,1,0,차대차 - 측면충돌,안전운전불이행,건조,맑음,단일로 - 기타,화물,남,50세,상해없음,승용,남,55세,경상
2019042600100050,2019년 4월 26일 00시,금요일,울산광역시 남구 달동,중상사고,0,1,0,0,차대사람 - 횡단중,안전운전불이행,젖음/습기,비,교차로 - 교차로부근,승용,남,53세,상해없음,보행자,남,48세,중상
2019042600100051,2019년 4월 26일 00시,금요일,울산광역시 남구 삼산동,중상사고,0,1,0,0,차대사람 - 횡단중,안전운전불이행,젖음/습기,흐림,교차로 - 교차로안,승용,남,36세,상해없음,보행자,남,47세,중상
2019042600100072,2019년 4월 26일 01시,금요일,울산광역시 중구 학성동,중상사고,0,1,1,0,차대차 - 측면충돌,신호위반,젖음/습기,비,교차로 - 교차로안,이륜,남,35세,중상,화물,남,59세,경상
2019042600100089,2019년 4월 26일 03시,금요일,울산광역시 남구 삼산동,중상사고,0,2,1,0,차대차 - 정면충돌,중앙선침범,젖음/습기,흐림,단일로 - 기타,승용,남,30세,상해없음,승합,남,51세,중상
2019042600100118,2019년 4월 26일 06시,금요일,울산광역시 북구 효문동,경상사고,0,0,1,0,차대차 - 기타,중앙선침범,젖음/습기,비,단일로 - 기타,승용,남,58세,상해없음,이륜,남,54세,경상
2019042600100138,2019년 4월 26일 07시,금요일,울산광역시 남구 달동,경상사고,0,0,2,0,차대차 - 기타,불법유턴,젖음/습기,흐림,단일로 - 기타,승용,여,64세,상해없음,승용,남,71세,경상
2019042600100183,2019년 4월 26일 08시,금요일,울산광역시 북구 진장동,경상사고,0,0,1,0,차대차 - 측면충돌,신호위반,젖음/습기,비,교차로 - 교차로안,승용,여,45세,상해없음,승용,남,37세,경상
2019042600100263,2019년 4월 26일 11시,금요일,울산광역시 북구 연암동,부상신고사고,0,0,0,1,차대차 - 측면충돌,중앙선침범,건조,맑음,교차로 - 교차로횡단보도내,이륜,남,39세,부상신고,승용,남,28세,상해없음
2019042600100304,2019년 4월 26일 12시,금요일,울산광역시 울주군 범서읍,경상사고,0,0,1,0,차대사람 - 횡단중,신호위반,젖음/습기,비,교차로 - 교차로안,이륜,남,48세,상해없음,보행자,여,18세,경상
2019042600100305,2019년 4월 26일 12시,금요일,울산광역시 울주군 서생면,경상사고,0,0,3,0,차대차 - 추돌,안전거리미확보,건조,흐림,단일로 - 지하차도(도로)내,승용,여,46세,경상,화물,남,62세,경상
2019042600100306,2019년 4월 26일 12시,금요일,울산광역시 울주군 범서읍,부상신고사고,0,0,0,1,차대차 - 정면충돌,교차로운행방법위반,젖음/습기,흐림,교차로 - 교차로안,승용,여,47세,상해없음,이륜,남,58세,부상신고
2019042600100328,2019년 4월 26일 13시,금요일,울산광역시 동구 주전동,경상사고,0,0,1,0,차대차 - 측면충돌,안전운전불이행,젖음/습기,비,교차로 - 교차로안,화물,남,60세,상해없음,승용,남,38세,경상
2019042600100406,2019년 4월 26일 15시,금요일,울산광역시 울주군 온산읍,경상사고,0,0,1,0,차대차 - 측면충돌,안전거리미확보,젖음/습기,비,단일로 - 기타,화물,남,25세,상해없음,승용,남,27세,경상
2019042600100488,2019년 4월 26일 17시,금요일,울산광역시 중구 성남동,중상사고,0,1,0,0,차대사람 - 횡단중,보행자보호의무위반,건조,맑음,교차로 - 교차로횡단보도내,화물,남,64세,상해없음,보행자,여,87세,중상
2019042600100489,2019년 4월 26일 17시,금요일,울산광역시 남구 신정동,경상사고,0,0,1,0,차대사람 - 횡단중,보행자보호의무위반,젖음/습기,비,교차로 - 교차로안,화물,남,53세,상해없음,보행자,여,62세,경상
2019042600100490,2019년 4월 26일 17시,금요일,울산광역시 북구 양정동,경상사고,0,0,1,0,차대차 - 기타,중앙선침범,젖음/습기,비,단일로 - 기타,기타불명,기타불명,미분류,기타불명,이륜,남,40세,경상
2019042600100544,2019년 4월 26일 18시,금요일,울산광역시 중구 약사동,경상사고,0,0,1,0,차대차 - 기타,중앙선침범,젖음/습기,비,교차로 - 교차로부근,승용,남,25세,상해없음,승용,여,45세,경상
2019042600100545,2019년 4월 26일 18시,금요일,울산광역시 동구 전하동,경상사고,0,0,2,0,차대차 - 측면충돌,안전운전불이행,젖음/습기,비,교차로 - 교차로안,승용,남,70세,기타불명,이륜,남,27세,경상
2019042600100596,2019년 4월 26일 19시,금요일,울산광역시 중구 태화동,경상사고,0,0,1,0,차대차 - 측면충돌,신호위반,젖음/습기,비,교차로 - 교차로안,승용,남,33세,상해없음,승용,여,34세,경상
2019042600100597,2019년 4월 26일 19시,금요일,울산광역시 북구 산하동,경상사고,0,0,1,0,차대차 - 측면충돌,직진우회전진행방해,젖음/습기,비,교차로 - 교차로안,승용,여,29세,상해없음,승용,여,31세,경상
2019042600100683,2019년 4월 26일 21시,금요일,울산광역시 남구 무거동,경상사고,0,0,2,0,차대차 - 추돌,안전운전불이행,건조,맑음,교차로 - 교차로안,승용,남,68세,상해없음,승용,여,59세,경상
2019042600100684,2019년 4월 26일 21시,금요일,울산광역시 울주군 온산읍,부상신고사고,0,0,0,1,차대차 - 측면충돌,안전운전불이행,젖음/습기,비,교차로 - 교차로안,이륜,남,26세,부상신고,화물,남,44세,상해없음
2019042600100710,2019년 4월 26일 22시,금요일,울산광역시 울주군 온산읍,부상신고사고,0,0,0,1,차대차 - 측면충돌,교차로운행방법위반,젖음/습기,흐림,교차로 - 교차로안,승용,남,59세,상해없음,이륜,남,28세,부상신고
2019042600100732,2019년 4월 26일 23시,금요일,울산광역시 남구 달동,중상사고,0,1,0,0,차대사람 - 기타,안전운전불이행,젖음/습기,비,단일로 - 지하차도(도로)내,승용,남,35세,상해없음,보행자,남,46세,중상
2019042700100046,2019년 4월 27일 00시,토요일,울산광역시 북구 진장동,경상사고,0,0,1,0,차대차 - 측면충돌,신호위반,젖음/습기,비,교차로 - 교차로안,승용,남,49세,상해없음,이륜,남,55세,경상
2019042700100195,2019년 4월 27일 09시,토요일,울산광역시 중구 다운동,경상사고,0,0,1,0,차대차 - 측면충돌,안전거리미확보,건조,맑음,단일로 - 기타,건설기계,남,53세,상해없음,승용,여,53세,경상