사고번호,사고일시,요일,시군구,사고내용,사망자수,중상자수,경상자수,부상신고자수,사고유형,법규위반,노면상태,기상상태,도로형태,가해운전자 차종,가해운전자 성별,가해운전자 연령,가해운전자 상해정도,피해운전자 차종,피해운전자 성별,피해운전자 연령,피해운전자 상해정도
2019050600100593,2019년 5월 6일 22시,월요일,울산광역시 남구 무거동,경상사고,0,0,1,0,차대차 - 측면충돌,안전운전불이행,건조,맑음,교차로 - 교차로안,승용,여,42세,상해없음,이륜,남,23세,경상
2019050600100606,2019년 5월 6일 23시,월요일,울산광역시 울주군 삼남면,중상사고,0,1,0,1,차대차 - 측면충돌,신호위반,건조,맑음,교차로 - 교차로안,승용,남,21세,상해없음,승용,남,60세,중상
2019050700100039,2019년 5월 7일 00시,화요일,울산광역시 동구 전하동,경상사고,0,0,1,0,차대차 - 측면충돌,신호위반,건조,맑음,교차로 - 교차로안,승용,남,77세,상해없음,승용,남,24세,상해없음
2019050700100056,2019년 5월 7일 03시,화요일,울산광역시 남구 선암동,중상사고,0,1,0,0,차량단독 - 공작물충돌,안전운전불이행,건조,맑음,단일로 - 기타,승용,여,28세,중상,,,,
2019050700100082,2019년 5월 7일 06시,화요일,울산광역시 울주군 온산읍,중상사고,0,1,0,0,차대사람 - 횡단중,안전운전불이행,건조,맑음,단일로 - 기타,승용,남,52세,상해없음,보행자,남,50세,중상
2019050700100171,2019년 5월 7일 08시,화요일,울산광역시 울주군 서생면,중상사고,0,1,0,0,차대차 - 측면충돌,안전운전불이행,건조,맑음,단일로 - 기타,승용,남,73세,상해없음,자전거,남,35세,중상
2019050700100251,2019년 5월 7일 10시,화요일,울산광역시 남구 삼산동,중상사고,0,1,1,0,차대차 - 측면충돌,신호위반,건조,맑음,교차로 - 교차로안,승용,남,73세,상해없음,승용,여,43세,중상
2019050700100280,2019년 5월 7일 11시,화요일,울산광역시 남구 무거동,중상사고,0,1,0,0,차대사람 - 기타,안전운전불이행,건조,맑음,주차장 - 주차장,승용,남,59세,상해없음,보행자,여,59세,중상
2019050700100372,2019년 5월 7일 13시,화요일,울산광역시 울주군 범서읍,중상사고,0,1,0,0,차대사람 - 횡단중,보행자보호의무위반,건조,맑음,교차로 - 교차로안,화물,남,49세,상해없음,보행자,여,63세,중상
2019050700100502,2019년 5월 7일 16시,화요일,울산광역시 중구 우정동,경상사고,0,0,1,0,차대차 - 추돌,안전운전불이행,건조,맑음,단일로 - 기타,이륜,남,77세,경상,화물,남,58세,상해없음
2019050700100503,2019년 5월 7일 16시,화요일,울산광역시 울주군 범서읍,중상사고,0,1,0,0,차대차 - 기타,교차로운행방법위반,건조,맑음,교차로 - 교차로안,승용,여,39세,상해없음,승합,남,31세,상해없음
2019050700100540,2019년 5월 7일 17시,화요일,울산광역시 중구 반구동,경상사고,0,0,1,1,차대차 - 기타,안전운전불이행,건조,맑음,교차로 - 교차로안,승용,여,36세,부상신고,승용,남,30세,경상
2019050700100541,2019년 5월 7일 17시,화요일,울산광역시 남구 무거동,중상사고,0,1,0,1,차대차 - 측면충돌,신호위반,건조,맑음,교차로 - 교차로안,화물,여,57세,상해없음,화물,남,46세,중상
2019050700100542,2019년 5월 7일 17시,화요일,울산광역시 동구 서부동,경상사고,0,0,1,0,차대차 - 기타,안전운전불이행,건조,맑음,교차로 - 교차로안,승합,남,67세,상해없음,승용,남,60세,상해없음
2019050700100639,2019년 5월 7일 19시,화요일,울산광역시 남구 달동,경상사고,0,0,2,0,차대차 - 측면충돌,직진우회전진행방해,건조,맑음,교차로 - 교차로안,이륜,남,23세,경상,승용,남,29세,경상
2019050700100697,2019년 5월 7일 21시,화요일,울산광역시 중구 우정동,경상사고,0,0,1,0,차대차 - 측면충돌,직진우회전진행방해,건조,맑음,교차로 - 교차로안,승용,남,38세,상해없음,승용,여,48세,경상
2019050700100698,2019년 5월 7일 21시,화요일,울산광역시 남구 달동,중상사고,0,1,0,0,차대사람 - 횡단중,안전운전불이행,건조,맑음,교차로 - 교차로안,승용,남,66세,상해없음,보행자,여,66세,중상
2019050700100719,2019년 5월 7일 22시,화요일,울산광역시 울주군 온산읍,부상신고사고,0,0,0,1,차대차 - 기타,안전운전불이행,건조,맑음,단일로 - 기타,승용,남,52세,부상신고,승용,남,31세,기타불명
2019050800100107,2019년 5월 8일 07시,수요일,울산광역시 동구 전하동,중상사고,0,1,0,0,차대차 - 추돌,안전운전불이행,건조,맑음,교차로 - 교차로안,승용,여,53세,상해없음,이륜,남,58세,중상
2019050800100158,2019년 5월 8일 08시,수요일,울산광역시 중구 우정동,경상사고,0,0,1,0,차대사람 - 길가장자리구역통행중,안전운전불이행,건조,맑음,단일로 - 기타,승용,남,70세,상해없음,보행자,여,25세,경상
2019050800100343,2019년 5월 8일 13시,수요일,울산광역시 중구 학성동,경상사고,0,0,1,1,차대차 - 측면충돌,직진우회전진행방해,건조,맑음,교차로 - 교차로안,승용,여,63세,부상신고,승용,여,61세,경상
2019050800100344,2019년 5월 8일 13시,수요일,울산광역시 북구 산하동,경상사고,0,0,1,0,차대차 - 기타,중앙선침범,건조,맑음,교차로 - 교차로부근,승용,여,28세,상해없음,승용,여,35세,경상
2019050800100510,2019년 5월 8일 17시,수요일,울산광역시 동구 서부동,경상사고,0,0,2,0,차대차 - 기타,직진우회전진행방해,건조,맑음,교차로 - 교차로안,승용,여,64세,경상,승용,여,29세,경상
2019050800100557,2019년 5월 8일 18시,수요일,울산광역시 중구 다운동,경상사고,0,0,1,1,차대차 - 추돌,안전운전불이행,건조,맑음,단일로 - 기타,이륜,남,20세,부상신고,승용,남,22세,경상
2019050800100558,2019년 5월 8일 18시,수요일,울산광역시 남구 달동,경상사고,0,0,1,0,차대차 - 측면충돌,교차로운행방법위반,건조,맑음,교차로 - 교차로안,이륜,남,42세,경상,승용,남,58세,상해없음
2019050800100600,2019년 5월 8일 19시,수요일,울산광역시 울주군 삼남면,경상사고,0,0,1,0,차대차 - 측면충돌,교차로운행방법위반,건조,맑음,교차로 - 교차로안,승용,남,66세,상해없음,승용,남,25세,경상
2019050800100636,2019년 5월 8일 20시,수요일,울산광역시 남구 삼산동,경상사고,0,0,2,0,차대차 - 추돌,안전운전불이행,건조,맑음,교차로 - 교차로부근,승용,남,52세,상해없음,승용,여,27세,경상
2019050800100701,2019년 5월 8일 23시,수요일,울산광역시 동구 방어동,경상사고,0,0,1,0,차대차 - 추돌,안전운전불이행,건조,맑음,교차로 - 교차로부근,승용,남,42세,상해없음,이륜,남,50세,경상
2019050900100080,2019년 5월 9일 06시,목요일,울산광역시 북구 연암동,경상사고,0,0,1,0,차대차 - 추돌,안전운전불이행,건조,맑음,단일로 - 지하차도(도로)내,화물,남,27세,상해없음,승용,남,23세,경상
2019050900100081,2019년 5월 9일 06시,목요일,울산광역시 남구 상개동,경상사고,0,0,1,0,차대차 - 측면충돌,교차로운행방법위반,건조,맑음,교차로 - 교차로안,승용,남,64세,상해없음,승용,남,56세,경상
2019050900100082,2019년 5월 9일 06시,목요일,울산광역시 남구 용연동,경상사고,0,0,1,0,차대차 - 추돌,안전운전불이행,건조,맑음,교차로 - 교차로안,화물,남,55세,상해없음,승용,남,64세,경상
2019050900100111,2019년 5월 9일 07시,목요일,울산광역시 남구 신정동,경상사고,0,0,1,0,차대차 - 추돌,안전운전불이행,건조,맑음,단일로 - 기타,화물,남,57세,상해없음,승용,여,25세,경상
2019050900100198,2019년 5월 9일 09시,목요일,울산광역시 북구 천곡동,경상사고,0,0,1,0,차대차 - 추돌,안전운전불이행,건조,맑음,단일로 - 교량,화물,남,38세,경상,화물,남,44세,기타불명
2019050900100371,2019년 5월 9일 14시,목요일,울산광역시 울주군 삼남면,부상신고사고,0,0,0,1,차대사람 - 기타,안전운전불이행,건조,맑음,단일로 - 기타,승용,남,40세,상해없음,보행자,여,15세,부상신고
2019050900100444,2019년 5월 9일 16시,목요일,울산광역시 동구 방어동,중상사고,0,1,2,0,차대차 - 추돌,안전운전불이행,건조,맑음,교차로 - 교차로부근,승용,남,13세,상해없음,이륜,남,44세,중상
2019050900100635,2019년 5월 9일 21시,목요일,울산광역시 중구 북정동,경상사고,0,0,2,0,차대차 - 측면충돌,신호위반,건조,맑음,교차로 - 교차로안,기타불명,기타불명,미분류,기타불명,승합,남,48세,상해없음
2019051000100039,2019년 5월 10일 00시,금요일,울산광역시 남구 달동,경상사고,0,0,1,0,차대사람 - 횡단중,안전운전불이행,건조,맑음,단일로 - 기타,이륜,남,29세,상해없음,보행자,여,74세,경상
2019051000100052,2019년 5월 10일 01시,금요일,울산광역시 남구 달동,중상사고,0,1,0,0,차대차 - 측면충돌,신호위반,건조,맑음,교차로 - 교차로안,승용,남,59세,상해없음,승용,남,32세,중상
2019051000100126,2019년 5월 10일 07시,금요일,울산광역시 북구 화봉동,경상사고,0,0,2,0,차대차 - 추돌,안전거리미확보,건조,맑음,교차로 - 교차로부근,승용,여,39세,상해없음,화물,남,41세,경상
2019051000100180,2019년 5월 10일 08시,금요일,울산광역시 중구 유곡동,경상사고,0,0,1,0,차대차 - 추돌,안전거리미확보,건조,맑음,교차로 - 교차로부근,승용,남,33세,상해없음,승용,여,43세,경상
2019051000100181,2019년 5월 10일 08시,금요일,울산광역시 북구 상안동,경상사고,0,0,2,0,차대차 - 측면충돌,안전거리미확보,건조,맑음,단일로 - 기타,승용,여,39세,경상,승용,여,29세,경상
2019051000100182,2019년 5월 10일 08시,금요일,울산광역시 남구 달동,경상사고,0,0,1,0,차대차 - 측면충돌,안전거리미확보,건조,맑음,교차로 - 교차로안,승용,여,64세,상해없음,승합,남,53세,경상
2019051000100244,2019년 5월 10일 10시,금요일,울산광역시 북구 송정동,경상사고,0,0,2,0,차대차 - 측면충돌,직진우회전진행방해,건조,맑음,교차로 - 교차로안,화물,남,58세,경상,승용,남,28세,경상
2019051000100245,2019년 5월 10일 10시,금요일,울산광역시 울주군 온양읍,중상사고,0,1,0,0,차대차 - 측면충돌,중앙선침범,건조,맑음,단일로 - 기타,사륜오토바이(ATV),남,76세,중상,승용,남,45세,상해없음
2019051000100274,2019년 5월 10일 11시,금요일,울산광역시 울주군 범서읍,경상사고,0,0,1,0,차대차 - 측면충돌,안전운전불이행,건조,맑음,단일로 - 기타,승용,남,61세,상해없음,승용,남,54세,경상
2019051000100395,2019년 5월 10일 14시,금요일,울산광역시 중구 서동,경상사고,0,0,1,0,차대사람 - 기타,안전운전불이행,건조,맑음,단일로 - 기타,승용,여,51세,상해없음,보행자,여,12세,경상
2019051000100396,2019년 5월 10일 14시,금요일,울산광역시 울주군 온양읍,부상신고사고,0,0,0,1,차대차 - 기타,교차로운행방법위반,건조,맑음,교차로 - 교차로안,이륜,남,28세,부상신고,화물,남,49세,상해없음
2019051000100445,2019년 5월 10일 15시,금요일,울산광역시 중구 우정동,중상사고,0,1,0,0,차대사람 - 횡단중,보행자보호의무위반,건조,맑음,교차로 - 교차로안,승용,여,60세,상해없음,보행자,여,60세,중상
2019051000100619,2019년 5월 10일 19시,금요일,울산광역시 울주군 온산읍,경상사고,0,0,1,0,차대사람 - 기타,안전운전불이행,건조,맑음,교차로 - 교차로부근,승용,남,63세,상해없음,보행자,남,3세,경상
2019051000100660,2019년 5월 10일 20시,금요일,울산광역시 울주군 범서읍,경상사고,0,0,1,0,차대사람 - 보도통행중,보행자보호의무위반,건조,맑음,교차로 - 교차로횡단보도내,승용,여,67세,상해없음,보행자,여,21세,경상
2019051000100717,2019년 5월 10일 22시,금요일,울산광역시 남구 달동,경상사고,0,0,2,0,차대사람 - 횡단중,보행자보호의무위반,건조,맑음,교차로 - 교차로횡단보도내,승용,남,25세,상해없음,보행자,여,21세,경상
2019051000100718,2019년 5월 10일 22시,금요일,울산광역시 동구 방어동,경상사고,0,0,1,0,차대차 - 측면충돌,신호위반,건조,맑음,교차로 - 교차로안,이륜,남,30세,경상,승용,여,63세,상해없음
2019051000100719,2019년 5월 10일 22시,금요일,울산광역시 동구 방어동,경상사고,0,0,1,0,차대차 - 추돌,안전운전불이행,건조,맑음,교차로 - 교차로부근,승용,남,30세,상해없음,승용,남,29세,경상
2019051000100720,2019년 5월 10일 22시,금요일,울산광역시 울주군 범서읍,경상사고,0,0,2,0,차대차 - 측면충돌,불법유턴,건조,맑음,교차로 - 교차로부근,승용,남,56세,상해없음,승용,여,53세,경상
2019051000100747,2019년 5월 10일 23시,금요일,울산광역시 남구 신정동,경상사고,0,0,1,1,차대차 - 측면충돌,안전거리미확보,건조,맑음,교차로 - 교차로안,화물,남,56세,기타불명,승용,남,54세,부상신고
2019051100100101,2019년 5월 11일 04시,토요일,울산광역시 울주군 언양읍,경상사고,0,0,1,0,차량단독 - 공작물충돌,안전운전불이행,건조,맑음,교차로 - 교차로안,승용,남,27세,경상,,,,
2019051100100109,2019년 5월 11일 05시,토요일,울산광역시 울주군 상북면,사망사고,1,0,0,0,차량단독 - 주/정차차량 충돌,안전운전불이행,건조,맑음,단일로 - 기타,이륜,남,18세,사망,,,,
2019051100100240,2019년 5월 11일 10시,토요일,울산광역시 동구 화정동,중상사고,0,1,0,0,차대차 - 측면충돌,안전운전불이행,건조,맑음,교차로 - 교차로안,승용,남,52세,상해없음,이륜,남,28세,중상
2019051100100286,2019년 5월 11일 11시,토요일,울산광역시 울주군 범서읍,중상사고,0,1,0,0,차대사람 - 횡단중,안전운전불이행,건조,맑음,단일로 - 기타,승용,여,45세,상해없음,보행자,남,6세,중상
2019051100100335,2019년 5월 11일 12시,토요일,울산광역시 북구 진장동,경상사고,0,0,1,1,차대차 - 측면충돌,차로위반,건조,맑음,단일로 - 기타,승용,남,72세,부상신고,승용,여,61세,경상
2019051100100336,2019년 5월 11일 12시,토요일,울산광역시 남구 무거동,경상사고,0,0,1,0,차대차 - 추돌,신호위반,건조,맑음,교차로 - 교차로안,화물,남,33세,상해없음,승용,남,25세,경상
2019051100100383,2019년 5월 11일 13시,토요일,울산광역시 동구 화정동,경상사고,0,0,1,0,차대차 - 측면충돌,중앙선침범,기타,맑음,단일로 - 기타,승용,남,67세,상해없음,승용,여,51세,경상
2019051100100471,2019년 5월 11일 15시,토요일,울산광역시 중구 우정동,경상사고,0,0,1,0,차대차 - 기타,안전운전불이행,건조,맑음,교차로 - 교차로안,승용,여,56세,상해없음,승용,여,37세,경상
2019051100100472,2019년 5월 11일 15시,토요일,울산광역시 중구 다운동,경상사고,0,0,1,0,차대차 - 기타,안전운전불이행,건조,맑음,교차로 - 교차로부근,이륜,남,70세,상해없음,자전거,남,64세,경상
2019051100100511,2019년 5월 11일 16시,토요일,울산광역시 울주군 삼남면,부상신고사고,0,0,0,1,차량단독 - 전도전복 - 전도,안전운전불이행,건조,맑음,단일로 - 기타,특수,남,38세,부상신고,,,,
2019051100100691,2019년 5월 11일 21시,토요일,울산광역시 북구 호계동,중상사고,0,1,0,0,차대사람 - 횡단중,보행자보호의무위반,건조,맑음,교차로 - 교차로횡단보도내,화물,남,63세,상해없음,보행자,여,46세,중상
2019051100100727,2019년 5월 11일 22시,토요일,울산광역시 중구 태화동,중상사고,0,2,0,0,차대차 - 측면충돌,교차로운행방법위반,건조,맑음,교차로 - 교차로안,승용,남,40세,상해없음,승용,남,54세,중상
2019051100100747,2019년 5월 11일 23시,토요일,울산광역시 북구 중산동,경상사고,0,0,1,0,차대차 - 측면충돌,안전운전불이행,건조,맑음,교차로 - 교차로부근,승용,여,53세,상해없음,이륜,남,26세,경상
2019051200100037,2019년 5월 12일 00시,일요일,울산광역시 울주군 언양읍,경상사고,0,0,1,0,차대차 - 정면충돌,중앙선침범,건조,맑음,단일로 - 기타,승용,여,58세,상해없음,승용,남,42세,경상
2019051200100106,2019년 5월 12일 06시,일요일,울산광역시 북구 매곡동,중상사고,0,1,0,0,차량단독 - 공작물충돌,안전운전불이행,건조,맑음,교차로 - 교차로안,승용,남,62세,중상,,,,
2019051200100156,2019년 5월 12일 09시,일요일,울산광역시 북구 중산동,경상사고,0,0,2,0,차대차 - 추돌,안전운전불이행,건조,맑음,단일로 - 기타,화물,남,61세,상해없음,승용,남,43세,상해없음
2019051200100157,2019년 5월 12일 09시,일요일,울산광역시 울주군 온산읍,중상사고,0,1,0,0,차대차 - 측면충돌,안전운전불이행,건조,맑음,단일로 - 기타,승용,남,66세,상해없음,자전거,남,37세,중상
2019051200100185,2019년 5월 12일 10시,일요일,울산광역시 동구 일산동,경상사고,0,0,1,0,차대사람 - 기타,안전운전불이행,건조,맑음,단일로 - 기타,승합,남,43세,상해없음,보행자,남,55세,경상
2019051200100218,2019년 5월 12일 11시,일요일,울산광역시 울주군 온산읍,중상사고,0,1,0,0,차대차 - 측면충돌,직진우회전진행방해,건조,맑음,교차로 - 교차로안,승용,여,24세,상해없음,이륜,남,58세,중상
2019051200100253,2019년 5월 12일 12시,일요일,울산광역시 남구 신정동,경상사고,0,0,1,0,차대차 - 추돌,안전운전불이행,건조,맑음,단일로 - 기타,승용,남,54세,상해없음,승용,남,62세,경상
2019051200100304,2019년 5월 12일 14시,일요일,울산광역시 동구 일산동,경상사고,0,0,5,0,차대차 - 기타,안전운전불이행,건조,맑음,교차로 - 교차로안,승용,남,59세,상해없음,승합,남,45세,경상
2019051200100381,2019년 5월 12일 16시,일요일,울산광역시 동구 동부동,중상사고,0,3,11,0,차대차 - 추돌,과속,건조,맑음,단일로 - 터널,승용,남,39세,상해없음,승용,남,35세,경상
2019051200100478,2019년 5월 12일 19시,일요일,울산광역시 중구 태화동,경상사고,0,0,1,0,차대차 - 측면충돌,안전운전불이행,건조,맑음,단일로 - 기타,승용,남,72세,상해없음,승용,여,60세,경상
2019051200100533,2019년 5월 12일 21시,일요일,울산광역시 북구 호계동,중상사고,0,1,0,0,차대차 - 측면충돌,안전거리미확보,건조,맑음,단일로 - 기타,화물,남,59세,상해없음,승용,남,25세,중상
2019051300100050,2019년 5월 13일 03시,월요일,울산광역시 북구 송정동,부상신고사고,0,0,0,1,차량단독 - 공작물충돌,안전운전불이행,건조,맑음,단일로 - 기타,승용,남,22세,부상신고,,,,
2019051300100147,2019년 5월 13일 08시,월요일,울산광역시 남구 여천동,경상사고,0,0,3,0,차대차 - 추돌,안전운전불이행,건조,맑음,단일로 - 기타,화물,남,56세,상해없음,승용,남,29세,경상
2019051300100226,2019년 5월 13일 10시,월요일,울산광역시 울주군 범서읍,중상사고,0,1,0,0,차대차 - 측면충돌,안전운전불이행,건조,맑음,단일로 - 기타,화물,남,48세,상해없음,승용,여,49세,중상
2019051300100252,2019년 5월 13일 11시,월요일,울산광역시 동구 일산동,중상사고,0,1,0,0,차대사람 - 차도통행중,안전운전불이행,건조,맑음,교차로 - 교차로부근,승용,남,65세,상해없음,보행자,남,79세,중상
2019051300100323,2019년 5월 13일 13시,월요일,울산광역시 북구 호계동,사망사고,1,0,0,0,차대차 - 측면충돌,과속,건조,맑음,단일로 - 기타,이륜,남,22세,사망,승용,남,26세,상해없음
2019051300100365,2019년 5월 13일 14시,월요일,울산광역시 남구 신정동,경상사고,0,0,2,0,차대차 - 기타,중앙선침범,건조,맑음,교차로 - 교차로부근,승용,여,52세,경상,화물,여,53세,경상
2019051300100463,2019년 5월 13일 17시,월요일,울산광역시 남구 달동,경상사고,0,0,1,0,차대차 - 정면충돌,안전운전불이행,건조,맑음,교차로 - 교차로안,자전거,남,36세,경상,승용,여,50세,상해없음
2019051300100550,2019년 5월 13일 19시,월요일,울산광역시 남구 무거동,중상사고,0,1,0,0,차대차 - 정면충돌,중앙선침범,건조,맑음,단일로 - 고가도로위,화물,남,59세,상해없음,승용,남,58세,중상
2019051400100142,2019년 5월 14일 08시,화요일,울산광역시 중구 반구동,경상사고,0,0,2,0,차대차 - 추돌,안전운전불이행,건조,맑음,단일로 - 기타,승용,남,49세,상해없음,승용,여,45세,경상
2019051400100143,2019년 5월 14일 08시,화요일,울산광역시 동구 방어동,경상사고,0,0,1,0,차대사람 - 횡단중,안전운전불이행,건조,맑음,교차로 - 교차로안,승용,여,52세,상해없음,보행자,남,13세,경상
2019051400100252,2019년 5월 14일 12시,화요일,울산광역시 울주군 언양읍,중상사고,0,1,2,0,차대차 - 추돌,안전운전불이행,건조,맑음,단일로 - 기타,화물,남,38세,경상,화물,남,45세,중상
2019051400100353,2019년 5월 14일 14시,화요일,울산광역시 중구 남외동,경상사고,0,0,2,0,차대차 - 추돌,안전운전불이행,건조,맑음,단일로 - 기타,화물,남,39세,상해없음,화물,남,50세,경상
2019051400100434,2019년 5월 14일 16시,화요일,울산광역시 중구 유곡동,경상사고,0,0,1,0,차대차 - 기타,안전운전불이행,건조,맑음,교차로 - 교차로부근,자전거,남,57세,경상,승용,남,46세,상해없음
2019051400100576,2019년 5월 14일 19시,화요일,울산광역시 울주군 범서읍,경상사고,0,0,2,0,차대차 - 측면충돌,안전운전불이행,건조,맑음,단일로 - 기타,화물,남,62세,상해없음,승용,남,32세,경상
2019051400100674,2019년 5월 14일 22시,화요일,울산광역시 남구 무거동,중상사고,0,1,0,0,차대차 - 후진중충돌,안전운전불이행,건조,맑음,교차로 - 교차로부근,승용,남,42세,상해없음,이륜,남,57세,중상
2019051500100060,2019년 5월 15일 02시,수요일,울산광역시 남구 삼산동,경상사고,0,0,1,0,차대차 - 기타,중앙선침범,건조,맑음,단일로 - 기타,자전거,남,57세,경상,승용,여,49세,상해없음
2019051500100072,2019년 5월 15일 03시,수요일,울산광역시 북구 호계동,중상사고,0,1,1,0,차대차 - 측면충돌,신호위반,건조,맑음,교차로 - 교차로안,승용,남,47세,상해없음,승용,남,37세,경상
2019051500100100,2019년 5월 15일 06시,수요일,울산광역시 남구 삼산동,경상사고,0,0,1,0,차대차 - 측면충돌,신호위반,건조,맑음,교차로 - 교차로안,승용,남,35세,상해없음,승용,여,50세,경상
2019051500100125,2019년 5월 15일 07시,수요일,울산광역시 동구 서부동,중상사고,0,1,0,0,차량단독 - 기타,기타,건조,맑음,단일로 - 기타,승합,남,36세,상해없음,,,,
2019051500100162,2019년 5월 15일 08시,수요일,울산광역시 동구 화정동,경상사고,0,0,1,0,차대사람 - 횡단중,신호위반,건조,맑음,단일로 - 기타,이륜,여,56세,상해없음,보행자,여,34세,경상
2019051500100163,2019년 5월 15일 08시,수요일,울산광역시 울주군 웅촌면,경상사고,0,0,2,0,차대차 - 추돌,안전운전불이행,건조,맑음,교차로 - 교차로부근,화물,남,40세,상해없음,승용,여,38세,경상
2019051500100164,2019년 5월 15일 08시,수요일,울산광역시 울주군 범서읍,경상사고,0,0,1,0,차대사람 - 횡단중,신호위반,건조,맑음,교차로 - 교차로횡단보도내,승용,남,51세,상해없음,보행자,여,7세,경상
2019051500100201,2019년 5월 15일 09시,수요일,울산광역시 중구 약사동,경상사고,0,0,1,0,차대차 - 측면충돌,안전운전불이행,건조,맑음,교차로 - 교차로안,승용,남,35세,상해없음,자전거,남,50세,경상
2019051500100202,2019년 5월 15일 09시,수요일,울산광역시 중구 동동,부상신고사고,0,0,0,1,차대차 - 기타,직진우회전진행방해,건조,맑음,교차로 - 교차로안,이륜,여,43세,부상신고,승용,남,37세,상해없음
2019051500100203,2019년 5월 15일 09시,수요일,울산광역시 중구 태화동,부상신고사고,0,0,0,1,차대차 - 기타,안전운전불이행,건조,맑음,단일로 - 기타,자전거,남,55세,부상신고,승용,남,29세,상해없음
2019051500100241,2019년 5월 15일 10시,수요일,울산광역시 남구 무거동,중상사고,0,1,0,0,차대차 - 측면충돌,교차로운행방법위반,건조,맑음,교차로 - 교차로안,승용,여,49세,상해없음,승용,남,73세,중상
2019051500100242,2019년 5월 15일 10시,수요일,울산광역시 북구 정자동,경상사고,0,0,2,0,차대차 - 측면충돌,기타,건조,맑음,교차로 - 교차로안,승용,여,56세,상해없음,승용,남,31세,경상
2019051500100276,2019년 5월 15일 11시,수요일,울산광역시 남구 신정동,경상사고,0,0,2,0,차대차 - 추돌,안전거리미확보,건조,맑음,단일로 - 기타,승용,여,21세,상해없음,승용,남,41세,경상
2019051500100393,2019년 5월 15일 14시,수요일,울산광역시 울주군 온양읍,경상사고,0,0,1,0,차대차 - 측면충돌,교차로운행방법위반,건조,맑음,교차로 - 교차로안,승용,남,68세,상해없음,이륜,남,34세,경상
2019051500100432,2019년 5월 15일 15시,수요일,울산광역시 남구 여천동,경상사고,0,0,1,0,차대차 - 측면충돌,안전거리미확보,건조,맑음,단일로 - 기타,승용,여,54세,상해없음,이륜,남,58세,경상
2019051500100520,2019년 5월 15일 17시,수요일,울산광역시 남구 달동,중상사고,0,1,0,0,차대차 - 기타,안전운전불이행,건조,맑음,교차로 - 교차로안,화물,남,48세,상해없음,이륜,남,42세,중상
2019051500100521,2019년 5월 15일 17시,수요일,울산광역시 남구 부곡동,경상사고,0,0,1,0,차대차 - 기타,안전거리미확보,건조,맑음,단일로 - 기타,승합,남,64세,상해없음,승용,남,41세,경상
2019051500100569,2019년 5월 15일 18시,수요일,울산광역시 북구 명촌동,부상신고사고,0,0,0,1,차대사람 - 길가장자리구역통행중,안전운전불이행,건조,맑음,단일로 - 기타,개인형이동수단(PM),남,34세,상해없음,보행자,여,48세,부상신고
2019051500100570,2019년 5월 15일 18시,수요일,울산광역시 울주군 온양읍,경상사고,0,0,1,0,차대사람 - 횡단중,안전운전불이행,건조,맑음,단일로 - 기타,이륜,남,36세,상해없음,보행자,여,6세,경상
2019051500100610,2019년 5월 15일 19시,수요일,울산광역시 중구 약사동,경상사고,0,0,1,0,차대차 - 정면충돌,신호위반,건조,맑음,교차로 - 교차로안,승용,여,61세,상해없음,이륜,남,27세,경상
2019051500100648,2019년 5월 15일 20시,수요일,울산광역시 중구 학성동,중상사고,0,1,0,0,차대차 - 추돌,안전운전불이행,건조,맑음,단일로 - 기타,승용,남,62세,상해없음,이륜,남,40세,중상
2019051500100691,2019년 5월 15일 22시,수요일,울산광역시 남구 달동,경상사고,0,0,1,0,차대차 - 측면충돌,기타,건조,맑음,단일로 - 기타,승용,남,56세,상해없음,이륜,남,27세,경상
2019051600100088,2019년 5월 16일 04시,목요일,울산광역시 북구 상안동,경상사고,0,0,2,1,차대차 - 측면충돌,신호위반,건조,맑음,교차로 - 교차로안,승용,남,26세,부상신고,승용,여,57세,경상
2019051600100102,2019년 5월 16일 06시,목요일,울산광역시 울주군 언양읍,중상사고,0,1,0,0,차대차 - 추돌,안전운전불이행,건조,맑음,단일로 - 기타,승용,여,32세,상해없음,화물,남,54세,중상
2019051600100112,2019년 5월 16일 06시,목요일,울산광역시 동구 화정동,경상사고,0,0,1,0,차대차 - 기타,직진우회전진행방해,건조,맑음,교차로 - 교차로부근,승용,남,60세,상해없음,이륜,남,27세,경상
2019051600100191,2019년 5월 16일 08시,목요일,울산광역시 북구 호계동,경상사고,0,0,1,0,차대차 - 측면충돌,신호위반,건조,맑음,교차로 - 교차로안,승용,여,38세,상해없음,승용,여,46세,경상
2019051600100192,2019년 5월 16일 08시,목요일,울산광역시 중구 다운동,부상신고사고,0,0,0,1,차대차 - 측면충돌,직진우회전진행방해,건조,맑음,교차로 - 교차로안,승용,남,31세,상해없음,자전거,남,12세,부상신고