사고번호,사고일시,요일,시군구,사고내용,사망자수,중상자수,경상자수,부상신고자수,사고유형,법규위반,노면상태,기상상태,도로형태,가해운전자 차종,가해운전자 성별,가해운전자 연령,가해운전자 상해정도,피해운전자 차종,피해운전자 성별,피해운전자 연령,피해운전자 상해정도
2019051600100236,2019년 5월 16일 09시,목요일,울산광역시 북구 천곡동,경상사고,0,0,1,0,차대사람 - 보도통행중,보행자보호의무위반,건조,맑음,교차로 - 교차로안,승합,남,50세,상해없음,보행자,남,73세,경상
2019051600100237,2019년 5월 16일 09시,목요일,울산광역시 동구 화정동,경상사고,0,0,1,0,차대차 - 측면충돌,안전운전불이행,건조,맑음,교차로 - 교차로안,이륜,남,66세,경상,승용,여,61세,상해없음
2019051600100272,2019년 5월 16일 10시,목요일,울산광역시 동구 서부동,경상사고,0,0,1,0,차대차 - 측면충돌,안전거리미확보,건조,맑음,단일로 - 기타,특수,남,55세,상해없음,승용,남,46세,경상
2019051600100346,2019년 5월 16일 12시,목요일,울산광역시 북구 송정동,중상사고,0,1,1,0,차대차 - 측면충돌,안전거리미확보,건조,맑음,단일로 - 기타,승용,여,57세,상해없음,화물,남,44세,상해없음
2019051600100347,2019년 5월 16일 12시,목요일,울산광역시 남구 야음동,경상사고,0,0,1,0,차량단독 - 기타,안전운전불이행,건조,맑음,단일로 - 기타,승합,남,44세,상해없음,,,,
2019051600100374,2019년 5월 16일 13시,목요일,울산광역시 남구 삼산동,경상사고,0,0,1,0,차대차 - 추돌,안전운전불이행,건조,맑음,교차로 - 교차로부근,승용,남,70세,상해없음,승용,남,32세,경상
2019051600100406,2019년 5월 16일 14시,목요일,울산광역시 울주군 온산읍,부상신고사고,0,0,0,1,차량단독 - 전도전복 - 전도,안전운전불이행,건조,맑음,단일로 - 기타,이륜,남,46세,부상신고,,,,
2019051600100437,2019년 5월 16일 15시,목요일,울산광역시 남구 달동,경상사고,0,0,1,0,차대차 - 후진중충돌,안전운전불이행,건조,맑음,단일로 - 기타,승용,남,61세,상해없음,승용,여,40세,경상
2019051600100544,2019년 5월 16일 17시,목요일,울산광역시 울주군 온산읍,경상사고,0,0,1,0,차대차 - 기타,교차로운행방법위반,건조,맑음,교차로 - 교차로안,승용,남,62세,상해없음,이륜,남,19세,경상
2019051600100592,2019년 5월 16일 18시,목요일,울산광역시 울주군 서생면,경상사고,0,0,3,0,차대차 - 측면충돌,교차로운행방법위반,건조,맑음,교차로 - 교차로안,승용,여,32세,경상,승용,남,33세,경상
2019051600100629,2019년 5월 16일 19시,목요일,울산광역시 울주군 온산읍,경상사고,0,0,1,0,차대사람 - 횡단중,안전운전불이행,건조,맑음,단일로 - 기타,승용,남,40세,기타불명,보행자,남,55세,경상
2019051600100656,2019년 5월 16일 20시,목요일,울산광역시 동구 방어동,중상사고,0,1,0,0,차대차 - 측면충돌,중앙선침범,건조,맑음,단일로 - 기타,이륜,남,23세,상해없음,이륜,남,46세,중상
2019051600100712,2019년 5월 16일 22시,목요일,울산광역시 남구 신정동,중상사고,0,1,0,0,차대차 - 기타,안전운전불이행,건조,맑음,단일로 - 기타,승용,남,53세,상해없음,승합,남,39세,상해없음
2019051600100734,2019년 5월 16일 23시,목요일,울산광역시 남구 달동,부상신고사고,0,0,0,1,차대차 - 측면충돌,안전운전불이행,건조,맑음,단일로 - 기타,이륜,남,37세,상해없음,승용,남,19세,부상신고
2019051700100165,2019년 5월 17일 08시,금요일,울산광역시 남구 무거동,중상사고,0,1,0,0,차대차 - 기타,안전거리미확보,건조,맑음,단일로 - 교량,승용,여,45세,상해없음,화물,남,74세,중상
2019051700100227,2019년 5월 17일 10시,금요일,울산광역시 중구 태화동,중상사고,0,1,0,0,차대사람 - 횡단중,보행자보호의무위반,건조,맑음,교차로 - 교차로횡단보도내,승용,여,43세,상해없음,보행자,남,61세,중상
2019051700100228,2019년 5월 17일 10시,금요일,울산광역시 남구 무거동,경상사고,0,0,1,0,차대차 - 추돌,안전운전불이행,건조,맑음,교차로 - 교차로부근,승용,남,69세,상해없음,승용,남,50세,경상
2019051700100229,2019년 5월 17일 10시,금요일,울산광역시 북구 염포동,경상사고,0,0,1,0,차량단독 - 전도전복 - 전도,안전운전불이행,건조,맑음,교차로 - 교차로안,이륜,남,60세,경상,,,,
2019051700100360,2019년 5월 17일 14시,금요일,울산광역시 남구 무거동,경상사고,0,0,1,0,차대차 - 후진중충돌,안전운전불이행,건조,맑음,교차로 - 교차로안,승용,남,57세,상해없음,승용,남,55세,경상
2019051700100435,2019년 5월 17일 16시,금요일,울산광역시 남구 여천동,경상사고,0,0,1,0,차대차 - 측면충돌,신호위반,건조,맑음,교차로 - 교차로안,이륜,남,57세,상해없음,이륜,남,33세,경상
2019051700100436,2019년 5월 17일 16시,금요일,울산광역시 동구 방어동,중상사고,0,1,0,0,차대차 - 측면충돌,신호위반,건조,흐림,교차로 - 교차로안,승용,여,50세,상해없음,이륜,남,28세,중상
2019051700100544,2019년 5월 17일 18시,금요일,울산광역시 중구 옥교동,경상사고,0,0,2,0,차대차 - 추돌,안전거리미확보,건조,맑음,단일로 - 기타,승용,여,38세,상해없음,승용,남,31세,경상
2019051800100079,2019년 5월 18일 01시,토요일,울산광역시 울주군 언양읍,경상사고,0,0,1,0,차대차 - 추돌,안전운전불이행,건조,맑음,단일로 - 기타,승용,남,28세,상해없음,승용,남,39세,경상
2019051800100142,2019년 5월 18일 05시,토요일,울산광역시 중구 반구동,경상사고,0,0,1,0,차대사람 - 횡단중,안전운전불이행,젖음/습기,비,교차로 - 교차로부근,승용,남,36세,상해없음,보행자,남,36세,경상
2019051800100154,2019년 5월 18일 06시,토요일,울산광역시 중구 약사동,중상사고,0,1,0,1,차량단독 - 기타,안전운전불이행,젖음/습기,흐림,교차로 - 교차로부근,승용,여,57세,부상신고,,,,
2019051800100248,2019년 5월 18일 10시,토요일,울산광역시 울주군 상북면,중상사고,0,1,0,0,차대사람 - 횡단중,보행자보호의무위반,젖음/습기,비,교차로 - 교차로부근,승용,남,90세 이상,상해없음,보행자,남,82세,중상
2019051800100249,2019년 5월 18일 10시,토요일,울산광역시 울주군 범서읍,중상사고,0,1,7,0,차량단독 - 도로외이탈 - 기타,안전운전불이행,젖음/습기,비,단일로 - 기타,승합,남,62세,상해없음,,,,
2019051800100288,2019년 5월 18일 11시,토요일,울산광역시 동구 전하동,경상사고,0,0,1,0,차대사람 - 기타,안전운전불이행,젖음/습기,비,교차로 - 교차로부근,승용,남,66세,상해없음,보행자,여,59세,경상
2019051800100300,2019년 5월 18일 12시,토요일,울산광역시 울주군 청량읍,경상사고,0,0,1,0,차대차 - 기타,안전운전불이행,건조,맑음,기타 - 기타,승용,남,49세,상해없음,승용,남,33세,경상
2019051800100445,2019년 5월 18일 15시,토요일,울산광역시 남구 삼산동,경상사고,0,0,1,0,차대사람 - 길가장자리구역통행중,안전운전불이행,젖음/습기,비,단일로 - 기타,승용,여,29세,상해없음,보행자,여,19세,경상
2019051800100523,2019년 5월 18일 17시,토요일,울산광역시 울주군 온양읍,경상사고,0,0,1,0,차대차 - 측면충돌,안전운전불이행,젖음/습기,비,교차로 - 교차로안,화물,남,68세,상해없음,승용,남,62세,경상
2019051800100588,2019년 5월 18일 19시,토요일,울산광역시 동구 일산동,경상사고,0,0,1,0,차대차 - 기타,안전운전불이행,젖음/습기,비,교차로 - 교차로안,승용,남,49세,상해없음,이륜,남,37세,경상
2019051800100620,2019년 5월 18일 20시,토요일,울산광역시 북구 산하동,경상사고,0,0,3,0,차대차 - 측면충돌,직진우회전진행방해,건조,맑음,교차로 - 교차로안,승용,여,59세,경상,승용,여,33세,경상
2019051800100645,2019년 5월 18일 21시,토요일,울산광역시 남구 삼산동,경상사고,0,0,1,0,차대차 - 측면충돌,신호위반,건조,맑음,교차로 - 교차로안,승용,남,29세,상해없음,승합,남,56세,경상
2019051900100061,2019년 5월 19일 01시,일요일,울산광역시 중구 남외동,경상사고,0,0,1,0,차대사람 - 길가장자리구역통행중,안전운전불이행,건조,맑음,교차로 - 교차로안,승용,여,44세,상해없음,보행자,남,24세,경상
2019051900100098,2019년 5월 19일 05시,일요일,울산광역시 남구 삼산동,경상사고,0,0,3,0,차대차 - 측면충돌,안전운전불이행,건조,맑음,교차로 - 교차로부근,승용,남,67세,상해없음,승용,남,68세,경상
2019051900100180,2019년 5월 19일 10시,일요일,울산광역시 남구 신정동,중상사고,0,1,0,0,차대차 - 측면충돌,안전거리미확보,건조,맑음,단일로 - 기타,승용,남,55세,상해없음,이륜,남,37세,중상
2019051900100397,2019년 5월 19일 17시,일요일,울산광역시 중구 서동,부상신고사고,0,0,0,1,차량단독 - 공작물충돌,안전운전불이행,젖음/습기,비,교차로 - 교차로안,이륜,남,56세,부상신고,,,,
2019051900100398,2019년 5월 19일 17시,일요일,울산광역시 남구 무거동,중상사고,0,1,0,0,차대차 - 측면충돌,안전운전불이행,젖음/습기,비,교차로 - 교차로부근,승용,남,18세,상해없음,이륜,남,54세,중상
2019051900100433,2019년 5월 19일 18시,일요일,울산광역시 중구 성안동,경상사고,0,0,3,0,차대차 - 추돌,안전운전불이행,젖음/습기,비,교차로 - 교차로안,화물,남,50세,상해없음,승용,남,63세,경상
2019051900100434,2019년 5월 19일 18시,일요일,울산광역시 북구 송정동,경상사고,0,0,1,0,차대차 - 측면충돌,안전운전불이행,젖음/습기,비,단일로 - 기타,화물,남,52세,상해없음,승용,여,39세,경상
2019051900100472,2019년 5월 19일 19시,일요일,울산광역시 북구 화봉동,경상사고,0,0,1,1,차대차 - 측면충돌,신호위반,건조,맑음,교차로 - 교차로안,승용,남,38세,부상신고,승용,여,46세,경상
2019051900100512,2019년 5월 19일 20시,일요일,울산광역시 중구 다운동,경상사고,0,0,1,0,차대차 - 정면충돌,안전운전불이행,젖음/습기,비,단일로 - 기타,승용,남,46세,상해없음,승용,남,33세,경상
2019051900100513,2019년 5월 19일 20시,일요일,울산광역시 동구 서부동,경상사고,0,0,2,0,차대차 - 추돌,안전운전불이행,젖음/습기,비,교차로 - 교차로부근,승용,여,26세,상해없음,승용,남,25세,경상
2019051900100549,2019년 5월 19일 21시,일요일,울산광역시 북구 호계동,경상사고,0,0,4,0,차대차 - 측면충돌,교차로운행방법위반,젖음/습기,비,교차로 - 교차로안,승용,남,27세,경상,승용,남,35세,경상
2019051900100550,2019년 5월 19일 21시,일요일,울산광역시 동구 전하동,경상사고,0,0,1,0,차대차 - 측면충돌,안전운전불이행,기타,맑음,교차로 - 교차로안,승용,남,30세,기타불명,승용,남,21세,경상
2019051900100576,2019년 5월 19일 22시,일요일,울산광역시 중구 반구동,중상사고,0,1,0,0,차대차 - 측면충돌,안전거리미확보,젖음/습기,맑음,교차로 - 교차로안,이륜,남,18세,상해없음,이륜,남,31세,중상
2019051900100596,2019년 5월 19일 23시,일요일,울산광역시 남구 신정동,경상사고,0,0,1,0,차대차 - 추돌,안전운전불이행,건조,맑음,단일로 - 지하차도(도로)내,승용,남,49세,상해없음,승용,남,27세,경상
2019052000100046,2019년 5월 20일 02시,월요일,울산광역시 중구 서동,부상신고사고,0,0,0,1,차대차 - 후진중충돌,안전운전불이행,건조,맑음,단일로 - 기타,승용,남,51세,부상신고,화물,남,61세,기타불명
2019052000100101,2019년 5월 20일 07시,월요일,울산광역시 북구 화봉동,경상사고,0,0,1,0,차대사람 - 횡단중,신호위반,건조,맑음,교차로 - 교차로안,승용,남,47세,상해없음,보행자,여,20세,경상
2019052000100359,2019년 5월 20일 14시,월요일,울산광역시 남구 신정동,경상사고,0,0,1,0,차대사람 - 횡단중,안전운전불이행,건조,맑음,단일로 - 기타,화물,남,35세,상해없음,보행자,여,49세,경상
2019052000100360,2019년 5월 20일 14시,월요일,울산광역시 남구 무거동,경상사고,0,0,1,0,차대차 - 추돌,안전운전불이행,건조,맑음,교차로 - 교차로부근,승용,남,50세,상해없음,승용,남,36세,경상
2019052000100402,2019년 5월 20일 15시,월요일,울산광역시 북구 화봉동,중상사고,0,1,0,0,차대차 - 측면충돌,신호위반,건조,맑음,교차로 - 교차로안,자전거,남,62세,중상,승용,여,44세,상해없음
2019052000100403,2019년 5월 20일 15시,월요일,울산광역시 동구 방어동,경상사고,0,0,1,0,차대차 - 정면충돌,안전운전불이행,건조,맑음,교차로 - 교차로안,승용,여,56세,상해없음,승용,남,41세,경상
2019052000100522,2019년 5월 20일 17시,월요일,울산광역시 북구 염포동,중상사고,0,1,0,0,차대차 - 측면충돌,안전운전불이행,건조,맑음,단일로 - 기타,승용,남,58세,상해없음,이륜,남,30세,중상
2019052000100574,2019년 5월 20일 18시,월요일,울산광역시 중구 복산동,경상사고,0,0,1,0,차대사람 - 횡단중,신호위반,건조,맑음,단일로 - 기타,이륜,남,25세,상해없음,보행자,남,10세,경상
2019052000100603,2019년 5월 20일 19시,월요일,울산광역시 중구 옥교동,경상사고,0,0,1,0,차대차 - 추돌,안전운전불이행,건조,맑음,단일로 - 기타,승용,남,33세,상해없음,승용,여,39세,경상
2019052000100604,2019년 5월 20일 19시,월요일,울산광역시 동구 방어동,중상사고,0,1,0,0,차대차 - 측면충돌,안전운전불이행,기타,맑음,교차로 - 교차로안,승용,남,58세,상해없음,이륜,남,26세,중상
2019052000100635,2019년 5월 20일 20시,월요일,울산광역시 중구 반구동,경상사고,0,0,2,0,차대차 - 측면충돌,중앙선침범,건조,맑음,단일로 - 기타,이륜,남,18세,경상,승용,남,46세,경상
2019052000100636,2019년 5월 20일 20시,월요일,울산광역시 울주군 범서읍,경상사고,0,0,1,0,차대차 - 측면충돌,안전거리미확보,건조,맑음,교차로 - 교차로부근,승용,남,54세,상해없음,승용,남,62세,경상
2019052100100072,2019년 5월 21일 02시,화요일,울산광역시 동구 전하동,경상사고,0,0,1,0,차대사람 - 기타,안전운전불이행,건조,맑음,교차로 - 교차로부근,승용,남,45세,상해없음,보행자,여,43세,경상
2019052100100190,2019년 5월 21일 08시,화요일,울산광역시 중구 다운동,경상사고,0,0,6,0,차대차 - 측면충돌,중앙선침범,건조,맑음,단일로 - 기타,승용,여,54세,상해없음,승용,남,35세,경상
2019052100100231,2019년 5월 21일 09시,화요일,울산광역시 남구 야음동,경상사고,0,0,2,0,차대차 - 기타,중앙선침범,건조,맑음,단일로 - 기타,승용,남,66세,상해없음,승용,남,24세,상해없음
2019052100100397,2019년 5월 21일 14시,화요일,울산광역시 북구 신천동,중상사고,0,1,2,0,차대차 - 측면충돌,교차로운행방법위반,건조,맑음,교차로 - 교차로안,승용,남,72세,상해없음,승합,남,56세,상해없음
2019052100100398,2019년 5월 21일 14시,화요일,울산광역시 남구 삼산동,경상사고,0,0,1,0,차대사람 - 차도통행중,안전운전불이행,건조,맑음,단일로 - 기타,승용,남,45세,상해없음,보행자,남,62세,경상
2019052100100469,2019년 5월 21일 16시,화요일,울산광역시 울주군 온양읍,경상사고,0,0,1,0,차대차 - 측면충돌,교차로운행방법위반,건조,맑음,교차로 - 교차로안,승합,남,32세,상해없음,승용,남,28세,경상
2019052100100584,2019년 5월 21일 18시,화요일,울산광역시 중구 반구동,경상사고,0,0,1,0,차대차 - 추돌,안전운전불이행,건조,맑음,단일로 - 기타,화물,남,34세,상해없음,승용,남,70세,경상
2019052100100658,2019년 5월 21일 20시,화요일,울산광역시 중구 옥교동,부상신고사고,0,0,0,1,차대차 - 측면충돌,안전운전불이행,건조,맑음,단일로 - 기타,승용,남,54세,상해없음,이륜,남,23세,부상신고
2019052100100659,2019년 5월 21일 20시,화요일,울산광역시 동구 전하동,중상사고,0,1,1,0,차대차 - 측면충돌,신호위반,건조,맑음,교차로 - 교차로안,이륜,남,36세,경상,이륜,남,35세,중상
2019052100100725,2019년 5월 21일 22시,화요일,울산광역시 남구 삼산동,경상사고,0,0,2,0,차대차 - 측면충돌,안전운전불이행,건조,기타,단일로 - 기타,승용,남,40세,상해없음,승용,여,41세,상해없음
2019052100100726,2019년 5월 21일 22시,화요일,울산광역시 울주군 언양읍,부상신고사고,0,0,0,3,차대사람 - 기타,안전운전불이행,건조,맑음,단일로 - 기타,승용,남,33세,상해없음,보행자,남,18세,부상신고
2019052200100073,2019년 5월 22일 05시,수요일,울산광역시 남구 여천동,중상사고,0,1,1,0,차대차 - 정면충돌,중앙선침범,건조,맑음,단일로 - 기타,승용,남,51세,중상,화물,남,66세,경상
2019052200100190,2019년 5월 22일 08시,수요일,울산광역시 북구 매곡동,중상사고,0,1,0,0,차대차 - 측면충돌,신호위반,건조,맑음,교차로 - 교차로안,승용,여,50세,상해없음,자전거,남,13세,중상
2019052200100191,2019년 5월 22일 08시,수요일,울산광역시 중구 복산동,경상사고,0,0,2,0,차대차 - 측면충돌,교차로운행방법위반,건조,맑음,교차로 - 교차로안,승용,여,64세,경상,승용,여,43세,경상
2019052200100192,2019년 5월 22일 08시,수요일,울산광역시 남구 두왕동,중상사고,0,1,0,0,차대차 - 추돌,안전운전불이행,건조,맑음,교차로 - 교차로부근,승용,남,27세,상해없음,승용,여,53세,중상
2019052200100193,2019년 5월 22일 08시,수요일,울산광역시 울주군 청량읍,경상사고,0,0,1,0,차대차 - 추돌,안전운전불이행,건조,맑음,단일로 - 기타,화물,남,36세,상해없음,승용,여,66세,경상
2019052200100194,2019년 5월 22일 08시,수요일,울산광역시 울주군 범서읍,경상사고,0,0,1,0,차대차 - 추돌,안전운전불이행,건조,맑음,기타 - 기타,승용,여,36세,상해없음,승용,여,47세,경상
2019052200100286,2019년 5월 22일 11시,수요일,울산광역시 중구 성남동,경상사고,0,0,4,0,차대차 - 추돌,안전운전불이행,건조,맑음,교차로 - 교차로안,승용,남,62세,기타불명,승용,여,29세,경상
2019052200100398,2019년 5월 22일 14시,수요일,울산광역시 남구 달동,경상사고,0,0,2,0,차대차 - 측면충돌,직진우회전진행방해,건조,맑음,교차로 - 교차로안,승용,여,27세,상해없음,승용,남,68세,경상
2019052200100399,2019년 5월 22일 14시,수요일,울산광역시 울주군 언양읍,경상사고,0,0,1,0,차대사람 - 횡단중,안전운전불이행,건조,맑음,단일로 - 기타,화물,여,50세,상해없음,보행자,남,54세,경상
2019052200100430,2019년 5월 22일 15시,수요일,울산광역시 울주군 언양읍,경상사고,0,0,1,0,차대차 - 정면충돌,안전운전불이행,건조,맑음,교차로 - 교차로안,승용,남,42세,상해없음,이륜,남,33세,경상
2019052200100431,2019년 5월 22일 15시,수요일,울산광역시 울주군 범서읍,경상사고,0,0,1,0,차대사람 - 길가장자리구역통행중,안전운전불이행,건조,맑음,단일로 - 기타,승용,남,65세,상해없음,보행자,여,11세,경상
2019052200100535,2019년 5월 22일 17시,수요일,울산광역시 울주군 언양읍,중상사고,0,2,2,0,차대차 - 정면충돌,신호위반,건조,맑음,교차로 - 교차로안,승용,남,55세,상해없음,승용,남,23세,경상
2019052200100573,2019년 5월 22일 18시,수요일,울산광역시 중구 남외동,경상사고,0,0,1,0,차대차 - 측면충돌,신호위반,건조,맑음,교차로 - 교차로안,승용,남,27세,상해없음,이륜,남,53세,경상
2019052200100574,2019년 5월 22일 18시,수요일,울산광역시 동구 전하동,경상사고,0,0,1,0,차대사람 - 횡단중,안전운전불이행,건조,맑음,교차로 - 교차로부근,승용,남,63세,상해없음,보행자,남,23세,경상
2019052200100618,2019년 5월 22일 19시,수요일,울산광역시 남구 신정동,부상신고사고,0,0,0,1,차량단독 - 기타,기타,건조,맑음,교차로 - 교차로안,승합,남,54세,상해없음,,,,
2019052200100652,2019년 5월 22일 20시,수요일,울산광역시 울주군 온산읍,경상사고,0,0,1,0,차대사람 - 기타,안전운전불이행,건조,맑음,단일로 - 기타,승용,남,70세,상해없음,보행자,남,37세,경상
2019052300100043,2019년 5월 23일 00시,목요일,울산광역시 북구 염포동,경상사고,0,0,1,0,차량단독 - 공작물충돌,안전운전불이행,건조,맑음,단일로 - 고가도로위,승용,여,36세,경상,,,,
2019052300100122,2019년 5월 23일 07시,목요일,울산광역시 동구 전하동,중상사고,0,1,0,0,차량단독 - 기타,안전운전불이행,건조,맑음,교차로 - 교차로안,이륜,남,52세,중상,,,,
2019052300100123,2019년 5월 23일 07시,목요일,울산광역시 울주군 언양읍,경상사고,0,0,1,0,차대차 - 측면충돌,안전운전불이행,건조,맑음,단일로 - 기타,승용,남,56세,상해없음,승용,남,61세,경상
2019052300100213,2019년 5월 23일 09시,목요일,울산광역시 동구 화정동,중상사고,0,1,0,0,차대차 - 측면충돌,안전운전불이행,기타,맑음,교차로 - 교차로안,승용,여,40세,상해없음,이륜,남,71세,중상
2019052300100290,2019년 5월 23일 11시,목요일,울산광역시 남구 무거동,중상사고,0,3,1,0,차대차 - 측면충돌,안전거리미확보,건조,맑음,단일로 - 기타,화물,남,57세,상해없음,승용,여,26세,중상
2019052300100291,2019년 5월 23일 11시,목요일,울산광역시 남구 야음동,경상사고,0,0,2,0,차대차 - 측면충돌,신호위반,건조,맑음,교차로 - 교차로안,이륜,남,27세,상해없음,승용,남,69세,경상
2019052300100325,2019년 5월 23일 12시,목요일,울산광역시 남구 야음동,경상사고,0,0,3,0,차대차 - 측면충돌,차로위반,건조,맑음,단일로 - 기타,화물,남,58세,경상,승용,여,50세,경상
2019052300100326,2019년 5월 23일 12시,목요일,울산광역시 남구 여천동,중상사고,0,1,0,0,차대사람 - 횡단중,보행자보호의무위반,건조,맑음,교차로 - 교차로안,화물,남,44세,상해없음,보행자,남,62세,중상
2019052300100358,2019년 5월 23일 13시,목요일,울산광역시 울주군 삼남면,경상사고,0,0,2,0,차대차 - 기타,교차로운행방법위반,건조,맑음,교차로 - 교차로안,승용,여,27세,경상,승용,여,62세,경상
2019052300100425,2019년 5월 23일 15시,목요일,울산광역시 중구 남외동,중상사고,0,1,0,0,차대사람 - 기타,안전운전불이행,건조,맑음,단일로 - 기타,승용,여,49세,상해없음,보행자,여,64세,중상
2019052300100563,2019년 5월 23일 18시,목요일,울산광역시 남구 신정동,경상사고,0,0,1,0,차대사람 - 차도통행중,안전운전불이행,건조,맑음,단일로 - 기타,승용,여,27세,상해없음,보행자,남,74세,경상
2019052300100697,2019년 5월 23일 22시,목요일,울산광역시 중구 남외동,경상사고,0,0,1,0,차대차 - 측면충돌,안전운전불이행,건조,맑음,단일로 - 기타,이륜,남,35세,경상,화물,남,31세,상해없음
2019052300100719,2019년 5월 23일 23시,목요일,울산광역시 중구 성안동,경상사고,0,0,1,0,차대사람 - 기타,안전운전불이행,건조,맑음,단일로 - 기타,승용,여,46세,상해없음,보행자,남,16세,경상
2019052300100720,2019년 5월 23일 23시,목요일,울산광역시 남구 신정동,중상사고,0,1,0,0,차대사람 - 횡단중,안전운전불이행,건조,맑음,단일로 - 기타,승용,남,35세,상해없음,보행자,남,54세,중상
2019052400100042,2019년 5월 24일 00시,금요일,울산광역시 북구 천곡동,경상사고,0,0,1,0,차대차 - 측면충돌,안전운전불이행,건조,맑음,단일로 - 기타,승용,남,63세,상해없음,이륜,남,16세,경상
2019052400100089,2019년 5월 24일 05시,금요일,울산광역시 울주군 언양읍,중상사고,0,2,0,0,차량단독 - 공작물충돌,안전운전불이행,건조,맑음,단일로 - 기타,승용,남,54세,상해없음,,,,
2019052400100100,2019년 5월 24일 06시,금요일,울산광역시 북구 화봉동,중상사고,0,1,0,0,차대사람 - 횡단중,보행자보호의무위반,건조,맑음,교차로 - 교차로횡단보도내,승용,남,61세,상해없음,보행자,남,9세,중상
2019052400100125,2019년 5월 24일 07시,금요일,울산광역시 동구 서부동,경상사고,0,0,1,0,차대차 - 측면충돌,신호위반,건조,맑음,교차로 - 교차로안,승합,남,56세,상해없음,이륜,남,22세,경상
2019052400100278,2019년 5월 24일 11시,금요일,울산광역시 중구 약사동,경상사고,0,0,1,0,차대차 - 기타,안전거리미확보,건조,맑음,단일로 - 기타,화물,남,52세,상해없음,승용,여,60세,상해없음
2019052400100279,2019년 5월 24일 11시,금요일,울산광역시 울주군 범서읍,경상사고,0,0,1,0,차량단독 - 기타,안전운전불이행,건조,맑음,단일로 - 기타,승합,남,55세,상해없음,,,,
2019052400100321,2019년 5월 24일 12시,금요일,울산광역시 동구 화정동,경상사고,0,0,1,0,차대차 - 측면충돌,안전운전불이행,건조,맑음,교차로 - 교차로안,이륜,남,40세,경상,승용,남,34세,기타불명
2019052400100401,2019년 5월 24일 14시,금요일,울산광역시 남구 옥동,중상사고,0,1,0,0,차량단독 - 기타,안전운전불이행,건조,맑음,단일로 - 기타,승합,남,53세,상해없음,,,,
2019052400100402,2019년 5월 24일 14시,금요일,울산광역시 울주군 온산읍,경상사고,0,0,1,0,차대차 - 측면충돌,안전운전불이행,건조,맑음,단일로 - 지하차도(도로)내,화물,여,49세,경상,화물,남,54세,상해없음
2019052400100564,2019년 5월 24일 17시,금요일,울산광역시 중구 반구동,중상사고,0,1,2,0,차대차 - 측면충돌,안전운전불이행,건조,맑음,단일로 - 기타,화물,남,84세,상해없음,승합,남,45세,경상
2019052400100613,2019년 5월 24일 18시,금요일,울산광역시 울주군 범서읍,경상사고,0,0,1,0,차대차 - 측면충돌,교차로운행방법위반,건조,맑음,교차로 - 교차로안,이륜,남,61세,경상,승용,남,35세,상해없음
2019052400100614,2019년 5월 24일 18시,금요일,울산광역시 울주군 삼남면,경상사고,0,0,3,0,차대차 - 추돌,안전거리미확보,건조,맑음,단일로 - 기타,승용,남,64세,경상,승용,남,20세,경상
2019052400100787,2019년 5월 24일 23시,금요일,울산광역시 남구 신정동,중상사고,0,1,0,0,차대차 - 추돌,안전운전불이행,건조,맑음,단일로 - 기타,이륜,남,17세,중상,화물,남,50세,상해없음
2019052500100034,2019년 5월 25일 00시,토요일,울산광역시 중구 학산동,경상사고,0,0,2,0,차대차 - 추돌,안전운전불이행,건조,맑음,단일로 - 기타,승용,여,30세,상해없음,승용,남,68세,경상
2019052500100049,2019년 5월 25일 01시,토요일,울산광역시 동구 전하동,부상신고사고,0,0,0,1,차대차 - 측면충돌,안전운전불이행,건조,맑음,교차로 - 교차로안,승용,남,50세,상해없음,이륜,남,21세,부상신고
2019052500100066,2019년 5월 25일 02시,토요일,울산광역시 울주군 청량읍,중상사고,0,1,1,0,차량단독 - 공작물충돌,안전운전불이행,건조,맑음,교차로 - 교차로부근,승용,남,21세,중상,,,,
2019052500100122,2019년 5월 25일 06시,토요일,울산광역시 울주군 온양읍,중상사고,0,1,1,0,차대차 - 기타,기타,건조,맑음,단일로 - 기타,화물,남,55세,상해없음,승합,남,45세,상해없음
2019052500100200,2019년 5월 25일 09시,토요일,울산광역시 남구 두왕동,중상사고,0,2,2,0,차대차 - 추돌,안전거리미확보,건조,맑음,단일로 - 기타,승용,남,65세,상해없음,승용,여,47세,상해없음
2019052500100228,2019년 5월 25일 10시,토요일,울산광역시 남구 달동,중상사고,0,1,1,0,차대사람 - 기타,안전운전불이행,건조,맑음,교차로 - 교차로안,화물,남,49세,상해없음,보행자,여,35세,중상
2019052500100229,2019년 5월 25일 10시,토요일,울산광역시 울주군 범서읍,경상사고,0,0,1,0,차대차 - 기타,교차로운행방법위반,건조,맑음,교차로 - 교차로부근,원동기,남,11세,경상,승합,남,43세,상해없음