사고번호,사고일시,요일,시군구,사고내용,사망자수,중상자수,경상자수,부상신고자수,사고유형,법규위반,노면상태,기상상태,도로형태,가해운전자 차종,가해운전자 성별,가해운전자 연령,가해운전자 상해정도,피해운전자 차종,피해운전자 성별,피해운전자 연령,피해운전자 상해정도
2019070400100376,2019년 7월 4일 14시,목요일,울산광역시 울주군 청량읍,경상사고,0,0,1,0,차대차 - 측면충돌,신호위반,건조,맑음,교차로 - 교차로부근,승용,남,67세,상해없음,승용,남,43세,경상
2019070400100452,2019년 7월 4일 16시,목요일,울산광역시 중구 남외동,중상사고,0,1,0,0,차대차 - 측면충돌,안전운전불이행,건조,맑음,단일로 - 기타,원동기,여,63세,중상,승용,여,52세,상해없음
2019070400100498,2019년 7월 4일 17시,목요일,울산광역시 남구 무거동,경상사고,0,0,1,0,차대차 - 측면충돌,교차로운행방법위반,건조,맑음,교차로 - 교차로안,승합,남,49세,상해없음,승용,여,45세,경상
2019070400100569,2019년 7월 4일 19시,목요일,울산광역시 남구 신정동,경상사고,0,0,1,0,차대차 - 기타,신호위반,건조,맑음,교차로 - 교차로안,승용,여,25세,상해없음,이륜,남,35세,경상
2019070400100570,2019년 7월 4일 19시,목요일,울산광역시 동구 전하동,경상사고,0,0,1,0,차대차 - 측면충돌,기타,건조,맑음,단일로 - 기타,화물,남,38세,상해없음,이륜,남,36세,경상
2019070400100571,2019년 7월 4일 19시,목요일,울산광역시 울주군 삼남면,경상사고,0,0,1,0,차대차 - 기타,교차로운행방법위반,건조,맑음,교차로 - 교차로안,화물,남,52세,상해없음,승용,남,45세,경상
2019070500100060,2019년 7월 5일 03시,금요일,울산광역시 남구 옥동,중상사고,0,2,0,0,차대차 - 측면충돌,신호위반,건조,맑음,교차로 - 교차로안,승용,남,32세,상해없음,승용,남,58세,중상
2019070500100119,2019년 7월 5일 07시,금요일,울산광역시 남구 신정동,경상사고,0,0,1,0,차대차 - 측면충돌,차로위반,건조,맑음,교차로 - 교차로안,승합,남,54세,상해없음,승용,남,30세,경상
2019070500100259,2019년 7월 5일 11시,금요일,울산광역시 남구 달동,경상사고,0,0,1,0,차대차 - 측면충돌,기타,건조,맑음,단일로 - 기타,승용,여,36세,경상,건설기계,남,36세,기타불명
2019070500100346,2019년 7월 5일 14시,금요일,울산광역시 울주군 언양읍,중상사고,0,2,2,0,차대차 - 측면충돌,안전거리미확보,건조,맑음,단일로 - 기타,화물,남,48세,상해없음,승합,남,45세,중상
2019070500100406,2019년 7월 5일 15시,금요일,울산광역시 중구 태화동,경상사고,0,0,1,0,차대차 - 측면충돌,교차로운행방법위반,건조,맑음,교차로 - 교차로안,승용,여,51세,상해없음,자전거,남,14세,경상
2019070500100407,2019년 7월 5일 15시,금요일,울산광역시 남구 신정동,경상사고,0,0,1,0,차대차 - 기타,안전운전불이행,건조,맑음,교차로 - 교차로안,이륜,남,50세,경상,승용,여,43세,상해없음
2019070500100408,2019년 7월 5일 15시,금요일,울산광역시 북구 염포동,중상사고,0,1,0,0,차대사람 - 횡단중,안전운전불이행,건조,맑음,단일로 - 기타,승용,남,36세,상해없음,보행자,남,77세,중상
2019070500100458,2019년 7월 5일 16시,금요일,울산광역시 동구 방어동,중상사고,0,1,0,0,차대차 - 기타,안전운전불이행,건조,맑음,단일로 - 기타,승용,여,58세,상해없음,이륜,남,70세,중상
2019070500100565,2019년 7월 5일 18시,금요일,울산광역시 중구 성안동,중상사고,0,1,0,0,차대차 - 측면충돌,안전거리미확보,건조,맑음,교차로 - 교차로부근,승용,남,70세,상해없음,승용,여,27세,중상
2019070500100598,2019년 7월 5일 19시,금요일,울산광역시 울주군 온양읍,경상사고,0,0,1,0,차대차 - 기타,직진우회전진행방해,건조,맑음,교차로 - 교차로안,승용,남,36세,상해없음,승용,남,28세,경상
2019070500100623,2019년 7월 5일 20시,금요일,울산광역시 울주군 온양읍,중상사고,0,1,0,0,차대차 - 추돌,안전운전불이행,건조,맑음,교차로 - 교차로안,승용,남,52세,상해없음,원동기,여,66세,중상
2019070500100661,2019년 7월 5일 21시,금요일,울산광역시 동구 화정동,중상사고,0,3,0,0,차대사람 - 횡단중,신호위반,건조,맑음,교차로 - 교차로횡단보도내,승용,여,22세,상해없음,보행자,여,50세,중상
2019070600100105,2019년 7월 6일 04시,토요일,울산광역시 남구 신정동,중상사고,0,1,1,0,차대차 - 추돌,안전운전불이행,건조,맑음,교차로 - 교차로부근,승용,남,32세,상해없음,승용,남,63세,중상
2019070600100246,2019년 7월 6일 10시,토요일,울산광역시 울주군 범서읍,경상사고,0,0,1,0,차대차 - 측면충돌,직진우회전진행방해,건조,맑음,교차로 - 교차로안,승용,여,47세,상해없음,승용,남,38세,경상
2019070600100282,2019년 7월 6일 11시,토요일,울산광역시 울주군 온양읍,중상사고,0,1,1,0,차대차 - 정면충돌,중앙선침범,건조,맑음,단일로 - 기타,승용,남,66세,경상,승합,남,46세,중상
2019070600100337,2019년 7월 6일 12시,토요일,울산광역시 울주군 언양읍,경상사고,0,0,2,0,차대차 - 측면충돌,교차로운행방법위반,건조,맑음,교차로 - 교차로안,승용,여,66세,상해없음,승용,여,26세,경상
2019070600100338,2019년 7월 6일 12시,토요일,울산광역시 울주군 온산읍,경상사고,0,0,2,0,차대차 - 기타,불법유턴,건조,맑음,단일로 - 기타,승용,남,37세,경상,승용,여,57세,경상
2019070600100380,2019년 7월 6일 13시,토요일,울산광역시 북구 매곡동,경상사고,0,0,4,0,차대차 - 측면충돌,신호위반,건조,맑음,교차로 - 교차로안,이륜,남,16세,상해없음,승용,남,35세,경상
2019070600100381,2019년 7월 6일 13시,토요일,울산광역시 남구 무거동,경상사고,0,0,1,0,차대차 - 측면충돌,신호위반,건조,맑음,교차로 - 교차로안,승용,남,33세,상해없음,화물,남,27세,경상
2019070600100420,2019년 7월 6일 14시,토요일,울산광역시 중구 성안동,경상사고,0,0,3,0,차대차 - 추돌,안전운전불이행,건조,맑음,단일로 - 기타,승합,여,41세,경상,승용,남,34세,경상
2019070600100421,2019년 7월 6일 14시,토요일,울산광역시 울주군 온산읍,경상사고,0,0,3,0,차대차 - 기타,직진우회전진행방해,건조,맑음,교차로 - 교차로안,건설기계,남,55세,경상,화물,남,36세,경상
2019070600100459,2019년 7월 6일 15시,토요일,울산광역시 남구 신정동,경상사고,0,0,1,0,차대사람 - 기타,안전운전불이행,건조,맑음,교차로 - 교차로안,이륜,남,44세,상해없음,보행자,여,71세,경상
2019070600100579,2019년 7월 6일 18시,토요일,울산광역시 중구 성남동,경상사고,0,0,2,0,차대사람 - 기타,안전운전불이행,건조,맑음,단일로 - 기타,승합,남,45세,상해없음,보행자,여,17세,경상
2019070600100705,2019년 7월 6일 22시,토요일,울산광역시 남구 무거동,중상사고,0,1,0,0,차대사람 - 기타,안전운전불이행,건조,맑음,단일로 - 기타,승용,남,53세,상해없음,보행자,여,70세,중상
2019070700100046,2019년 7월 7일 01시,일요일,울산광역시 북구 중산동,경상사고,0,0,1,0,차대차 - 측면충돌,안전운전불이행,건조,맑음,교차로 - 교차로부근,승용,남,19세,상해없음,이륜,남,20세,경상
2019070700100066,2019년 7월 7일 03시,일요일,울산광역시 남구 달동,경상사고,0,0,1,0,차대사람 - 차도통행중,안전운전불이행,건조,맑음,단일로 - 기타,승용,남,29세,상해없음,보행자,남,21세,경상
2019070700100084,2019년 7월 7일 05시,일요일,울산광역시 울주군 범서읍,경상사고,0,0,1,0,차대사람 - 기타,기타,건조,맑음,주차장 - 주차장,승용,여,46세,상해없음,보행자,여,64세,경상
2019070700100309,2019년 7월 7일 15시,일요일,울산광역시 동구 일산동,경상사고,0,0,1,0,차대차 - 기타,중앙선침범,건조,맑음,단일로 - 기타,승용,여,29세,상해없음,이륜,남,19세,경상
2019070700100355,2019년 7월 7일 16시,일요일,울산광역시 남구 달동,경상사고,0,0,1,0,차대차 - 기타,직진우회전진행방해,건조,맑음,교차로 - 교차로안,승용,남,62세,상해없음,승용,남,67세,경상
2019070700100478,2019년 7월 7일 21시,일요일,울산광역시 울주군 범서읍,경상사고,0,0,1,0,차대차 - 측면충돌,안전운전불이행,건조,흐림,교차로 - 교차로안,화물,남,52세,상해없음,승용,여,53세,경상
2019070800100154,2019년 7월 8일 08시,월요일,울산광역시 남구 신정동,경상사고,0,0,1,0,차대사람 - 횡단중,신호위반,건조,흐림,교차로 - 교차로횡단보도내,승합,남,61세,상해없음,보행자,남,18세,경상
2019070800100155,2019년 7월 8일 08시,월요일,울산광역시 남구 선암동,경상사고,0,0,1,0,차대차 - 정면충돌,안전운전불이행,건조,맑음,교차로 - 교차로안,승용,여,38세,상해없음,승용,여,28세,경상
2019070800100193,2019년 7월 8일 09시,월요일,울산광역시 남구 삼산동,경상사고,0,0,1,0,차대차 - 측면충돌,안전운전불이행,건조,흐림,교차로 - 교차로안,승용,남,72세,상해없음,승용,남,31세,경상
2019070800100225,2019년 7월 8일 10시,월요일,울산광역시 남구 두왕동,경상사고,0,0,1,0,차대차 - 정면충돌,신호위반,건조,흐림,교차로 - 교차로안,승용,여,81세,상해없음,승용,여,38세,경상
2019070800100263,2019년 7월 8일 11시,월요일,울산광역시 남구 달동,중상사고,0,1,0,0,차대차 - 정면충돌,안전운전불이행,건조,흐림,교차로 - 교차로안,승용,남,50세,상해없음,승합,남,33세,중상
2019070800100390,2019년 7월 8일 15시,월요일,울산광역시 북구 산하동,중상사고,0,1,1,0,차대차 - 측면충돌,직진우회전진행방해,건조,맑음,교차로 - 교차로안,승용,여,47세,경상,승용,여,27세,중상
2019070800100430,2019년 7월 8일 16시,월요일,울산광역시 남구 삼산동,경상사고,0,0,1,0,차대차 - 기타,안전운전불이행,건조,맑음,단일로 - 기타,화물,남,49세,상해없음,자전거,여,47세,경상
2019070800100431,2019년 7월 8일 16시,월요일,울산광역시 북구 산하동,중상사고,0,1,0,0,차대사람 - 보도통행중,기타,건조,맑음,단일로 - 기타,이륜,남,35세,상해없음,보행자,여,9세,중상
2019070800100504,2019년 7월 8일 18시,월요일,울산광역시 울주군 범서읍,경상사고,0,0,1,1,차대차 - 측면충돌,교차로운행방법위반,건조,맑음,교차로 - 교차로안,승용,남,33세,경상,화물,남,25세,부상신고
2019070800100539,2019년 7월 8일 19시,월요일,울산광역시 중구 남외동,경상사고,0,0,1,0,차대사람 - 기타,안전운전불이행,건조,맑음,단일로 - 기타,승용,남,28세,상해없음,보행자,남,29세,경상
2019070800100561,2019년 7월 8일 20시,월요일,울산광역시 동구 화정동,중상사고,0,1,1,0,차대차 - 추돌,안전운전불이행,젖음/습기,비,교차로 - 교차로부근,승용,여,34세,상해없음,승용,남,37세,중상
2019070900100084,2019년 7월 9일 06시,화요일,울산광역시 중구 학성동,경상사고,0,0,1,0,차대차 - 측면충돌,중앙선침범,건조,맑음,단일로 - 기타,승용,남,23세,상해없음,승용,남,33세,경상
2019070900100238,2019년 7월 9일 10시,화요일,울산광역시 북구 호계동,중상사고,0,1,0,0,차대차 - 측면충돌,신호위반,건조,맑음,교차로 - 교차로안,승용,남,73세,상해없음,원동기,남,75세,중상
2019070900100239,2019년 7월 9일 10시,화요일,울산광역시 울주군 온산읍,경상사고,0,0,1,0,차대차 - 측면충돌,신호위반,건조,맑음,교차로 - 교차로안,화물,남,61세,상해없음,승용,남,62세,경상
2019070900100286,2019년 7월 9일 12시,화요일,울산광역시 울주군 청량읍,경상사고,0,0,1,0,차대차 - 추돌,안전운전불이행,건조,맑음,단일로 - 기타,화물,남,56세,상해없음,건설기계,남,66세,경상
2019070900100396,2019년 7월 9일 15시,화요일,울산광역시 중구 유곡동,경상사고,0,0,1,0,차대차 - 측면충돌,신호위반,건조,맑음,교차로 - 교차로부근,승용,남,42세,상해없음,승용,여,62세,경상
2019070900100434,2019년 7월 9일 16시,화요일,울산광역시 울주군 온산읍,중상사고,0,1,0,0,차량단독 - 기타,안전운전불이행,건조,맑음,교차로 - 교차로안,승합,남,55세,상해없음,,,,
2019070900100471,2019년 7월 9일 17시,화요일,울산광역시 중구 태화동,경상사고,0,0,2,0,차대차 - 측면충돌,중앙선침범,건조,맑음,단일로 - 기타,승용,남,24세,상해없음,승용,여,40세,경상
2019070900100472,2019년 7월 9일 17시,화요일,울산광역시 남구 무거동,중상사고,0,1,0,0,차대사람 - 횡단중,보행자보호의무위반,건조,맑음,교차로 - 교차로횡단보도내,승합,남,73세,상해없음,보행자,여,25세,중상
2019070900100518,2019년 7월 9일 18시,화요일,울산광역시 동구 방어동,경상사고,0,0,1,0,차대차 - 추돌,안전운전불이행,건조,맑음,단일로 - 기타,이륜,남,34세,경상,승용,여,65세,상해없음
2019070900100551,2019년 7월 9일 19시,화요일,울산광역시 남구 달동,경상사고,0,0,3,0,차대차 - 측면충돌,안전거리미확보,건조,맑음,교차로 - 교차로부근,화물,남,48세,기타불명,승용,여,43세,경상
2019070900100552,2019년 7월 9일 19시,화요일,울산광역시 동구 주전동,중상사고,0,1,0,0,차대차 - 측면충돌,안전운전불이행,건조,맑음,교차로 - 교차로안,승용,남,22세,상해없음,승용,여,56세,중상
2019070900100630,2019년 7월 9일 22시,화요일,울산광역시 남구 달동,경상사고,0,0,4,0,차대차 - 정면충돌,신호위반,건조,흐림,교차로 - 교차로횡단보도내,승용,여,30세,상해없음,승용,남,39세,경상
2019070900100652,2019년 7월 9일 23시,화요일,울산광역시 중구 서동,경상사고,0,0,2,0,차대차 - 측면충돌,안전거리미확보,건조,맑음,교차로 - 교차로안,승용,여,41세,상해없음,승용,남,25세,경상
2019071000100199,2019년 7월 10일 10시,수요일,울산광역시 남구 무거동,중상사고,0,1,4,0,차대차 - 측면충돌,신호위반,건조,맑음,교차로 - 교차로안,승용,남,76세,상해없음,승합,남,42세,경상
2019071000100229,2019년 7월 10일 11시,수요일,울산광역시 남구 옥동,경상사고,0,0,1,0,차대차 - 기타,안전운전불이행,건조,맑음,교차로 - 교차로부근,승용,여,58세,상해없음,승용,여,31세,경상
2019071000100320,2019년 7월 10일 14시,수요일,울산광역시 동구 서부동,경상사고,0,0,1,0,차대사람 - 횡단중,안전운전불이행,젖음/습기,비,교차로 - 교차로부근,승용,남,46세,상해없음,보행자,남,10세,경상
2019071000100386,2019년 7월 10일 16시,수요일,울산광역시 동구 전하동,중상사고,0,1,0,0,차대사람 - 횡단중,보행자보호의무위반,젖음/습기,비,교차로 - 교차로횡단보도내,승용,남,71세,상해없음,보행자,여,50세,중상
2019071000100437,2019년 7월 10일 17시,수요일,울산광역시 동구 일산동,부상신고사고,0,0,0,1,차대사람 - 기타,안전운전불이행,젖음/습기,비,교차로 - 교차로부근,승용,남,22세,상해없음,보행자,남,72세,부상신고
2019071000100454,2019년 7월 10일 18시,수요일,울산광역시 울주군 두서면,경상사고,0,0,1,0,차대차 - 측면충돌,안전운전불이행,젖음/습기,비,단일로 - 기타,승용,남,36세,상해없음,승용,여,32세,경상
2019071000100492,2019년 7월 10일 18시,수요일,울산광역시 북구 산하동,중상사고,0,1,1,0,차대차 - 정면충돌,중앙선침범,젖음/습기,비,교차로 - 교차로안,승용,남,35세,상해없음,승용,남,57세,경상
2019071000100537,2019년 7월 10일 19시,수요일,울산광역시 중구 성남동,경상사고,0,0,1,0,차대차 - 측면충돌,안전운전불이행,젖음/습기,비,교차로 - 교차로부근,승용,남,40세,상해없음,자전거,여,68세,경상
2019071000100538,2019년 7월 10일 19시,수요일,울산광역시 북구 신천동,중상사고,0,1,0,1,차대차 - 추돌,안전운전불이행,젖음/습기,비,단일로 - 기타,승용,남,64세,부상신고,승용,남,67세,중상
2019071000100643,2019년 7월 10일 21시,수요일,울산광역시 중구 반구동,경상사고,0,0,1,0,차대차 - 기타,중앙선침범,젖음/습기,비,교차로 - 교차로부근,승용,남,66세,상해없음,이륜,남,32세,경상
2019071100100037,2019년 7월 11일 00시,목요일,울산광역시 남구 신정동,경상사고,0,0,1,0,차대차 - 측면충돌,신호위반,젖음/습기,비,교차로 - 교차로부근,승용,남,53세,상해없음,이륜,남,24세,경상
2019071100100127,2019년 7월 11일 07시,목요일,울산광역시 동구 화정동,경상사고,0,0,1,0,차대차 - 기타,기타,젖음/습기,흐림,교차로 - 교차로부근,승용,남,67세,상해없음,이륜,남,37세,경상
2019071100100206,2019년 7월 11일 09시,목요일,울산광역시 울주군 청량읍,중상사고,0,1,0,0,차대차 - 측면충돌,신호위반,건조,맑음,교차로 - 교차로안,화물,남,78세,상해없음,화물,남,58세,중상
2019071100100264,2019년 7월 11일 11시,목요일,울산광역시 중구 서동,경상사고,0,0,1,0,차대차 - 측면충돌,안전운전불이행,건조,맑음,교차로 - 교차로안,이륜,남,49세,상해없음,이륜,남,23세,경상
2019071100100265,2019년 7월 11일 11시,목요일,울산광역시 남구 삼산동,경상사고,0,0,1,0,차량단독 - 기타,안전운전불이행,건조,맑음,단일로 - 기타,승합,남,29세,상해없음,,,,
2019071100100312,2019년 7월 11일 13시,목요일,울산광역시 북구 진장동,경상사고,0,0,1,0,차대차 - 측면충돌,안전운전불이행,건조,맑음,기타 - 기타,승용,여,72세,상해없음,승용,남,24세,경상
2019071100100313,2019년 7월 11일 13시,목요일,울산광역시 중구 서동,경상사고,0,0,1,0,차대차 - 측면충돌,안전운전불이행,건조,맑음,단일로 - 기타,승용,남,60세,상해없음,승용,여,58세,경상
2019071100100314,2019년 7월 11일 13시,목요일,울산광역시 울주군 서생면,경상사고,0,0,5,0,차대차 - 기타,안전운전불이행,건조,맑음,교차로 - 교차로안,승용,여,52세,상해없음,승용,여,58세,경상
2019071100100385,2019년 7월 11일 15시,목요일,울산광역시 북구 호계동,중상사고,0,1,0,0,차대차 - 측면충돌,신호위반,건조,맑음,교차로 - 교차로부근,승용,남,42세,상해없음,자전거,남,66세,중상
2019071100100386,2019년 7월 11일 15시,목요일,울산광역시 중구 복산동,경상사고,0,0,1,0,차대사람 - 차도통행중,중앙선침범,건조,맑음,단일로 - 기타,승용,남,45세,상해없음,보행자,남,39세,경상
2019071100100422,2019년 7월 11일 16시,목요일,울산광역시 중구 태화동,경상사고,0,0,1,0,차량단독 - 공작물충돌,안전운전불이행,건조,맑음,단일로 - 기타,승합,남,60세,경상,,,,
2019071100100507,2019년 7월 11일 18시,목요일,울산광역시 동구 일산동,경상사고,0,0,1,0,차대차 - 추돌,안전거리미확보,건조,맑음,교차로 - 교차로부근,이륜,남,39세,경상,승용,남,35세,상해없음
2019071100100508,2019년 7월 11일 18시,목요일,울산광역시 동구 전하동,중상사고,0,1,0,0,차대차 - 측면충돌,중앙선침범,건조,맑음,단일로 - 기타,승용,남,37세,상해없음,이륜,남,24세,중상
2019071100100540,2019년 7월 11일 19시,목요일,울산광역시 동구 화정동,중상사고,0,2,0,0,차대차 - 측면충돌,신호위반,건조,흐림,교차로 - 교차로안,승용,여,30세,상해없음,승용,남,57세,중상
2019071100100570,2019년 7월 11일 20시,목요일,울산광역시 남구 신정동,경상사고,0,0,2,0,차대차 - 정면충돌,신호위반,건조,맑음,교차로 - 교차로안,승용,남,53세,상해없음,승용,남,27세,경상
2019071100100571,2019년 7월 11일 20시,목요일,울산광역시 울주군 온산읍,경상사고,0,0,1,0,차대차 - 기타,교차로운행방법위반,건조,맑음,교차로 - 교차로안,승용,여,27세,상해없음,이륜,남,67세,경상
2019071100100596,2019년 7월 11일 21시,목요일,울산광역시 남구 무거동,경상사고,0,0,1,0,차대차 - 기타,안전운전불이행,건조,맑음,단일로 - 기타,승용,여,75세,상해없음,자전거,여,60세,경상
2019071200100036,2019년 7월 12일 00시,금요일,울산광역시 남구 삼산동,경상사고,0,0,1,0,차대차 - 추돌,안전운전불이행,건조,맑음,단일로 - 기타,화물,남,33세,상해없음,화물,남,56세,경상
2019071200100049,2019년 7월 12일 01시,금요일,울산광역시 남구 삼산동,경상사고,0,0,2,0,차대차 - 추돌,안전운전불이행,건조,맑음,교차로 - 교차로안,승용,남,29세,상해없음,승용,남,50세,기타불명
2019071200100087,2019년 7월 12일 06시,금요일,울산광역시 울주군 언양읍,사망사고,1,0,0,0,차대차 - 측면충돌,신호위반,젖음/습기,흐림,교차로 - 교차로안,이륜,여,62세,사망,화물,남,47세,상해없음
2019071200100242,2019년 7월 12일 10시,금요일,울산광역시 울주군 온산읍,경상사고,0,0,1,0,차대차 - 정면충돌,신호위반,건조,맑음,교차로 - 교차로안,화물,남,58세,상해없음,화물,남,41세,경상
2019071200100464,2019년 7월 12일 16시,금요일,울산광역시 남구 신정동,경상사고,0,0,1,0,차대사람 - 기타,안전운전불이행,건조,맑음,단일로 - 기타,승용,여,64세,기타불명,보행자,여,51세,경상
2019071200100465,2019년 7월 12일 16시,금요일,울산광역시 남구 삼산동,경상사고,0,0,1,0,차대차 - 기타,신호위반,건조,맑음,단일로 - 기타,승용,남,58세,상해없음,특수,남,25세,경상
2019071200100466,2019년 7월 12일 16시,금요일,울산광역시 울주군 언양읍,중상사고,0,1,0,0,차대사람 - 횡단중,보행자보호의무위반,건조,맑음,교차로 - 교차로횡단보도내,승합,남,48세,상해없음,보행자,남,8세,중상
2019071200100651,2019년 7월 12일 20시,금요일,울산광역시 중구 복산동,중상사고,0,1,1,0,차대사람 - 횡단중,신호위반,건조,맑음,기타 - 기타,이륜,남,18세,중상,보행자,남,12세,경상
2019071200100652,2019년 7월 12일 20시,금요일,울산광역시 남구 선암동,경상사고,0,0,1,0,차량단독 - 전도전복 - 전도,안전운전불이행,건조,맑음,교차로 - 교차로안,이륜,남,36세,경상,,,,
2019071200100677,2019년 7월 12일 21시,금요일,울산광역시 북구 신천동,중상사고,0,1,0,0,차대차 - 측면충돌,안전운전불이행,건조,맑음,교차로 - 교차로안,이륜,남,16세,중상,승용,남,48세,상해없음
2019071300100064,2019년 7월 13일 02시,토요일,울산광역시 남구 상개동,중상사고,0,1,2,0,차량단독 - 공작물충돌,안전운전불이행,건조,맑음,단일로 - 기타,승용,남,57세,상해없음,,,,
2019071300100090,2019년 7월 13일 06시,토요일,울산광역시 울주군 삼남면,경상사고,0,0,1,0,차대차 - 추돌,안전운전불이행,건조,맑음,단일로 - 기타,승용,남,39세,상해없음,승용,여,59세,경상
2019071300100133,2019년 7월 13일 08시,토요일,울산광역시 중구 성남동,중상사고,0,1,0,0,차대차 - 측면충돌,안전운전불이행,건조,맑음,단일로 - 기타,승용,남,87세,상해없음,자전거,남,55세,중상
2019071300100134,2019년 7월 13일 08시,토요일,울산광역시 울주군 범서읍,경상사고,0,0,1,0,차대차 - 측면충돌,안전운전불이행,건조,맑음,단일로 - 기타,승용,남,34세,상해없음,화물,남,56세,경상
2019071300100299,2019년 7월 13일 13시,토요일,울산광역시 북구 진장동,중상사고,0,1,3,0,차대차 - 측면충돌,신호위반,건조,맑음,교차로 - 교차로안,화물,남,61세,상해없음,승용,남,52세,경상
2019071300100300,2019년 7월 13일 13시,토요일,울산광역시 북구 상안동,경상사고,0,0,1,0,차대차 - 측면충돌,신호위반,건조,맑음,교차로 - 교차로안,이륜,남,52세,상해없음,승용,여,33세,경상
2019071300100301,2019년 7월 13일 13시,토요일,울산광역시 남구 삼산동,중상사고,0,1,0,0,차대차 - 후진중충돌,안전운전불이행,건조,맑음,교차로 - 교차로부근,승용,여,43세,상해없음,승용,남,40세,중상
2019071300100302,2019년 7월 13일 13시,토요일,울산광역시 동구 동부동,경상사고,0,0,1,0,차대사람 - 기타,안전운전불이행,건조,맑음,교차로 - 교차로부근,승용,남,58세,상해없음,보행자,남,80세,경상
2019071300100372,2019년 7월 13일 15시,토요일,울산광역시 울주군 언양읍,경상사고,0,0,1,1,차대차 - 측면충돌,중앙선침범,건조,맑음,단일로 - 기타,승용,여,58세,상해없음,승합,남,40세,부상신고
2019071300100492,2019년 7월 13일 18시,토요일,울산광역시 울주군 온산읍,경상사고,0,0,1,0,차대차 - 측면충돌,안전운전불이행,건조,맑음,교차로 - 교차로안,승용,남,61세,상해없음,이륜,남,40세,경상
2019071300100561,2019년 7월 13일 21시,토요일,울산광역시 중구 남외동,경상사고,0,0,1,0,차대차 - 측면충돌,안전운전불이행,건조,맑음,단일로 - 기타,자전거,남,55세,경상,승용,남,49세,상해없음
2019071300100562,2019년 7월 13일 21시,토요일,울산광역시 남구 달동,중상사고,0,1,0,0,차대차 - 후진중충돌,안전운전불이행,건조,맑음,단일로 - 기타,승용,남,23세,상해없음,자전거,남,59세,중상
2019071300100580,2019년 7월 13일 22시,토요일,울산광역시 중구 우정동,경상사고,0,0,1,0,차대차 - 정면충돌,신호위반,건조,맑음,교차로 - 교차로안,승용,남,23세,상해없음,이륜,남,20세,경상
2019071300100581,2019년 7월 13일 22시,토요일,울산광역시 북구 신천동,경상사고,0,0,3,0,차대차 - 측면충돌,안전운전불이행,건조,맑음,교차로 - 교차로부근,승용,여,37세,경상,승용,남,28세,경상
2019071300100582,2019년 7월 13일 22시,토요일,울산광역시 남구 무거동,경상사고,0,0,2,0,차대차 - 측면충돌,안전운전불이행,건조,맑음,교차로 - 교차로부근,승용,여,26세,상해없음,승용,남,34세,경상
2019071300100583,2019년 7월 13일 22시,토요일,울산광역시 동구 전하동,중상사고,0,1,0,0,차대사람 - 기타,안전운전불이행,건조,맑음,단일로 - 기타,이륜,남,16세,상해없음,보행자,남,40세,중상
2019071300100598,2019년 7월 13일 23시,토요일,울산광역시 중구 학성동,중상사고,0,2,0,0,차대사람 - 횡단중,안전운전불이행,건조,맑음,교차로 - 교차로횡단보도내,이륜,남,30세,중상,보행자,남,13세,중상
2019071300100599,2019년 7월 13일 23시,토요일,울산광역시 남구 달동,경상사고,0,0,1,0,차대차 - 기타,신호위반,건조,맑음,교차로 - 교차로안,승용,남,28세,상해없음,이륜,남,32세,경상
2019071400100034,2019년 7월 14일 00시,일요일,울산광역시 울주군 언양읍,경상사고,0,0,1,0,차대차 - 측면충돌,직진우회전진행방해,건조,맑음,교차로 - 교차로안,승용,남,61세,상해없음,승용,남,29세,상해없음
2019071400100104,2019년 7월 14일 07시,일요일,울산광역시 남구 무거동,경상사고,0,0,1,1,차대차 - 측면충돌,신호위반,건조,맑음,교차로 - 교차로부근,승용,남,57세,상해없음,승용,여,59세,부상신고
2019071400100156,2019년 7월 14일 10시,일요일,울산광역시 북구 진장동,경상사고,0,0,2,0,차대차 - 측면충돌,보행자보호의무위반,건조,맑음,교차로 - 교차로안,승용,여,43세,경상,승용,남,52세,경상
2019071400100164,2019년 7월 14일 11시,일요일,울산광역시 울주군 언양읍,경상사고,0,0,1,0,차대차 - 추돌,안전거리미확보,건조,맑음,단일로 - 기타,승용,남,31세,상해없음,승용,남,48세,상해없음
2019071400100240,2019년 7월 14일 13시,일요일,울산광역시 남구 신정동,중상사고,0,1,0,0,차대사람 - 횡단중,보행자보호의무위반,건조,맑음,단일로 - 기타,승용,남,68세,상해없음,보행자,남,71세,중상
2019071400100309,2019년 7월 14일 15시,일요일,울산광역시 남구 무거동,중상사고,0,1,1,0,차대차 - 측면충돌,안전운전불이행,건조,맑음,단일로 - 기타,승용,여,49세,상해없음,승용,남,37세,경상
2019071400100371,2019년 7월 14일 17시,일요일,울산광역시 북구 상안동,중상사고,0,1,0,0,차대차 - 측면충돌,불법유턴,건조,맑음,주차장 - 주차장,승용,여,41세,상해없음,이륜,남,38세,중상