사고번호,사고일시,요일,시군구,사고내용,사망자수,중상자수,경상자수,부상신고자수,사고유형,법규위반,노면상태,기상상태,도로형태,가해운전자 차종,가해운전자 성별,가해운전자 연령,가해운전자 상해정도,피해운전자 차종,피해운전자 성별,피해운전자 연령,피해운전자 상해정도
2019071500100095,2019년 7월 15일 07시,월요일,울산광역시 중구 우정동,중상사고,0,2,0,0,차대차 - 측면충돌,신호위반,건조,맑음,교차로 - 교차로부근,승용,남,65세,상해없음,승용,남,72세,중상
2019071500100096,2019년 7월 15일 07시,월요일,울산광역시 동구 전하동,경상사고,0,0,1,0,차대차 - 추돌,안전거리미확보,건조,맑음,단일로 - 기타,화물,남,41세,상해없음,이륜,남,22세,경상
2019071500100097,2019년 7월 15일 07시,월요일,울산광역시 북구 염포동,경상사고,0,0,1,0,차대차 - 측면충돌,안전운전불이행,건조,맑음,단일로 - 기타,이륜,남,29세,경상,승용,남,54세,상해없음
2019071500100212,2019년 7월 15일 11시,월요일,울산광역시 울주군 삼남면,경상사고,0,0,2,0,차대차 - 측면충돌,중앙선침범,건조,맑음,교차로 - 교차로안,화물,남,58세,경상,승용,남,59세,경상
2019071500100241,2019년 7월 15일 12시,월요일,울산광역시 남구 삼산동,중상사고,0,1,0,0,차대사람 - 기타,안전운전불이행,건조,맑음,단일로 - 기타,승용,남,58세,상해없음,보행자,여,71세,중상
2019071500100271,2019년 7월 15일 13시,월요일,울산광역시 중구 우정동,경상사고,0,0,1,0,차대차 - 기타,차로위반,건조,맑음,단일로 - 기타,화물,남,26세,상해없음,승용,여,30세,경상
2019071500100369,2019년 7월 15일 15시,월요일,울산광역시 남구 무거동,중상사고,0,1,0,0,차대사람 - 횡단중,안전운전불이행,건조,맑음,단일로 - 기타,승합,남,54세,상해없음,보행자,남,5세,중상
2019071500100370,2019년 7월 15일 15시,월요일,울산광역시 남구 신정동,경상사고,0,0,2,0,차대차 - 추돌,안전운전불이행,건조,맑음,단일로 - 지하차도(도로)내,이륜,남,39세,경상,승용,여,55세,경상
2019071500100371,2019년 7월 15일 15시,월요일,울산광역시 남구 삼산동,중상사고,0,1,0,0,차대차 - 추돌,신호위반,건조,맑음,단일로 - 지하차도(도로)내,승용,남,62세,상해없음,자전거,남,54세,중상
2019071500100417,2019년 7월 15일 16시,월요일,울산광역시 남구 삼산동,부상신고사고,0,0,0,1,차대차 - 측면충돌,안전운전불이행,건조,맑음,교차로 - 교차로안,승용,기타불명,미분류,기타불명,승용,남,35세,부상신고
2019071500100471,2019년 7월 15일 17시,월요일,울산광역시 울주군 범서읍,경상사고,0,0,1,0,차대차 - 기타,안전운전불이행,건조,맑음,단일로 - 기타,승합,여,53세,상해없음,이륜,남,25세,경상
2019071500100526,2019년 7월 15일 18시,월요일,울산광역시 북구 진장동,경상사고,0,0,1,0,차대차 - 측면충돌,차로위반,건조,맑음,단일로 - 기타,이륜,남,47세,경상,승용,남,61세,상해없음
2019071500100527,2019년 7월 15일 18시,월요일,울산광역시 동구 일산동,경상사고,0,0,1,0,차대차 - 측면충돌,직진우회전진행방해,건조,맑음,교차로 - 교차로안,이륜,남,77세,경상,승용,여,57세,상해없음
2019071500100528,2019년 7월 15일 18시,월요일,울산광역시 동구 서부동,경상사고,0,0,1,0,차대사람 - 횡단중,신호위반,기타,맑음,단일로 - 기타,승용,남,34세,상해없음,보행자,여,6세,경상
2019071500100560,2019년 7월 15일 19시,월요일,울산광역시 중구 태화동,경상사고,0,0,3,1,차대차 - 기타,안전거리미확보,건조,맑음,단일로 - 기타,승용,여,59세,경상,승합,남,32세,경상
2019071500100628,2019년 7월 15일 22시,월요일,울산광역시 남구 무거동,중상사고,0,1,0,0,차대차 - 추돌,신호위반,건조,맑음,단일로 - 지하차도(도로)내,이륜,남,18세,중상,승용,여,51세,상해없음
2019071500100629,2019년 7월 15일 22시,월요일,울산광역시 남구 신정동,경상사고,0,0,1,0,차대차 - 기타,안전운전불이행,건조,맑음,교차로 - 교차로안,기타불명,기타불명,미분류,기타불명,승용,여,56세,상해없음
2019071600100050,2019년 7월 16일 04시,화요일,울산광역시 북구 화봉동,중상사고,0,2,0,1,차대차 - 측면충돌,신호위반,건조,맑음,교차로 - 교차로안,승용,여,51세,부상신고,승용,여,25세,중상
2019071600100068,2019년 7월 16일 06시,화요일,울산광역시 동구 화정동,경상사고,0,0,1,0,차대차 - 측면충돌,신호위반,기타,맑음,교차로 - 교차로안,승용,여,25세,상해없음,승용,남,35세,경상
2019071600100246,2019년 7월 16일 12시,화요일,울산광역시 남구 무거동,중상사고,0,1,0,0,차대차 - 기타,중앙선침범,건조,맑음,단일로 - 기타,승용,여,58세,상해없음,이륜,남,47세,중상
2019071600100282,2019년 7월 16일 13시,화요일,울산광역시 중구 옥교동,부상신고사고,0,0,0,1,차대차 - 측면충돌,안전운전불이행,건조,맑음,단일로 - 기타,이륜,남,25세,부상신고,승용,여,45세,상해없음
2019071600100316,2019년 7월 16일 14시,화요일,울산광역시 중구 반구동,경상사고,0,0,2,0,차대차 - 추돌,안전운전불이행,건조,맑음,단일로 - 기타,승용,여,57세,상해없음,승용,여,50세,경상
2019071600100356,2019년 7월 16일 15시,화요일,울산광역시 북구 산하동,중상사고,0,1,1,0,차대차 - 측면충돌,직진우회전진행방해,건조,맑음,교차로 - 교차로안,승합,여,56세,상해없음,승용,여,43세,경상
2019071600100357,2019년 7월 16일 15시,화요일,울산광역시 울주군 서생면,중상사고,0,1,0,0,차대차 - 기타,교차로운행방법위반,건조,맑음,교차로 - 교차로안,승용,여,50세,상해없음,이륜,남,50세,중상
2019071600100399,2019년 7월 16일 16시,화요일,울산광역시 동구 서부동,경상사고,0,0,1,0,차대차 - 추돌,안전운전불이행,건조,맑음,단일로 - 기타,승용,여,45세,상해없음,승용,남,33세,경상
2019071600100400,2019년 7월 16일 16시,화요일,울산광역시 동구 서부동,경상사고,0,0,1,0,차대차 - 후진중충돌,안전운전불이행,건조,맑음,단일로 - 기타,승용,남,51세,상해없음,승용,남,36세,경상
2019071600100455,2019년 7월 16일 17시,화요일,울산광역시 중구 성안동,중상사고,0,1,0,0,차대사람 - 길가장자리구역통행중,안전운전불이행,건조,맑음,단일로 - 기타,승용,여,50세,상해없음,보행자,여,11세,중상
2019071600100456,2019년 7월 16일 17시,화요일,울산광역시 남구 신정동,경상사고,0,0,1,0,차대차 - 측면충돌,안전운전불이행,건조,맑음,교차로 - 교차로안,승용,남,78세,상해없음,승용,여,42세,경상
2019071600100457,2019년 7월 16일 17시,화요일,울산광역시 동구 방어동,경상사고,0,0,1,0,차대차 - 측면충돌,교차로운행방법위반,건조,맑음,교차로 - 교차로부근,승합,남,61세,상해없음,승합,남,48세,상해없음
2019071600100458,2019년 7월 16일 17시,화요일,울산광역시 동구 전하동,경상사고,0,0,1,0,차대사람 - 횡단중,보행자보호의무위반,건조,맑음,단일로 - 기타,승용,여,57세,상해없음,보행자,남,7세,경상
2019071700100051,2019년 7월 17일 01시,수요일,울산광역시 중구 장현동,경상사고,0,0,1,0,차량단독 - 공작물충돌,안전운전불이행,건조,맑음,단일로 - 기타,승용,남,37세,경상,,,,
2019071700100146,2019년 7월 17일 08시,수요일,울산광역시 중구 태화동,중상사고,0,1,0,0,차대차 - 측면충돌,안전운전불이행,건조,맑음,기타 - 기타,승용,남,28세,상해없음,자전거,여,57세,중상
2019071700100147,2019년 7월 17일 08시,수요일,울산광역시 동구 서부동,경상사고,0,0,1,0,차대차 - 기타,신호위반,건조,맑음,교차로 - 교차로안,승용,여,36세,상해없음,승용,여,58세,경상
2019071700100234,2019년 7월 17일 11시,수요일,울산광역시 중구 성안동,경상사고,0,0,1,0,차대사람 - 횡단중,보행자보호의무위반,건조,맑음,교차로 - 교차로안,승용,여,49세,상해없음,보행자,여,13세,경상
2019071700100235,2019년 7월 17일 11시,수요일,울산광역시 중구 남외동,중상사고,0,1,0,0,차대차 - 정면충돌,안전운전불이행,건조,맑음,단일로 - 기타,자전거,남,69세,중상,화물,남,40세,상해없음
2019071700100265,2019년 7월 17일 12시,수요일,울산광역시 남구 신정동,경상사고,0,0,1,0,차대차 - 추돌,안전운전불이행,건조,맑음,교차로 - 교차로부근,화물,남,63세,상해없음,승용,여,62세,경상
2019071700100266,2019년 7월 17일 12시,수요일,울산광역시 남구 야음동,경상사고,0,0,2,0,차대차 - 추돌,안전운전불이행,건조,맑음,교차로 - 교차로부근,승용,여,34세,상해없음,승용,남,43세,경상
2019071700100347,2019년 7월 17일 14시,수요일,울산광역시 남구 성암동,경상사고,0,0,1,0,차대차 - 측면충돌,안전거리미확보,건조,맑음,교차로 - 교차로부근,승용,남,58세,상해없음,승용,남,44세,경상
2019071700100426,2019년 7월 17일 16시,수요일,울산광역시 남구 신정동,경상사고,0,0,1,0,차대차 - 측면충돌,안전운전불이행,건조,맑음,교차로 - 교차로안,승용,여,62세,기타불명,이륜,남,47세,경상
2019071700100466,2019년 7월 17일 17시,수요일,울산광역시 남구 삼산동,중상사고,0,1,0,0,차대차 - 측면충돌,안전운전불이행,건조,맑음,교차로 - 교차로부근,화물,남,58세,상해없음,승용,여,46세,중상
2019071700100660,2019년 7월 17일 23시,수요일,울산광역시 남구 신정동,경상사고,0,0,1,0,차대사람 - 기타,안전운전불이행,건조,맑음,기타 - 기타,자전거,남,27세,상해없음,보행자,여,48세,경상
2019071800100167,2019년 7월 18일 09시,목요일,울산광역시 남구 달동,부상신고사고,0,0,0,1,차대차 - 측면충돌,안전운전불이행,건조,맑음,교차로 - 교차로안,자전거,여,62세,부상신고,승용,남,55세,상해없음
2019071800100198,2019년 7월 18일 10시,목요일,울산광역시 중구 약사동,경상사고,0,0,2,0,차대차 - 추돌,안전운전불이행,건조,맑음,단일로 - 기타,승용,여,64세,경상,승합,남,44세,경상
2019071800100225,2019년 7월 18일 11시,목요일,울산광역시 중구 복산동,경상사고,0,0,3,0,차대차 - 추돌,안전운전불이행,젖음/습기,비,단일로 - 기타,승용,남,66세,상해없음,승용,남,37세,경상
2019071800100254,2019년 7월 18일 12시,목요일,울산광역시 남구 신정동,경상사고,0,0,2,0,차대차 - 측면충돌,중앙선침범,젖음/습기,비,단일로 - 기타,승용,남,58세,상해없음,승용,남,51세,경상
2019071800100255,2019년 7월 18일 12시,목요일,울산광역시 남구 신정동,경상사고,0,0,2,0,차대차 - 추돌,안전거리미확보,건조,맑음,단일로 - 기타,승용,여,55세,상해없음,승용,여,47세,경상
2019071800100292,2019년 7월 18일 13시,목요일,울산광역시 남구 신정동,경상사고,0,0,1,0,차대차 - 측면충돌,신호위반,건조,맑음,교차로 - 교차로안,승용,여,42세,상해없음,이륜,남,24세,경상
2019071800100396,2019년 7월 18일 16시,목요일,울산광역시 북구 연암동,경상사고,0,0,1,0,차대차 - 측면충돌,교차로운행방법위반,건조,맑음,교차로 - 교차로안,화물,남,60세,상해없음,승용,남,24세,경상
2019071800100553,2019년 7월 18일 20시,목요일,울산광역시 남구 선암동,경상사고,0,0,5,0,차대차 - 측면충돌,차로위반,젖음/습기,흐림,교차로 - 교차로부근,승용,남,28세,상해없음,승용,남,29세,경상
2019071800100554,2019년 7월 18일 20시,목요일,울산광역시 동구 방어동,경상사고,0,0,1,0,차대차 - 측면충돌,안전운전불이행,기타,맑음,교차로 - 교차로안,승용,남,43세,상해없음,승용,여,50세,경상
2019071900100041,2019년 7월 19일 00시,금요일,울산광역시 남구 삼산동,중상사고,0,1,0,0,차대사람 - 차도통행중,안전운전불이행,건조,맑음,단일로 - 기타,승합,여,55세,상해없음,보행자,남,46세,중상
2019071900100082,2019년 7월 19일 04시,금요일,울산광역시 울주군 온산읍,경상사고,0,0,2,0,차대차 - 측면충돌,교차로운행방법위반,건조,맑음,교차로 - 교차로안,승용,남,32세,경상,승용,남,27세,경상
2019071900100212,2019년 7월 19일 09시,금요일,울산광역시 남구 야음동,경상사고,0,0,1,0,차대사람 - 차도통행중,안전운전불이행,젖음/습기,비,단일로 - 기타,승용,여,36세,상해없음,보행자,여,33세,경상
2019071900100288,2019년 7월 19일 11시,금요일,울산광역시 중구 반구동,경상사고,0,0,1,0,차량단독 - 공작물충돌,안전운전불이행,젖음/습기,비,교차로 - 교차로안,승용,남,67세,경상,,,,
2019071900100289,2019년 7월 19일 11시,금요일,울산광역시 북구 상안동,경상사고,0,0,1,0,차대차 - 추돌,안전거리미확보,건조,맑음,교차로 - 교차로부근,승용,남,56세,상해없음,승용,남,59세,경상
2019071900100290,2019년 7월 19일 11시,금요일,울산광역시 동구 전하동,경상사고,0,0,1,0,차대사람 - 횡단중,안전운전불이행,젖음/습기,비,교차로 - 교차로안,승용,남,55세,상해없음,보행자,여,70세,경상
2019071900100406,2019년 7월 19일 14시,금요일,울산광역시 남구 신정동,중상사고,0,1,0,0,차대차 - 기타,교차로운행방법위반,젖음/습기,비,교차로 - 교차로안,승용,남,62세,상해없음,이륜,남,27세,중상
2019071900100407,2019년 7월 19일 14시,금요일,울산광역시 울주군 온양읍,경상사고,0,0,1,1,차대차 - 추돌,안전거리미확보,젖음/습기,비,교차로 - 교차로부근,특수,남,60세,상해없음,승용,여,33세,경상
2019071900100686,2019년 7월 19일 21시,금요일,울산광역시 북구 호계동,경상사고,0,0,1,0,차대차 - 측면충돌,직진우회전진행방해,건조,맑음,교차로 - 교차로안,승용,남,50세,상해없음,승용,여,34세,경상
2019071900100687,2019년 7월 19일 21시,금요일,울산광역시 남구 삼산동,경상사고,0,0,1,0,차대차 - 기타,신호위반,젖음/습기,맑음,교차로 - 교차로안,이륜,남,40세,경상,승용,여,49세,상해없음
2019072000100042,2019년 7월 20일 00시,토요일,울산광역시 북구 진장동,중상사고,0,1,1,0,차대차 - 기타,안전운전불이행,젖음/습기,비,교차로 - 교차로안,승용,남,36세,상해없음,이륜,남,53세,중상
2019072000100043,2019년 7월 20일 00시,토요일,울산광역시 동구 방어동,중상사고,0,2,2,0,차대차 - 추돌,안전운전불이행,젖음/습기,비,교차로 - 교차로안,승용,남,27세,상해없음,승용,여,41세,중상
2019072000100195,2019년 7월 20일 10시,토요일,울산광역시 남구 신정동,경상사고,0,0,1,0,차대차 - 측면충돌,안전운전불이행,젖음/습기,비,교차로 - 교차로안,승용,남,56세,상해없음,승용,남,22세,경상
2019072000100270,2019년 7월 20일 12시,토요일,울산광역시 남구 상개동,경상사고,0,0,1,0,차대차 - 측면충돌,교차로운행방법위반,건조,맑음,교차로 - 교차로안,화물,남,60세,상해없음,승용,남,30세,경상
2019072000100354,2019년 7월 20일 14시,토요일,울산광역시 울주군 범서읍,경상사고,0,0,1,0,차대차 - 기타,안전운전불이행,젖음/습기,비,단일로 - 기타,승용,남,22세,경상,화물,남,58세,상해없음
2019072000100467,2019년 7월 20일 18시,토요일,울산광역시 남구 삼산동,경상사고,0,0,5,0,차대차 - 추돌,안전운전불이행,젖음/습기,흐림,교차로 - 교차로부근,승용,남,25세,상해없음,승용,남,58세,경상
2019072000100468,2019년 7월 20일 18시,토요일,울산광역시 남구 삼산동,경상사고,0,0,1,0,차대차 - 측면충돌,안전거리미확보,젖음/습기,비,단일로 - 기타,승용,남,53세,상해없음,승용,남,50세,경상
2019072000100530,2019년 7월 20일 20시,토요일,울산광역시 남구 달동,경상사고,0,0,1,0,차대사람 - 횡단중,보행자보호의무위반,젖음/습기,비,교차로 - 교차로횡단보도내,승용,남,33세,상해없음,보행자,남,23세,경상
2019072000100569,2019년 7월 20일 21시,토요일,울산광역시 북구 진장동,중상사고,0,1,0,0,차대차 - 측면충돌,교차로운행방법위반,젖음/습기,비,단일로 - 기타,승용,여,59세,상해없음,이륜,남,22세,중상
2019072000100570,2019년 7월 20일 21시,토요일,울산광역시 중구 남외동,경상사고,0,0,3,0,차대차 - 측면충돌,직진우회전진행방해,건조,맑음,교차로 - 교차로안,승합,남,34세,상해없음,승용,여,48세,경상
2019072000100571,2019년 7월 20일 21시,토요일,울산광역시 울주군 언양읍,경상사고,0,0,2,0,차대차 - 측면충돌,교차로운행방법위반,젖음/습기,비,교차로 - 교차로안,승용,남,45세,상해없음,승용,여,60세,경상
2019072000100645,2019년 7월 20일 23시,토요일,울산광역시 남구 삼산동,경상사고,0,0,1,0,차대차 - 측면충돌,안전운전불이행,젖음/습기,비,교차로 - 교차로부근,승용,남,55세,상해없음,화물,남,32세,경상
2019072100100058,2019년 7월 21일 01시,일요일,울산광역시 북구 진장동,경상사고,0,0,1,0,차대차 - 추돌,안전운전불이행,젖음/습기,비,단일로 - 기타,승용,남,47세,상해없음,승용,남,36세,경상
2019072100100069,2019년 7월 21일 02시,일요일,울산광역시 중구 서동,경상사고,0,0,2,0,차량단독 - 기타,안전운전불이행,건조,맑음,교차로 - 교차로안,승용,남,49세,상해없음,,,,
2019072100100070,2019년 7월 21일 02시,일요일,울산광역시 남구 달동,중상사고,0,1,0,0,차대차 - 측면충돌,안전운전불이행,젖음/습기,비,교차로 - 교차로안,승용,남,27세,상해없음,승용,남,24세,중상
2019072100100113,2019년 7월 21일 05시,일요일,울산광역시 남구 삼산동,경상사고,0,0,2,0,차대차 - 추돌,안전운전불이행,젖음/습기,비,단일로 - 지하차도(도로)내,승용,남,33세,상해없음,승용,남,30세,경상
2019072100100162,2019년 7월 21일 09시,일요일,울산광역시 남구 무거동,중상사고,0,1,2,0,차대차 - 추돌,안전운전불이행,젖음/습기,맑음,단일로 - 기타,화물,남,50세,상해없음,승용,남,24세,경상
2019072100100249,2019년 7월 21일 13시,일요일,울산광역시 울주군 온산읍,경상사고,0,0,1,0,차대차 - 추돌,안전운전불이행,건조,맑음,교차로 - 교차로부근,화물,남,59세,상해없음,승용,남,53세,경상
2019072100100336,2019년 7월 21일 16시,일요일,울산광역시 남구 신정동,경상사고,0,0,1,0,차대사람 - 보도통행중,안전운전불이행,건조,맑음,기타 - 기타,이륜,남,46세,상해없음,보행자,여,31세,경상
2019072100100337,2019년 7월 21일 16시,일요일,울산광역시 남구 신정동,경상사고,0,0,2,0,차대차 - 추돌,안전거리미확보,건조,맑음,교차로 - 교차로안,승용,여,51세,상해없음,승용,여,21세,경상
2019072100100338,2019년 7월 21일 16시,일요일,울산광역시 남구 신정동,경상사고,0,0,2,0,차대차 - 추돌,안전운전불이행,건조,맑음,단일로 - 기타,승용,남,28세,상해없음,승용,남,56세,경상
2019072100100339,2019년 7월 21일 16시,일요일,울산광역시 동구 전하동,경상사고,0,0,1,0,차대차 - 측면충돌,신호위반,건조,맑음,교차로 - 교차로안,승용,남,35세,상해없음,이륜,남,63세,경상
2019072100100366,2019년 7월 21일 17시,일요일,울산광역시 중구 학산동,중상사고,0,1,0,0,차대사람 - 기타,안전운전불이행,젖음/습기,비,주차장 - 주차장,승용,남,48세,상해없음,보행자,남,55세,중상
2019072100100387,2019년 7월 21일 18시,일요일,울산광역시 중구 반구동,중상사고,0,1,2,0,차대차 - 측면충돌,신호위반,건조,맑음,교차로 - 교차로부근,이륜,남,32세,중상,승용,남,47세,경상
2019072100100416,2019년 7월 21일 19시,일요일,울산광역시 중구 남외동,경상사고,0,0,2,0,차대차 - 측면충돌,안전운전불이행,건조,맑음,단일로 - 기타,승용,남,25세,상해없음,이륜,남,34세,경상
2019072100100417,2019년 7월 21일 19시,일요일,울산광역시 남구 달동,경상사고,0,0,3,0,차대차 - 추돌,안전운전불이행,건조,맑음,단일로 - 기타,승용,남,56세,상해없음,승용,남,45세,상해없음
2019072100100496,2019년 7월 21일 23시,일요일,울산광역시 북구 명촌동,중상사고,0,1,0,0,차대차 - 기타,불법유턴,건조,맑음,교차로 - 교차로횡단보도내,승용,남,63세,상해없음,이륜,남,40세,중상
2019072200100049,2019년 7월 22일 01시,월요일,울산광역시 북구 화봉동,경상사고,0,0,3,0,차대차 - 측면충돌,신호위반,건조,맑음,교차로 - 교차로안,승용,남,56세,상해없음,승용,여,31세,경상
2019072200100104,2019년 7월 22일 07시,월요일,울산광역시 중구 성남동,경상사고,0,0,1,0,차대차 - 기타,안전거리미확보,건조,맑음,단일로 - 기타,화물,남,69세,상해없음,승합,남,53세,상해없음
2019072200100105,2019년 7월 22일 07시,월요일,울산광역시 북구 호계동,경상사고,0,0,1,0,차대차 - 측면충돌,교차로운행방법위반,건조,맑음,교차로 - 교차로안,승용,남,50세,상해없음,승용,남,28세,경상
2019072200100106,2019년 7월 22일 07시,월요일,울산광역시 중구 성안동,중상사고,0,1,0,0,차량단독 - 기타,안전운전불이행,건조,맑음,단일로 - 기타,승합,남,37세,상해없음,,,,
2019072200100107,2019년 7월 22일 07시,월요일,울산광역시 남구 야음동,경상사고,0,0,1,0,차대차 - 측면충돌,교차로운행방법위반,건조,맑음,교차로 - 교차로안,승용,남,62세,상해없음,승용,여,36세,경상
2019072200100225,2019년 7월 22일 10시,월요일,울산광역시 남구 야음동,경상사고,0,0,1,0,차량단독 - 기타,안전운전불이행,건조,맑음,단일로 - 기타,승합,여,54세,상해없음,,,,
2019072200100297,2019년 7월 22일 12시,월요일,울산광역시 남구 달동,경상사고,0,0,1,0,차량단독 - 기타,기타,건조,맑음,단일로 - 기타,승합,남,36세,상해없음,,,,
2019072200100385,2019년 7월 22일 14시,월요일,울산광역시 중구 성안동,경상사고,0,0,1,0,차대차 - 기타,신호위반,건조,맑음,교차로 - 교차로안,승용,여,54세,상해없음,승용,남,41세,경상
2019072200100425,2019년 7월 22일 15시,월요일,울산광역시 울주군 온양읍,경상사고,0,0,2,0,차대차 - 기타,교차로운행방법위반,건조,맑음,교차로 - 교차로안,승용,남,70세,경상,승용,남,24세,경상
2019072200100584,2019년 7월 22일 18시,월요일,울산광역시 남구 삼산동,경상사고,0,0,1,0,차대사람 - 횡단중,안전운전불이행,건조,맑음,단일로 - 기타,자전거,남,35세,상해없음,보행자,여,58세,경상
2019072200100626,2019년 7월 22일 19시,월요일,울산광역시 동구 방어동,경상사고,0,0,1,0,차대사람 - 기타,보행자보호의무위반,건조,맑음,교차로 - 교차로횡단보도내,승합,여,48세,상해없음,보행자,남,51세,경상
2019072200100657,2019년 7월 22일 20시,월요일,울산광역시 중구 반구동,경상사고,0,0,1,0,차대사람 - 차도통행중,안전운전불이행,건조,맑음,단일로 - 기타,화물,남,36세,상해없음,보행자,남,77세,경상
2019072200100658,2019년 7월 22일 20시,월요일,울산광역시 북구 호계동,경상사고,0,0,1,0,차대사람 - 횡단중,신호위반,건조,맑음,교차로 - 교차로횡단보도내,승용,남,54세,상해없음,보행자,여,27세,경상
2019072200100716,2019년 7월 22일 22시,월요일,울산광역시 남구 여천동,중상사고,0,1,2,0,차대차 - 측면충돌,신호위반,건조,맑음,교차로 - 교차로안,승용,남,34세,상해없음,승용,남,62세,중상
2019072300100034,2019년 7월 23일 00시,화요일,울산광역시 중구 반구동,경상사고,0,0,1,0,차대차 - 추돌,안전운전불이행,건조,맑음,교차로 - 교차로부근,이륜,남,18세,상해없음,승용,여,30세,경상
2019072300100049,2019년 7월 23일 01시,화요일,울산광역시 남구 삼산동,사망사고,1,0,0,0,차량단독 - 공작물충돌,안전운전불이행,건조,맑음,단일로 - 교량,이륜,남,40세,사망,,,,
2019072300100064,2019년 7월 23일 02시,화요일,울산광역시 북구 신현동,중상사고,0,2,1,0,차대차 - 추돌,안전운전불이행,건조,맑음,단일로 - 기타,이륜,남,16세,상해없음,이륜,남,15세,중상
2019072300100070,2019년 7월 23일 03시,화요일,울산광역시 남구 무거동,경상사고,0,0,4,0,차대차 - 기타,안전운전불이행,건조,맑음,교차로 - 교차로안,승용,남,25세,경상,승용,남,64세,경상
2019072300100147,2019년 7월 23일 08시,화요일,울산광역시 중구 우정동,중상사고,0,1,1,0,차대차 - 기타,교차로운행방법위반,건조,맑음,교차로 - 교차로안,승용,여,50세,경상,승용,여,50세,중상
2019072300100245,2019년 7월 23일 11시,화요일,울산광역시 울주군 온양읍,경상사고,0,0,1,0,차량단독 - 공작물충돌,안전운전불이행,건조,맑음,단일로 - 지하차도(도로)내,화물,남,21세,경상,,,,
2019072300100280,2019년 7월 23일 12시,화요일,울산광역시 남구 매암동,경상사고,0,0,1,0,차대차 - 측면충돌,안전운전불이행,건조,맑음,단일로 - 기타,승용,남,69세,상해없음,승용,남,29세,경상
2019072300100363,2019년 7월 23일 14시,화요일,울산광역시 남구 옥동,경상사고,0,0,1,0,차대사람 - 기타,안전운전불이행,건조,맑음,단일로 - 기타,승용,여,39세,상해없음,보행자,남,8세,경상
2019072300100364,2019년 7월 23일 14시,화요일,울산광역시 남구 무거동,경상사고,0,0,1,0,차대차 - 측면충돌,안전운전불이행,건조,맑음,교차로 - 교차로안,승용,여,26세,상해없음,승용,남,28세,경상
2019072300100402,2019년 7월 23일 15시,화요일,울산광역시 북구 연암동,경상사고,0,0,1,0,차대차 - 측면충돌,안전운전불이행,건조,맑음,단일로 - 기타,화물,남,42세,상해없음,이륜,남,44세,경상
2019072300100444,2019년 7월 23일 16시,화요일,울산광역시 동구 전하동,중상사고,0,1,0,0,차대사람 - 기타,안전운전불이행,건조,맑음,교차로 - 교차로안,승용,여,45세,상해없음,보행자,남,78세,중상
2019072300100445,2019년 7월 23일 16시,화요일,울산광역시 울주군 범서읍,중상사고,0,1,0,0,차대차 - 정면충돌,중앙선침범,건조,맑음,단일로 - 기타,승용,여,61세,상해없음,승용,남,44세,중상
2019072300100574,2019년 7월 23일 19시,화요일,울산광역시 남구 신정동,경상사고,0,0,1,0,차대차 - 측면충돌,안전운전불이행,건조,맑음,단일로 - 기타,승용,여,66세,상해없음,승용,남,65세,경상
2019072300100575,2019년 7월 23일 19시,화요일,울산광역시 울주군 온산읍,경상사고,0,0,1,0,차대차 - 기타,안전운전불이행,건조,맑음,단일로 - 기타,이륜,남,19세,경상,승용,남,56세,상해없음
2019072300100576,2019년 7월 23일 19시,화요일,울산광역시 울주군 범서읍,경상사고,0,0,1,0,차대차 - 기타,안전거리미확보,건조,맑음,교차로 - 교차로부근,이륜,남,31세,경상,승용,남,26세,상해없음
2019072300100656,2019년 7월 23일 22시,화요일,울산광역시 남구 신정동,중상사고,0,1,10,1,차대차 - 추돌,안전운전불이행,건조,맑음,교차로 - 교차로부근,승용,남,42세,상해없음,승합,남,55세,경상
2019072400100087,2019년 7월 24일 06시,수요일,울산광역시 남구 여천동,경상사고,0,0,1,0,차대사람 - 기타,안전운전불이행,건조,맑음,기타 - 기타,이륜,남,55세,상해없음,보행자,남,44세,경상
2019072400100101,2019년 7월 24일 07시,수요일,울산광역시 울주군 언양읍,경상사고,0,0,1,0,차대차 - 기타,신호위반,건조,맑음,교차로 - 교차로부근,승용,남,58세,상해없음,승용,남,46세,경상
2019072400100210,2019년 7월 24일 10시,수요일,울산광역시 남구 삼산동,경상사고,0,0,1,0,차대차 - 측면충돌,안전운전불이행,건조,흐림,교차로 - 교차로안,자전거,남,71세,경상,승용,여,63세,상해없음
2019072400100244,2019년 7월 24일 11시,수요일,울산광역시 북구 호계동,중상사고,0,1,0,0,차대사람 - 횡단중,보행자보호의무위반,건조,맑음,교차로 - 교차로부근,승용,남,54세,상해없음,보행자,여,75세,중상