사고번호,사고일시,요일,시군구,사고내용,사망자수,중상자수,경상자수,부상신고자수,사고유형,법규위반,노면상태,기상상태,도로형태,가해운전자 차종,가해운전자 성별,가해운전자 연령,가해운전자 상해정도,피해운전자 차종,피해운전자 성별,피해운전자 연령,피해운전자 상해정도
2019080200100189,2019년 8월 2일 10시,금요일,울산광역시 북구 신천동,경상사고,0,0,1,0,차대차 - 측면충돌,안전운전불이행,건조,맑음,단일로 - 기타,승용,남,42세,상해없음,승용,남,31세,경상
2019080200100238,2019년 8월 2일 11시,금요일,울산광역시 울주군 범서읍,경상사고,0,0,1,2,차대차 - 추돌,기타,건조,맑음,단일로 - 기타,이륜,남,61세,경상,승용,남,28세,부상신고
2019080200100435,2019년 8월 2일 16시,금요일,울산광역시 울주군 삼남면,중상사고,0,1,0,0,차대차 - 측면충돌,교차로운행방법위반,건조,맑음,교차로 - 교차로안,승용,남,27세,상해없음,이륜,남,65세,중상
2019080200100495,2019년 8월 2일 17시,금요일,울산광역시 동구 방어동,중상사고,0,1,0,0,차대차 - 측면충돌,직진우회전진행방해,건조,맑음,교차로 - 교차로안,승용,남,46세,상해없음,승용,여,48세,중상
2019080200100550,2019년 8월 2일 18시,금요일,울산광역시 중구 남외동,중상사고,0,1,0,0,차대차 - 추돌,안전운전불이행,건조,맑음,단일로 - 기타,승용,남,52세,상해없음,이륜,남,33세,중상
2019080200100551,2019년 8월 2일 18시,금요일,울산광역시 울주군 두동면,경상사고,0,0,1,0,차대차 - 측면충돌,기타,건조,맑음,교차로 - 교차로안,승용,여,49세,상해없음,승용,남,72세,경상
2019080200100709,2019년 8월 2일 23시,금요일,울산광역시 남구 신정동,중상사고,0,1,0,0,차대차 - 기타,안전운전불이행,건조,맑음,교차로 - 교차로안,승용,여,27세,상해없음,이륜,남,25세,중상
2019080200100710,2019년 8월 2일 23시,금요일,울산광역시 울주군 언양읍,경상사고,0,0,1,0,차량단독 - 공작물충돌,안전운전불이행,건조,맑음,교차로 - 교차로안,승용,남,69세,상해없음,,,,
2019080300100067,2019년 8월 3일 03시,토요일,울산광역시 동구 방어동,경상사고,0,0,1,0,차량단독 - 기타,안전운전불이행,건조,맑음,기타 - 기타,이륜,남,14세,상해없음,,,,
2019080300100103,2019년 8월 3일 07시,토요일,울산광역시 남구 여천동,중상사고,0,1,1,0,차대차 - 추돌,안전운전불이행,건조,맑음,교차로 - 교차로부근,이륜,남,39세,경상,이륜,남,39세,중상
2019080300100147,2019년 8월 3일 09시,토요일,울산광역시 남구 여천동,중상사고,0,2,1,0,차대차 - 측면충돌,안전거리미확보,건조,맑음,단일로 - 기타,승용,남,37세,상해없음,승용,여,53세,경상
2019080300100288,2019년 8월 3일 13시,토요일,울산광역시 동구 서부동,경상사고,0,0,2,1,차대차 - 측면충돌,중앙선침범,건조,맑음,단일로 - 기타,승용,여,59세,부상신고,승합,여,47세,경상
2019080300100312,2019년 8월 3일 14시,토요일,울산광역시 남구 삼산동,중상사고,0,1,0,0,차대사람 - 횡단중,안전운전불이행,건조,맑음,단일로 - 기타,승합,남,59세,상해없음,보행자,여,60세,중상
2019080300100348,2019년 8월 3일 15시,토요일,울산광역시 울주군 삼동면,부상신고사고,0,0,0,2,차대차 - 기타,안전운전불이행,건조,맑음,단일로 - 기타,화물,남,43세,상해없음,승용,남,66세,부상신고
2019080400100061,2019년 8월 4일 02시,일요일,울산광역시 남구 달동,경상사고,0,0,1,0,차대차 - 기타,신호위반,건조,맑음,교차로 - 교차로부근,기타불명,기타불명,미분류,기타불명,이륜,남,22세,경상
2019080400100120,2019년 8월 4일 07시,일요일,울산광역시 울주군 범서읍,경상사고,0,0,2,0,차대차 - 추돌,안전운전불이행,건조,맑음,교차로 - 교차로부근,승용,남,24세,상해없음,농기계,남,79세,경상
2019080400100315,2019년 8월 4일 15시,일요일,울산광역시 북구 연암동,경상사고,0,0,1,0,차대차 - 측면충돌,안전거리미확보,건조,맑음,교차로 - 교차로안,승용,남,59세,상해없음,승용,남,26세,경상
2019080400100316,2019년 8월 4일 15시,일요일,울산광역시 남구 무거동,중상사고,0,1,0,0,차대차 - 측면충돌,안전운전불이행,건조,맑음,기타 - 기타,이륜,남,53세,상해없음,자전거,여,54세,중상
2019080400100344,2019년 8월 4일 16시,일요일,울산광역시 동구 방어동,경상사고,0,0,6,0,차대차 - 측면충돌,신호위반,건조,맑음,교차로 - 교차로안,승용,남,34세,경상,승용,여,33세,경상
2019080400100383,2019년 8월 4일 17시,일요일,울산광역시 동구 화정동,경상사고,0,0,1,0,차대사람 - 길가장자리구역통행중,안전운전불이행,건조,맑음,단일로 - 기타,승용,여,31세,상해없음,보행자,남,21세,경상
2019080400100511,2019년 8월 4일 22시,일요일,울산광역시 남구 여천동,경상사고,0,0,2,0,차대차 - 추돌,안전운전불이행,건조,맑음,단일로 - 기타,승용,남,47세,상해없음,승용,여,40세,경상
2019080400100512,2019년 8월 4일 22시,일요일,울산광역시 울주군 범서읍,경상사고,0,0,4,0,차대차 - 측면충돌,직진우회전진행방해,건조,맑음,교차로 - 교차로안,승용,남,21세,경상,승용,여,53세,경상
2019080500100034,2019년 8월 5일 01시,월요일,울산광역시 남구 달동,경상사고,0,0,2,1,차대차 - 추돌,안전거리미확보,건조,맑음,단일로 - 기타,승용,남,36세,상해없음,승용,남,60세,경상
2019080500100051,2019년 8월 5일 04시,월요일,울산광역시 울주군 서생면,중상사고,0,2,0,0,차대차 - 추돌,안전운전불이행,건조,맑음,단일로 - 기타,화물,여,68세,중상,건설기계,남,40세,기타불명
2019080500100072,2019년 8월 5일 06시,월요일,울산광역시 동구 동부동,경상사고,0,0,1,0,차대차 - 측면충돌,안전운전불이행,건조,맑음,단일로 - 기타,이륜,남,26세,상해없음,자전거,남,61세,경상
2019080500100168,2019년 8월 5일 09시,월요일,울산광역시 남구 옥동,부상신고사고,0,0,0,1,차대차 - 정면충돌,안전운전불이행,건조,맑음,교차로 - 교차로안,승용,남,22세,상해없음,승용,여,48세,부상신고
2019080500100169,2019년 8월 5일 09시,월요일,울산광역시 울주군 온양읍,경상사고,0,0,1,0,차대차 - 측면충돌,직진우회전진행방해,건조,맑음,교차로 - 교차로안,승용,남,52세,상해없음,승용,여,44세,경상
2019080500100301,2019년 8월 5일 12시,월요일,울산광역시 울주군 범서읍,경상사고,0,0,1,0,차대차 - 기타,안전거리미확보,건조,맑음,단일로 - 기타,승용,여,56세,상해없음,승용,남,30세,경상
2019080500100338,2019년 8월 5일 13시,월요일,울산광역시 남구 달동,경상사고,0,0,1,0,차대차 - 측면충돌,안전거리미확보,건조,맑음,단일로 - 기타,이륜,남,60세,경상,승용,남,49세,기타불명
2019080500100380,2019년 8월 5일 14시,월요일,울산광역시 남구 신정동,경상사고,0,0,1,0,차대차 - 측면충돌,안전거리미확보,건조,맑음,단일로 - 기타,원동기,남,43세,경상,승용,남,29세,상해없음
2019080500100427,2019년 8월 5일 16시,월요일,울산광역시 울주군 두서면,경상사고,0,0,1,0,차대차 - 추돌,안전운전불이행,건조,맑음,단일로 - 기타,승용,남,57세,상해없음,승용,여,57세,경상
2019080500100463,2019년 8월 5일 16시,월요일,울산광역시 울주군 범서읍,경상사고,0,0,1,0,차대차 - 측면충돌,직진우회전진행방해,건조,맑음,교차로 - 교차로안,승용,여,29세,상해없음,승용,남,60세,상해없음
2019080500100505,2019년 8월 5일 17시,월요일,울산광역시 중구 다운동,경상사고,0,0,1,0,차대차 - 측면충돌,안전운전불이행,건조,맑음,단일로 - 기타,화물,남,57세,상해없음,자전거,남,9세,경상
2019080500100551,2019년 8월 5일 18시,월요일,울산광역시 남구 신정동,경상사고,0,0,3,0,차대차 - 추돌,안전운전불이행,건조,맑음,교차로 - 교차로안,승용,남,64세,상해없음,승용,남,25세,경상
2019080500100611,2019년 8월 5일 20시,월요일,울산광역시 중구 옥교동,경상사고,0,0,1,0,차대사람 - 차도통행중,안전운전불이행,건조,맑음,교차로 - 교차로안,승용,남,30세,상해없음,보행자,남,33세,경상
2019080500100661,2019년 8월 5일 22시,월요일,울산광역시 남구 신정동,경상사고,0,0,1,0,차대차 - 추돌,신호위반,건조,맑음,교차로 - 교차로안,승용,남,30세,상해없음,승용,여,29세,경상
2019080600100057,2019년 8월 6일 02시,화요일,울산광역시 중구 유곡동,부상신고사고,0,0,0,1,차량단독 - 공작물충돌,안전운전불이행,건조,맑음,교차로 - 교차로부근,승용,남,27세,부상신고,,,,
2019080600100083,2019년 8월 6일 05시,화요일,울산광역시 중구 우정동,경상사고,0,0,2,2,차대차 - 추돌,안전운전불이행,건조,맑음,단일로 - 기타,승용,남,50세,부상신고,승용,남,60세,경상
2019080600100134,2019년 8월 6일 08시,화요일,울산광역시 북구 중산동,경상사고,0,0,1,1,차대차 - 측면충돌,교차로운행방법위반,건조,맑음,교차로 - 교차로부근,승용,여,49세,부상신고,승용,남,32세,경상
2019080600100167,2019년 8월 6일 09시,화요일,울산광역시 남구 삼산동,경상사고,0,0,1,0,차대차 - 추돌,안전운전불이행,건조,맑음,교차로 - 교차로부근,화물,남,46세,상해없음,승용,여,45세,경상
2019080600100280,2019년 8월 6일 12시,화요일,울산광역시 남구 삼산동,중상사고,0,1,1,1,차대차 - 측면충돌,교차로운행방법위반,건조,기타,교차로 - 교차로부근,승용,여,44세,상해없음,승용,여,42세,중상
2019080600100436,2019년 8월 6일 16시,화요일,울산광역시 동구 방어동,경상사고,0,0,1,0,차대차 - 기타,안전운전불이행,젖음/습기,비,교차로 - 교차로부근,화물,남,53세,상해없음,승용,남,62세,경상
2019080600100475,2019년 8월 6일 17시,화요일,울산광역시 북구 상안동,경상사고,0,0,1,0,차대사람 - 횡단중,안전운전불이행,젖음/습기,비,단일로 - 기타,승용,남,57세,상해없음,보행자,여,18세,경상
2019080600100476,2019년 8월 6일 17시,화요일,울산광역시 남구 삼산동,중상사고,0,1,1,0,차대차 - 정면충돌,신호위반,젖음/습기,비,교차로 - 교차로안,승용,남,46세,상해없음,승용,남,54세,중상
2019080600100541,2019년 8월 6일 19시,화요일,울산광역시 울주군 삼남면,중상사고,0,1,2,0,차대차 - 측면충돌,안전운전불이행,젖음/습기,비,단일로 - 기타,승용,남,64세,중상,화물,남,43세,경상
2019080600100567,2019년 8월 6일 19시,화요일,울산광역시 동구 일산동,경상사고,0,0,1,0,차대차 - 기타,중앙선침범,젖음/습기,비,단일로 - 터널,승용,남,49세,상해없음,승용,여,54세,경상
2019080600100610,2019년 8월 6일 20시,화요일,울산광역시 남구 무거동,중상사고,0,3,0,0,차량단독 - 기타,안전운전불이행,젖음/습기,비,단일로 - 기타,승용,남,55세,상해없음,,,,
2019080600100648,2019년 8월 6일 21시,화요일,울산광역시 중구 다운동,중상사고,0,1,1,0,차대차 - 추돌,안전운전불이행,젖음/습기,비,단일로 - 기타,승용,남,67세,상해없음,승용,여,49세,경상
2019080600100671,2019년 8월 6일 22시,화요일,울산광역시 중구 북정동,중상사고,0,1,1,0,차대차 - 측면충돌,안전거리미확보,젖음/습기,비,교차로 - 교차로안,승용,남,51세,상해없음,승용,남,24세,중상
2019080700100038,2019년 8월 7일 00시,수요일,울산광역시 남구 달동,경상사고,0,0,1,0,차대차 - 추돌,안전운전불이행,젖음/습기,비,교차로 - 교차로부근,승용,남,32세,상해없음,승용,여,28세,경상
2019080700100064,2019년 8월 7일 03시,수요일,울산광역시 북구 상안동,중상사고,0,1,0,0,차량단독 - 공작물충돌,안전운전불이행,젖음/습기,비,교차로 - 교차로부근,승용,남,23세,중상,,,,
2019080700100329,2019년 8월 7일 13시,수요일,울산광역시 중구 학산동,경상사고,0,0,1,0,차대차 - 기타,직진우회전진행방해,건조,맑음,교차로 - 교차로안,승용,여,48세,상해없음,이륜,남,57세,경상
2019080700100330,2019년 8월 7일 13시,수요일,울산광역시 북구 매곡동,경상사고,0,0,1,1,차대차 - 측면충돌,교차로운행방법위반,건조,맑음,교차로 - 교차로안,승용,남,37세,부상신고,승용,여,41세,경상
2019080700100331,2019년 8월 7일 13시,수요일,울산광역시 남구 신정동,중상사고,0,1,0,0,차대차 - 측면충돌,안전운전불이행,건조,맑음,단일로 - 기타,승용,여,35세,상해없음,자전거,남,68세,중상
2019080700100369,2019년 8월 7일 14시,수요일,울산광역시 동구 서부동,경상사고,0,0,1,0,차대차 - 측면충돌,신호위반,기타,맑음,교차로 - 교차로안,승용,남,67세,상해없음,승용,여,61세,경상
2019080700100400,2019년 8월 7일 15시,수요일,울산광역시 북구 호계동,중상사고,0,1,0,0,차대사람 - 횡단중,신호위반,건조,맑음,단일로 - 기타,승용,남,69세,상해없음,보행자,여,62세,중상
2019080700100401,2019년 8월 7일 15시,수요일,울산광역시 남구 달동,경상사고,0,0,1,1,차대차 - 추돌,안전운전불이행,건조,기타,교차로 - 교차로부근,승용,남,62세,상해없음,승용,남,33세,부상신고
2019080700100670,2019년 8월 7일 23시,수요일,울산광역시 북구 진장동,중상사고,0,1,0,0,차대차 - 측면충돌,중앙선침범,건조,맑음,단일로 - 기타,이륜,남,40세,중상,화물,남,50세,상해없음
2019080800100129,2019년 8월 8일 08시,목요일,울산광역시 남구 무거동,경상사고,0,0,1,0,차대차 - 추돌,안전운전불이행,건조,맑음,교차로 - 교차로부근,승용,남,34세,상해없음,승용,남,34세,경상
2019080800100130,2019년 8월 8일 08시,목요일,울산광역시 북구 신명동,경상사고,0,0,1,0,차대사람 - 차도통행중,안전운전불이행,건조,맑음,단일로 - 기타,승용,남,54세,상해없음,보행자,여,5세,경상
2019080800100177,2019년 8월 8일 09시,목요일,울산광역시 동구 화정동,경상사고,0,0,1,0,차대차 - 측면충돌,중앙선침범,건조,맑음,교차로 - 교차로부근,승용,남,38세,상해없음,승용,여,67세,경상
2019080800100216,2019년 8월 8일 10시,목요일,울산광역시 북구 호계동,경상사고,0,0,4,0,차대차 - 측면충돌,직진우회전진행방해,건조,맑음,교차로 - 교차로안,승용,여,37세,경상,승용,남,43세,경상
2019080800100256,2019년 8월 8일 11시,목요일,울산광역시 북구 가대동,경상사고,0,0,2,0,차량단독 - 공작물충돌,안전운전불이행,건조,맑음,단일로 - 기타,승용,남,18세,상해없음,,,,
2019080800100257,2019년 8월 8일 11시,목요일,울산광역시 북구 상안동,중상사고,0,1,0,0,차대차 - 추돌,안전거리미확보,건조,맑음,단일로 - 기타,화물,남,80세,상해없음,승용,여,41세,중상
2019080800100258,2019년 8월 8일 11시,목요일,울산광역시 북구 산하동,경상사고,0,0,3,0,차대차 - 측면충돌,직진우회전진행방해,건조,맑음,교차로 - 교차로안,승용,남,29세,상해없음,승용,여,36세,경상
2019080800100259,2019년 8월 8일 11시,목요일,울산광역시 울주군 온산읍,부상신고사고,0,0,0,1,차대차 - 기타,안전운전불이행,건조,맑음,교차로 - 교차로안,승용,남,39세,부상신고,특수,남,49세,상해없음
2019080800100388,2019년 8월 8일 15시,목요일,울산광역시 동구 서부동,경상사고,0,0,1,0,차량단독 - 공작물충돌,안전운전불이행,건조,맑음,단일로 - 기타,이륜,남,19세,경상,,,,
2019080800100478,2019년 8월 8일 17시,목요일,울산광역시 동구 주전동,중상사고,0,1,0,0,차대차 - 측면충돌,안전거리미확보,건조,맑음,단일로 - 기타,승용,남,22세,상해없음,이륜,남,33세,중상
2019080800100520,2019년 8월 8일 18시,목요일,울산광역시 동구 화정동,경상사고,0,0,1,0,차대차 - 측면충돌,직진우회전진행방해,건조,맑음,교차로 - 교차로안,이륜,남,71세,경상,승용,남,39세,상해없음
2019080800100521,2019년 8월 8일 18시,목요일,울산광역시 울주군 온양읍,경상사고,0,0,1,0,차대사람 - 차도통행중,안전운전불이행,건조,맑음,단일로 - 기타,화물,남,77세,상해없음,보행자,남,19세,경상
2019080800100522,2019년 8월 8일 18시,목요일,울산광역시 울주군 온산읍,중상사고,0,1,0,0,차대사람 - 기타,안전운전불이행,건조,맑음,단일로 - 기타,승용,남,60세,상해없음,보행자,여,64세,중상
2019080800100549,2019년 8월 8일 19시,목요일,울산광역시 울주군 범서읍,부상신고사고,0,0,0,1,차대차 - 기타,안전운전불이행,건조,맑음,단일로 - 기타,승용,남,36세,상해없음,자전거,남,23세,부상신고
2019080800100580,2019년 8월 8일 20시,목요일,울산광역시 남구 달동,경상사고,0,0,1,0,차대사람 - 차도통행중,안전운전불이행,건조,맑음,교차로 - 교차로안,승용,남,67세,상해없음,보행자,남,51세,경상
2019080800100626,2019년 8월 8일 22시,목요일,울산광역시 울주군 범서읍,경상사고,0,0,1,0,차대차 - 정면충돌,안전운전불이행,건조,맑음,단일로 - 기타,자전거,남,15세,경상,자전거,남,50세,상해없음
2019080900100094,2019년 8월 9일 05시,금요일,울산광역시 북구 매곡동,중상사고,0,1,0,0,차대사람 - 차도통행중,안전운전불이행,건조,맑음,교차로 - 교차로부근,승용,남,65세,상해없음,보행자,여,76세,중상
2019080900100095,2019년 8월 9일 05시,금요일,울산광역시 남구 삼산동,경상사고,0,0,1,0,차대차 - 추돌,안전운전불이행,건조,맑음,단일로 - 지하차도(도로)내,승용,남,37세,상해없음,화물,남,33세,경상
2019080900100103,2019년 8월 9일 06시,금요일,울산광역시 남구 달동,중상사고,0,1,2,1,차대차 - 추돌,안전운전불이행,건조,맑음,교차로 - 교차로안,승합,남,33세,부상신고,승용,남,36세,중상
2019080900100205,2019년 8월 9일 09시,금요일,울산광역시 울주군 웅촌면,경상사고,0,0,1,0,차대차 - 기타,안전운전불이행,건조,맑음,단일로 - 기타,승용,남,62세,상해없음,승용,여,29세,경상
2019080900100235,2019년 8월 9일 10시,금요일,울산광역시 중구 우정동,경상사고,0,0,1,0,차대차 - 측면충돌,안전거리미확보,건조,맑음,단일로 - 기타,승용,남,45세,상해없음,이륜,남,28세,경상
2019080900100236,2019년 8월 9일 10시,금요일,울산광역시 울주군 삼남면,부상신고사고,0,0,0,1,차대차 - 추돌,교차로운행방법위반,건조,맑음,교차로 - 교차로안,승합,남,62세,상해없음,승용,여,47세,부상신고
2019080900100364,2019년 8월 9일 13시,금요일,울산광역시 남구 달동,경상사고,0,0,1,0,차대차 - 추돌,안전운전불이행,건조,맑음,단일로 - 기타,승합,남,39세,상해없음,승용,남,27세,경상
2019080900100428,2019년 8월 9일 15시,금요일,울산광역시 울주군 삼남면,경상사고,0,0,3,1,차대차 - 기타,직진우회전진행방해,건조,맑음,교차로 - 교차로안,승용,남,29세,부상신고,승합,남,59세,경상
2019080900100470,2019년 8월 9일 16시,금요일,울산광역시 남구 달동,부상신고사고,0,0,0,1,차대차 - 기타,안전운전불이행,건조,맑음,단일로 - 기타,기타불명,기타불명,미분류,기타불명,자전거,남,62세,부상신고
2019080900100626,2019년 8월 9일 19시,금요일,울산광역시 북구 매곡동,경상사고,0,0,1,0,차대차 - 측면충돌,안전운전불이행,건조,맑음,교차로 - 교차로안,이륜,남,16세,경상,승용,남,55세,상해없음
2019080900100627,2019년 8월 9일 19시,금요일,울산광역시 중구 성안동,경상사고,0,0,1,0,차대차 - 측면충돌,신호위반,건조,맑음,교차로 - 교차로횡단보도내,이륜,남,30세,상해없음,자전거,남,43세,경상
2019080900100666,2019년 8월 9일 20시,금요일,울산광역시 남구 달동,경상사고,0,0,1,0,차대차 - 측면충돌,신호위반,건조,맑음,교차로 - 교차로안,승용,남,59세,상해없음,승용,남,66세,경상
2019080900100750,2019년 8월 9일 23시,금요일,울산광역시 울주군 범서읍,부상신고사고,0,0,0,1,차대사람 - 길가장자리구역통행중,안전운전불이행,건조,맑음,단일로 - 기타,승용,여,26세,상해없음,보행자,남,38세,부상신고
2019081000100081,2019년 8월 10일 02시,토요일,울산광역시 남구 신정동,중상사고,0,1,1,0,차대차 - 측면충돌,직진우회전진행방해,건조,맑음,교차로 - 교차로안,승용,남,68세,경상,승용,남,22세,중상
2019081000100220,2019년 8월 10일 09시,토요일,울산광역시 중구 다운동,중상사고,0,1,0,0,차량단독 - 공작물충돌,안전운전불이행,건조,맑음,교차로 - 교차로안,승용,남,34세,상해없음,,,,
2019081000100221,2019년 8월 10일 09시,토요일,울산광역시 남구 신정동,경상사고,0,0,1,0,차대차 - 측면충돌,교차로운행방법위반,건조,맑음,교차로 - 교차로안,승용,여,50세,상해없음,자전거,여,54세,경상
2019081000100257,2019년 8월 10일 10시,토요일,울산광역시 남구 무거동,중상사고,0,1,0,0,차대사람 - 횡단중,안전운전불이행,건조,맑음,단일로 - 기타,화물,남,27세,상해없음,보행자,여,85세,중상
2019081000100297,2019년 8월 10일 11시,토요일,울산광역시 남구 삼산동,중상사고,0,1,0,0,차대사람 - 기타,중앙선침범,건조,맑음,단일로 - 기타,승용,남,52세,상해없음,보행자,남,65세,중상
2019081000100340,2019년 8월 10일 12시,토요일,울산광역시 울주군 언양읍,경상사고,0,0,1,0,차대차 - 측면충돌,안전운전불이행,건조,맑음,교차로 - 교차로안,승용,여,28세,상해없음,승용,남,68세,경상
2019081000100382,2019년 8월 10일 13시,토요일,울산광역시 남구 옥동,경상사고,0,0,1,1,차대차 - 추돌,안전거리미확보,건조,맑음,단일로 - 기타,승용,여,46세,상해없음,승용,여,38세,경상
2019081000100453,2019년 8월 10일 15시,토요일,울산광역시 울주군 온산읍,중상사고,0,1,0,0,차대차 - 측면충돌,차로위반,건조,맑음,단일로 - 기타,승용,남,32세,상해없음,화물,남,52세,중상
2019081000100520,2019년 8월 10일 17시,토요일,울산광역시 중구 복산동,경상사고,0,0,3,0,차대차 - 측면충돌,신호위반,건조,맑음,교차로 - 교차로안,승용,남,32세,상해없음,승용,남,60세,경상
2019081000100521,2019년 8월 10일 17시,토요일,울산광역시 중구 복산동,중상사고,0,2,0,0,차대차 - 측면충돌,안전운전불이행,건조,맑음,교차로 - 교차로부근,승용,남,67세,상해없음,승용,남,42세,중상
2019081000100614,2019년 8월 10일 20시,토요일,울산광역시 울주군 온산읍,경상사고,0,0,1,0,차대차 - 측면충돌,중앙선침범,건조,맑음,단일로 - 기타,승용,남,56세,상해없음,승용,남,37세,경상
2019081000100693,2019년 8월 10일 23시,토요일,울산광역시 남구 옥동,경상사고,0,0,2,0,차대차 - 정면충돌,중앙선침범,건조,맑음,단일로 - 기타,승용,남,59세,상해없음,승용,남,50세,경상
2019081100100125,2019년 8월 11일 09시,일요일,울산광역시 남구 무거동,경상사고,0,0,1,0,차대차 - 추돌,안전운전불이행,건조,맑음,교차로 - 교차로부근,승용,남,39세,상해없음,승용,여,55세,경상
2019081100100230,2019년 8월 11일 13시,일요일,울산광역시 남구 달동,경상사고,0,0,1,0,차대차 - 기타,기타,건조,맑음,교차로 - 교차로안,이륜,남,44세,경상,승용,여,56세,상해없음
2019081100100267,2019년 8월 11일 14시,일요일,울산광역시 동구 동부동,경상사고,0,0,2,0,차대차 - 측면충돌,안전운전불이행,건조,맑음,교차로 - 교차로안,승용,여,67세,경상,승용,남,40세,경상
2019081100100289,2019년 8월 11일 15시,일요일,울산광역시 동구 일산동,경상사고,0,0,2,0,차대차 - 후진중충돌,안전운전불이행,건조,맑음,주차장 - 주차장,승용,여,56세,상해없음,승용,남,43세,경상
2019081100100408,2019년 8월 11일 19시,일요일,울산광역시 북구 화봉동,경상사고,0,0,1,1,차대차 - 측면충돌,안전운전불이행,건조,맑음,단일로 - 기타,승용,남,26세,부상신고,승용,남,27세,경상
2019081100100477,2019년 8월 11일 21시,일요일,울산광역시 북구 진장동,경상사고,0,0,3,0,차대차 - 측면충돌,신호위반,건조,맑음,교차로 - 교차로안,이륜,남,23세,경상,승용,남,39세,경상
2019081100100478,2019년 8월 11일 21시,일요일,울산광역시 남구 선암동,중상사고,0,1,0,0,차대사람 - 기타,안전운전불이행,건조,맑음,단일로 - 기타,승용,여,43세,상해없음,보행자,여,53세,중상
2019081200100069,2019년 8월 12일 04시,월요일,울산광역시 남구 달동,경상사고,0,0,1,0,차량단독 - 기타,안전운전불이행,건조,맑음,단일로 - 기타,승용,남,25세,상해없음,,,,
2019081200100128,2019년 8월 12일 07시,월요일,울산광역시 동구 화정동,경상사고,0,0,1,0,차대차 - 측면충돌,직진우회전진행방해,건조,맑음,교차로 - 교차로안,이륜,남,40세,경상,화물,남,56세,상해없음
2019081200100207,2019년 8월 12일 09시,월요일,울산광역시 동구 화정동,중상사고,0,1,0,0,차대차 - 측면충돌,안전거리미확보,건조,맑음,교차로 - 교차로부근,승용,남,68세,상해없음,이륜,남,37세,중상
2019081200100331,2019년 8월 12일 12시,월요일,울산광역시 남구 무거동,중상사고,0,1,0,0,차대차 - 측면충돌,안전거리미확보,건조,맑음,단일로 - 기타,화물,남,59세,상해없음,승합,남,43세,중상
2019081200100376,2019년 8월 12일 13시,월요일,울산광역시 중구 반구동,중상사고,0,1,1,0,차대차 - 추돌,안전운전불이행,건조,맑음,단일로 - 기타,화물,남,52세,상해없음,승용,여,35세,중상
2019081200100469,2019년 8월 12일 15시,월요일,울산광역시 동구 서부동,경상사고,0,0,1,0,차대차 - 측면충돌,신호위반,건조,맑음,교차로 - 교차로안,승용,여,32세,상해없음,승용,남,34세,경상
2019081200100553,2019년 8월 12일 17시,월요일,울산광역시 동구 방어동,중상사고,0,1,0,0,차대사람 - 횡단중,안전운전불이행,건조,맑음,교차로 - 교차로안,승용,남,43세,상해없음,보행자,여,73세,중상
2019081200100554,2019년 8월 12일 17시,월요일,울산광역시 울주군 범서읍,경상사고,0,0,1,0,차대차 - 기타,안전거리미확보,건조,맑음,단일로 - 기타,화물,남,61세,상해없음,승용,남,31세,경상
2019081200100594,2019년 8월 12일 18시,월요일,울산광역시 북구 화봉동,중상사고,0,1,0,0,차대사람 - 기타,안전운전불이행,건조,맑음,단일로 - 기타,승합,여,62세,상해없음,보행자,남,90세 이상,중상
2019081200100631,2019년 8월 12일 19시,월요일,울산광역시 북구 달천동,경상사고,0,0,1,0,차대차 - 기타,신호위반,건조,맑음,교차로 - 교차로안,화물,남,31세,상해없음,승용,여,30세,경상
2019081300100177,2019년 8월 13일 09시,화요일,울산광역시 중구 성안동,중상사고,0,1,0,0,차대차 - 측면충돌,안전운전불이행,건조,맑음,기타 - 기타,승용,남,59세,상해없음,이륜,남,73세,중상
2019081300100178,2019년 8월 13일 09시,화요일,울산광역시 북구 매곡동,경상사고,0,0,1,0,차대사람 - 횡단중,신호위반,건조,맑음,교차로 - 교차로안,승용,여,47세,상해없음,보행자,남,3세,경상
2019081300100335,2019년 8월 13일 13시,화요일,울산광역시 중구 남외동,중상사고,0,1,0,0,차대차 - 측면충돌,안전운전불이행,건조,맑음,단일로 - 기타,승용,남,57세,상해없음,자전거,남,63세,중상
2019081300100367,2019년 8월 13일 14시,화요일,울산광역시 울주군 온산읍,경상사고,0,0,2,0,차대차 - 기타,안전거리미확보,건조,맑음,단일로 - 기타,화물,남,55세,상해없음,승용,남,25세,경상
2019081300100411,2019년 8월 13일 15시,화요일,울산광역시 북구 신천동,중상사고,0,1,0,0,차대차 - 측면충돌,안전운전불이행,건조,맑음,단일로 - 기타,승용,남,27세,상해없음,이륜,남,36세,중상
2019081300100412,2019년 8월 13일 15시,화요일,울산광역시 울주군 언양읍,경상사고,0,0,1,0,차대차 - 추돌,안전운전불이행,건조,맑음,단일로 - 기타,화물,남,61세,상해없음,화물,남,66세,경상