사고번호,사고일시,요일,시군구,사고내용,사망자수,중상자수,경상자수,부상신고자수,사고유형,법규위반,노면상태,기상상태,도로형태,가해운전자 차종,가해운전자 성별,가해운전자 연령,가해운전자 상해정도,피해운전자 차종,피해운전자 성별,피해운전자 연령,피해운전자 상해정도
2019081300100459,2019년 8월 13일 16시,화요일,울산광역시 중구 다운동,경상사고,0,0,1,0,차대사람 - 횡단중,안전운전불이행,건조,맑음,교차로 - 교차로횡단보도내,화물,여,57세,상해없음,보행자,남,68세,경상
2019081300100499,2019년 8월 13일 17시,화요일,울산광역시 남구 선암동,중상사고,0,1,0,0,차대차 - 추돌,안전운전불이행,건조,맑음,교차로 - 교차로부근,이륜,남,43세,중상,승용,남,55세,상해없음
2019081300100500,2019년 8월 13일 17시,화요일,울산광역시 남구 달동,경상사고,0,0,1,0,차대차 - 기타,안전운전불이행,건조,맑음,교차로 - 교차로부근,자전거,남,23세,경상,승용,여,30세,상해없음
2019081300100551,2019년 8월 13일 18시,화요일,울산광역시 남구 삼산동,경상사고,0,0,2,0,차대차 - 측면충돌,교차로운행방법위반,건조,맑음,교차로 - 교차로안,승용,남,59세,상해없음,승용,여,37세,경상
2019081300100552,2019년 8월 13일 18시,화요일,울산광역시 남구 삼산동,중상사고,0,1,0,0,차대차 - 측면충돌,안전거리미확보,건조,맑음,단일로 - 기타,승용,남,67세,상해없음,이륜,남,46세,중상
2019081300100592,2019년 8월 13일 19시,화요일,울산광역시 울주군 온산읍,경상사고,0,0,1,0,차량단독 - 기타,안전운전불이행,건조,맑음,단일로 - 기타,승합,남,44세,상해없음,,,,
2019081300100631,2019년 8월 13일 20시,화요일,울산광역시 중구 서동,경상사고,0,0,3,0,차대차 - 측면충돌,신호위반,건조,맑음,교차로 - 교차로안,승용,여,37세,경상,승용,남,45세,경상
2019081400100063,2019년 8월 14일 02시,수요일,울산광역시 중구 우정동,경상사고,0,0,1,0,차대차 - 측면충돌,교차로운행방법위반,건조,맑음,교차로 - 교차로안,승용,남,50세,상해없음,자전거,남,51세,경상
2019081400100128,2019년 8월 14일 07시,수요일,울산광역시 중구 우정동,경상사고,0,0,2,0,차대차 - 측면충돌,안전거리미확보,건조,맑음,단일로 - 기타,승용,남,74세,경상,승합,남,34세,경상
2019081400100129,2019년 8월 14일 07시,수요일,울산광역시 남구 신정동,부상신고사고,0,0,0,1,차대차 - 측면충돌,안전운전불이행,건조,맑음,단일로 - 기타,승합,남,33세,부상신고,승합,남,37세,상해없음
2019081400100175,2019년 8월 14일 08시,수요일,울산광역시 북구 염포동,경상사고,0,0,1,0,차대차 - 측면충돌,신호위반,건조,맑음,단일로 - 기타,이륜,남,37세,경상,승용,남,55세,상해없음
2019081400100176,2019년 8월 14일 08시,수요일,울산광역시 동구 방어동,경상사고,0,0,1,0,차대사람 - 횡단중,안전운전불이행,건조,맑음,단일로 - 기타,승용,남,61세,상해없음,보행자,여,8세,경상
2019081400100224,2019년 8월 14일 09시,수요일,울산광역시 울주군 삼남면,경상사고,0,0,1,0,차량단독 - 공작물충돌,안전운전불이행,건조,흐림,교차로 - 교차로안,화물,남,55세,경상,,,,
2019081400100304,2019년 8월 14일 11시,수요일,울산광역시 동구 전하동,경상사고,0,0,1,0,차대차 - 측면충돌,안전운전불이행,건조,맑음,교차로 - 교차로안,이륜,남,67세,상해없음,이륜,남,39세,경상
2019081400100504,2019년 8월 14일 16시,수요일,울산광역시 북구 진장동,경상사고,0,0,3,0,차대차 - 추돌,안전운전불이행,건조,맑음,단일로 - 교량,화물,남,34세,기타불명,승용,여,39세,경상
2019081400100505,2019년 8월 14일 16시,수요일,울산광역시 북구 호계동,중상사고,0,1,0,0,차대차 - 측면충돌,안전운전불이행,건조,맑음,단일로 - 기타,승용,남,58세,상해없음,화물,남,57세,중상
2019081400100553,2019년 8월 14일 17시,수요일,울산광역시 동구 서부동,경상사고,0,0,1,0,차대차 - 측면충돌,안전운전불이행,건조,맑음,단일로 - 기타,승용,남,55세,상해없음,자전거,남,35세,경상
2019081400100622,2019년 8월 14일 18시,수요일,울산광역시 동구 방어동,중상사고,0,1,0,0,차대사람 - 기타,안전운전불이행,건조,맑음,단일로 - 기타,화물,남,59세,상해없음,보행자,여,79세,중상
2019081400100705,2019년 8월 14일 20시,수요일,울산광역시 남구 신정동,경상사고,0,0,4,0,차대차 - 측면충돌,안전운전불이행,건조,맑음,교차로 - 교차로안,승용,남,37세,상해없음,승용,여,53세,경상
2019081400100743,2019년 8월 14일 21시,수요일,울산광역시 남구 장생포동,중상사고,0,1,0,0,차대사람 - 기타,안전운전불이행,젖음/습기,비,단일로 - 기타,승용,남,47세,상해없음,보행자,남,65세,중상
2019081400100803,2019년 8월 14일 23시,수요일,울산광역시 울주군 온산읍,경상사고,0,0,1,0,차대사람 - 기타,안전운전불이행,건조,맑음,단일로 - 기타,승용,남,36세,상해없음,보행자,남,37세,경상
2019081500100030,2019년 8월 15일 00시,목요일,울산광역시 울주군 범서읍,중상사고,0,1,0,0,차대사람 - 횡단중,안전운전불이행,건조,맑음,교차로 - 교차로안,승합,여,62세,상해없음,보행자,남,39세,중상
2019081500100067,2019년 8월 15일 03시,목요일,울산광역시 남구 삼산동,중상사고,0,1,0,0,차대차 - 측면충돌,신호위반,건조,맑음,교차로 - 교차로안,승용,남,29세,상해없음,승용,남,56세,중상
2019081500100119,2019년 8월 15일 08시,목요일,울산광역시 중구 우정동,사망사고,1,0,0,0,차대사람 - 차도통행중,안전운전불이행,젖음/습기,비,교차로 - 교차로안,건설기계,남,50세,상해없음,보행자,남,61세,사망
2019081500100139,2019년 8월 15일 09시,목요일,울산광역시 울주군 언양읍,중상사고,0,1,0,0,차량단독 - 공작물충돌,안전운전불이행,젖음/습기,비,단일로 - 기타,승용,남,45세,중상,,,,
2019081500100140,2019년 8월 15일 09시,목요일,울산광역시 울주군 온산읍,경상사고,0,0,2,0,차대차 - 기타,안전거리미확보,젖음/습기,흐림,교차로 - 교차로부근,화물,남,62세,상해없음,화물,남,53세,경상
2019081500100163,2019년 8월 15일 10시,목요일,울산광역시 남구 무거동,중상사고,0,1,0,0,차대차 - 추돌,안전운전불이행,젖음/습기,비,단일로 - 지하차도(도로)내,승용,남,68세,상해없음,승용,남,61세,중상
2019081500100164,2019년 8월 15일 10시,목요일,울산광역시 울주군 범서읍,경상사고,0,0,1,0,차대차 - 측면충돌,안전거리미확보,건조,맑음,단일로 - 기타,승합,남,62세,상해없음,승합,남,48세,상해없음
2019081500100183,2019년 8월 15일 11시,목요일,울산광역시 중구 학산동,경상사고,0,0,2,0,차대차 - 측면충돌,안전거리미확보,젖음/습기,비,단일로 - 기타,승용,여,32세,상해없음,승용,남,65세,경상
2019081500100216,2019년 8월 15일 12시,목요일,울산광역시 중구 반구동,경상사고,0,0,1,0,차대차 - 측면충돌,중앙선침범,젖음/습기,비,단일로 - 기타,승용,여,32세,상해없음,이륜,남,34세,경상
2019081500100248,2019년 8월 15일 13시,목요일,울산광역시 북구 매곡동,중상사고,0,4,1,0,차대차 - 정면충돌,중앙선침범,젖음/습기,비,단일로 - 기타,승용,남,56세,경상,승용,남,43세,중상
2019081500100290,2019년 8월 15일 14시,목요일,울산광역시 남구 야음동,경상사고,0,0,1,0,차대차 - 측면충돌,안전운전불이행,젖음/습기,비,단일로 - 기타,기타불명,기타불명,미분류,기타불명,이륜,남,43세,경상
2019081500100324,2019년 8월 15일 15시,목요일,울산광역시 울주군 청량읍,중상사고,0,2,2,0,차대차 - 정면충돌,중앙선침범,젖음/습기,비,단일로 - 기타,승용,남,60세,상해없음,승용,남,53세,중상
2019081500100355,2019년 8월 15일 16시,목요일,울산광역시 남구 삼산동,경상사고,0,0,1,0,차대차 - 기타,안전운전불이행,젖음/습기,비,단일로 - 기타,화물,남,57세,상해없음,이륜,남,45세,경상
2019081500100384,2019년 8월 15일 17시,목요일,울산광역시 동구 화정동,경상사고,0,0,1,0,차대차 - 측면충돌,안전운전불이행,기타,맑음,교차로 - 교차로안,이륜,남,37세,경상,승용,여,40세,상해없음
2019081500100385,2019년 8월 15일 17시,목요일,울산광역시 동구 전하동,중상사고,0,1,0,0,차대차 - 기타,안전운전불이행,건조,흐림,교차로 - 교차로부근,이륜,남,50세,상해없음,이륜,남,48세,중상
2019081500100513,2019년 8월 15일 22시,목요일,울산광역시 남구 신정동,중상사고,0,1,4,0,차대차 - 추돌,안전운전불이행,건조,맑음,단일로 - 기타,승용,여,45세,상해없음,승합,남,36세,경상
2019081500100537,2019년 8월 15일 23시,목요일,울산광역시 중구 태화동,중상사고,0,1,0,0,차대차 - 측면충돌,안전운전불이행,건조,맑음,교차로 - 교차로안,승용,남,20세,상해없음,승용,여,41세,중상
2019081600100068,2019년 8월 16일 05시,금요일,울산광역시 남구 삼산동,경상사고,0,0,1,0,차대차 - 측면충돌,안전거리미확보,건조,맑음,단일로 - 기타,승용,남,77세,상해없음,승합,남,52세,경상
2019081600100079,2019년 8월 16일 06시,금요일,울산광역시 북구 신천동,중상사고,0,2,1,1,차대차 - 추돌,안전운전불이행,건조,맑음,교차로 - 교차로안,승용,남,21세,부상신고,승용,여,38세,중상
2019081600100080,2019년 8월 16일 06시,금요일,울산광역시 남구 야음동,경상사고,0,0,1,0,차대차 - 측면충돌,안전거리미확보,건조,맑음,교차로 - 교차로부근,특수,남,62세,상해없음,승용,남,38세,경상
2019081600100081,2019년 8월 16일 06시,금요일,울산광역시 북구 양정동,중상사고,0,1,0,0,차대차 - 측면충돌,안전거리미확보,건조,맑음,단일로 - 기타,자전거,남,57세,상해없음,자전거,남,45세,중상
2019081600100098,2019년 8월 16일 07시,금요일,울산광역시 울주군 범서읍,경상사고,0,0,2,0,차대차 - 측면충돌,교차로운행방법위반,건조,맑음,교차로 - 교차로안,승용,여,42세,상해없음,승용,남,59세,경상
2019081600100294,2019년 8월 16일 12시,금요일,울산광역시 북구 양정동,경상사고,0,0,2,0,차대차 - 후진중충돌,안전운전불이행,건조,맑음,단일로 - 기타,승합,남,71세,상해없음,화물,남,24세,경상
2019081600100599,2019년 8월 16일 19시,금요일,울산광역시 북구 화봉동,경상사고,0,0,1,0,차대사람 - 차도통행중,안전운전불이행,건조,맑음,단일로 - 기타,승용,여,26세,상해없음,보행자,남,63세,경상
2019081600100628,2019년 8월 16일 20시,금요일,울산광역시 중구 옥교동,경상사고,0,0,1,0,차대차 - 측면충돌,신호위반,건조,맑음,교차로 - 교차로안,승합,남,59세,상해없음,승용,여,59세,경상
2019081600100682,2019년 8월 16일 22시,금요일,울산광역시 북구 염포동,경상사고,0,0,1,0,차대차 - 기타,신호위반,건조,맑음,단일로 - 기타,이륜,남,41세,경상,승용,남,62세,상해없음
2019081600100698,2019년 8월 16일 23시,금요일,울산광역시 중구 태화동,경상사고,0,0,2,0,차대차 - 추돌,안전운전불이행,건조,맑음,단일로 - 기타,승용,남,31세,상해없음,승용,여,28세,경상
2019081700100032,2019년 8월 17일 00시,토요일,울산광역시 남구 삼산동,중상사고,0,1,0,0,차대사람 - 횡단중,안전운전불이행,건조,맑음,단일로 - 기타,승용,남,34세,상해없음,보행자,남,27세,중상
2019081700100033,2019년 8월 17일 00시,토요일,울산광역시 울주군 범서읍,경상사고,0,0,1,0,차대차 - 측면충돌,신호위반,건조,맑음,교차로 - 교차로안,승용,남,51세,상해없음,승용,남,60세,경상
2019081700100048,2019년 8월 17일 01시,토요일,울산광역시 남구 달동,경상사고,0,0,1,0,차대사람 - 차도통행중,안전운전불이행,건조,맑음,단일로 - 지하차도(도로)내,승용,남,56세,상해없음,보행자,남,22세,경상
2019081700100111,2019년 8월 17일 06시,토요일,울산광역시 북구 진장동,중상사고,0,1,0,0,차대차 - 측면충돌,차로위반,건조,맑음,단일로 - 기타,승용,남,31세,상해없음,이륜,남,24세,중상
2019081700100123,2019년 8월 17일 07시,토요일,울산광역시 남구 야음동,경상사고,0,0,1,0,차대차 - 추돌,안전거리미확보,건조,맑음,단일로 - 기타,승합,남,35세,상해없음,승용,남,27세,경상
2019081700100124,2019년 8월 17일 07시,토요일,울산광역시 울주군 삼동면,부상신고사고,0,0,0,1,차량단독 - 공작물충돌,안전운전불이행,건조,맑음,단일로 - 기타,승용,남,46세,부상신고,,,,
2019081700100180,2019년 8월 17일 10시,토요일,울산광역시 중구 학산동,경상사고,0,0,1,0,차대차 - 측면충돌,중앙선침범,건조,맑음,교차로 - 교차로부근,자전거,남,80세,경상,승용,여,32세,상해없음
2019081700100220,2019년 8월 17일 11시,토요일,울산광역시 남구 달동,경상사고,0,0,1,0,차대차 - 측면충돌,중앙선침범,건조,맑음,단일로 - 기타,승용,남,42세,상해없음,이륜,남,45세,경상
2019081700100249,2019년 8월 17일 12시,토요일,울산광역시 동구 화정동,경상사고,0,0,1,0,차대사람 - 횡단중,안전운전불이행,건조,맑음,단일로 - 기타,승합,남,50세,상해없음,보행자,남,65세,경상
2019081700100346,2019년 8월 17일 14시,토요일,울산광역시 중구 학성동,경상사고,0,0,1,0,차대차 - 측면충돌,신호위반,건조,맑음,교차로 - 교차로안,승용,여,57세,상해없음,승용,여,51세,경상
2019081700100468,2019년 8월 17일 17시,토요일,울산광역시 동구 방어동,경상사고,0,0,2,0,차대차 - 기타,안전운전불이행,건조,맑음,기타 - 기타,자전거,남,57세,경상,자전거,남,56세,경상
2019081700100610,2019년 8월 17일 21시,토요일,울산광역시 남구 달동,경상사고,0,0,3,0,차대차 - 측면충돌,안전운전불이행,건조,맑음,교차로 - 교차로안,승용,남,26세,경상,승용,남,23세,경상
2019081800100137,2019년 8월 18일 09시,일요일,울산광역시 동구 방어동,경상사고,0,0,2,0,차대차 - 측면충돌,신호위반,건조,맑음,교차로 - 교차로안,승용,남,27세,상해없음,승용,남,65세,경상
2019081800100170,2019년 8월 18일 11시,일요일,울산광역시 울주군 온양읍,경상사고,0,0,1,0,차대차 - 측면충돌,안전운전불이행,건조,맑음,단일로 - 지하차도(도로)내,승용,남,60세,상해없음,승용,여,62세,경상
2019081800100218,2019년 8월 18일 13시,일요일,울산광역시 중구 서동,경상사고,0,0,2,1,차대차 - 측면충돌,교차로운행방법위반,건조,맑음,교차로 - 교차로안,승용,남,50세,부상신고,승용,여,29세,경상
2019081800100303,2019년 8월 18일 16시,일요일,울산광역시 울주군 서생면,중상사고,0,1,0,0,차대차 - 기타,안전운전불이행,건조,맑음,단일로 - 기타,승용,남,50세,상해없음,자전거,남,79세,중상
2019081800100335,2019년 8월 18일 17시,일요일,울산광역시 동구 전하동,중상사고,0,2,1,0,차대차 - 측면충돌,신호위반,건조,맑음,교차로 - 교차로안,승합,남,29세,상해없음,승용,남,43세,경상
2019081800100369,2019년 8월 18일 18시,일요일,울산광역시 남구 달동,경상사고,0,0,1,0,차대차 - 측면충돌,안전운전불이행,건조,맑음,교차로 - 교차로안,승용,여,26세,상해없음,자전거,남,21세,경상
2019081900100072,2019년 8월 19일 06시,월요일,울산광역시 남구 달동,중상사고,0,1,0,0,차대차 - 정면충돌,중앙선침범,건조,맑음,교차로 - 교차로안,승용,남,52세,상해없음,승용,남,68세,중상
2019081900100183,2019년 8월 19일 09시,월요일,울산광역시 중구 남외동,경상사고,0,0,1,0,차대차 - 기타,신호위반,건조,맑음,교차로 - 교차로안,승용,여,27세,상해없음,승합,남,40세,상해없음
2019081900100255,2019년 8월 19일 11시,월요일,울산광역시 동구 일산동,경상사고,0,0,1,0,차대차 - 추돌,안전운전불이행,건조,맑음,교차로 - 교차로안,원동기,남,36세,경상,승용,여,30세,상해없음
2019081900100308,2019년 8월 19일 13시,월요일,울산광역시 남구 삼산동,경상사고,0,0,2,1,차대차 - 기타,안전운전불이행,건조,맑음,교차로 - 교차로안,승용,남,62세,경상,승합,남,42세,상해없음
2019081900100341,2019년 8월 19일 14시,월요일,울산광역시 남구 삼산동,경상사고,0,0,1,0,차대차 - 측면충돌,안전거리미확보,건조,맑음,단일로 - 기타,이륜,남,73세,경상,승용,남,29세,상해없음
2019081900100455,2019년 8월 19일 17시,월요일,울산광역시 북구 호계동,중상사고,0,1,0,0,차대차 - 측면충돌,교차로운행방법위반,건조,맑음,교차로 - 교차로안,승용,여,42세,상해없음,승용,여,57세,중상
2019081900100584,2019년 8월 19일 21시,월요일,울산광역시 북구 진장동,경상사고,0,0,1,0,차대차 - 측면충돌,안전운전불이행,건조,맑음,단일로 - 기타,이륜,남,61세,경상,승용,남,31세,상해없음
2019081900100585,2019년 8월 19일 21시,월요일,울산광역시 울주군 두동면,경상사고,0,0,1,0,차대차 - 정면충돌,직진우회전진행방해,건조,맑음,교차로 - 교차로부근,화물,남,57세,상해없음,승용,남,54세,경상
2019081900100606,2019년 8월 19일 22시,월요일,울산광역시 남구 달동,부상신고사고,0,0,0,1,차대사람 - 기타,안전운전불이행,건조,맑음,교차로 - 교차로안,승용,남,64세,상해없음,보행자,남,55세,부상신고
2019081900100607,2019년 8월 19일 22시,월요일,울산광역시 울주군 범서읍,중상사고,0,1,0,0,차대차 - 추돌,안전운전불이행,건조,맑음,단일로 - 기타,화물,남,41세,상해없음,자전거,남,40세,중상
2019081900100627,2019년 8월 19일 23시,월요일,울산광역시 남구 달동,중상사고,0,1,0,0,차대차 - 추돌,안전운전불이행,건조,맑음,단일로 - 기타,승용,남,49세,상해없음,승용,남,53세,중상
2019082000100103,2019년 8월 20일 07시,화요일,울산광역시 울주군 서생면,중상사고,0,1,0,0,차대차 - 측면충돌,안전운전불이행,건조,맑음,교차로 - 교차로안,건설기계,남,46세,상해없음,승용,여,37세,중상
2019082000100148,2019년 8월 20일 08시,화요일,울산광역시 중구 남외동,부상신고사고,0,0,0,1,차대차 - 측면충돌,중앙선침범,건조,맑음,단일로 - 기타,자전거,남,74세,부상신고,승용,여,29세,상해없음
2019082000100432,2019년 8월 20일 16시,화요일,울산광역시 동구 화정동,경상사고,0,0,1,0,차대사람 - 횡단중,보행자보호의무위반,건조,맑음,단일로 - 기타,승용,여,65세,상해없음,보행자,여,9세,경상
2019082000100471,2019년 8월 20일 17시,화요일,울산광역시 남구 신정동,경상사고,0,0,1,0,차대차 - 추돌,안전운전불이행,건조,맑음,단일로 - 기타,승용,여,49세,상해없음,승용,여,29세,경상
2019082000100563,2019년 8월 20일 19시,화요일,울산광역시 북구 매곡동,중상사고,0,2,4,0,차대차 - 추돌,안전운전불이행,젖음/습기,비,단일로 - 기타,화물,남,53세,상해없음,화물,남,40세,경상
2019082000100595,2019년 8월 20일 20시,화요일,울산광역시 중구 학성동,중상사고,0,1,0,0,차대사람 - 횡단중,안전운전불이행,건조,맑음,교차로 - 교차로부근,승용,남,57세,상해없음,보행자,여,60세,중상
2019082000100596,2019년 8월 20일 20시,화요일,울산광역시 남구 달동,경상사고,0,0,1,0,차대사람 - 기타,안전운전불이행,건조,흐림,단일로 - 기타,승용,남,53세,상해없음,보행자,남,44세,경상
2019082000100597,2019년 8월 20일 20시,화요일,울산광역시 동구 전하동,중상사고,0,1,0,0,차대사람 - 횡단중,안전운전불이행,건조,맑음,단일로 - 기타,승용,여,60세,상해없음,보행자,남,48세,중상
2019082000100622,2019년 8월 20일 21시,화요일,울산광역시 동구 화정동,중상사고,0,1,0,0,차대사람 - 횡단중,안전운전불이행,건조,맑음,교차로 - 교차로안,승용,남,22세,상해없음,보행자,남,56세,중상
2019082100100047,2019년 8월 21일 01시,수요일,울산광역시 울주군 청량읍,경상사고,0,0,1,0,차량단독 - 공작물충돌,교차로운행방법위반,건조,맑음,교차로 - 교차로안,승용,남,59세,경상,,,,
2019082100100058,2019년 8월 21일 03시,수요일,울산광역시 남구 삼산동,경상사고,0,0,2,0,차대차 - 측면충돌,직진우회전진행방해,젖음/습기,흐림,교차로 - 교차로안,승용,남,26세,상해없음,승용,여,52세,경상
2019082100100151,2019년 8월 21일 08시,수요일,울산광역시 중구 학산동,경상사고,0,0,1,0,차대사람 - 기타,안전운전불이행,건조,맑음,교차로 - 교차로안,승용,여,41세,상해없음,보행자,남,60세,경상
2019082100100152,2019년 8월 21일 08시,수요일,울산광역시 남구 매암동,경상사고,0,0,1,0,차대차 - 기타,안전운전불이행,건조,맑음,단일로 - 기타,특수,남,57세,상해없음,승용,남,39세,경상
2019082100100179,2019년 8월 21일 09시,수요일,울산광역시 남구 신정동,경상사고,0,0,1,0,차대차 - 기타,교차로운행방법위반,건조,맑음,교차로 - 교차로안,승용,남,52세,상해없음,승용,여,20세,경상
2019082100100208,2019년 8월 21일 10시,수요일,울산광역시 울주군 온산읍,중상사고,0,1,0,0,차대사람 - 횡단중,안전운전불이행,젖음/습기,흐림,단일로 - 기타,화물,여,36세,상해없음,보행자,여,76세,중상
2019082100100242,2019년 8월 21일 11시,수요일,울산광역시 북구 천곡동,중상사고,0,1,0,0,차대차 - 추돌,안전운전불이행,건조,흐림,단일로 - 기타,승용,남,69세,상해없음,이륜,남,33세,중상
2019082100100307,2019년 8월 21일 13시,수요일,울산광역시 남구 신정동,경상사고,0,0,2,0,차대차 - 측면충돌,안전운전불이행,젖음/습기,흐림,단일로 - 기타,화물,남,60세,상해없음,승용,여,46세,경상
2019082100100342,2019년 8월 21일 14시,수요일,울산광역시 동구 동부동,경상사고,0,0,1,0,차대차 - 측면충돌,안전운전불이행,젖음/습기,흐림,교차로 - 교차로안,이륜,남,41세,경상,승용,남,67세,상해없음
2019082100100424,2019년 8월 21일 16시,수요일,울산광역시 남구 야음동,중상사고,0,1,0,0,차대차 - 측면충돌,차로위반,젖음/습기,비,단일로 - 기타,승용,남,52세,상해없음,승용,여,64세,중상
2019082100100425,2019년 8월 21일 16시,수요일,울산광역시 울주군 언양읍,중상사고,0,1,0,0,차대차 - 기타,안전운전불이행,건조,맑음,단일로 - 기타,이륜,남,46세,중상,화물,남,44세,상해없음
2019082100100478,2019년 8월 21일 17시,수요일,울산광역시 남구 삼산동,경상사고,0,0,1,0,차대차 - 기타,중앙선침범,젖음/습기,비,단일로 - 기타,승용,남,54세,상해없음,이륜,남,28세,경상
2019082100100579,2019년 8월 21일 19시,수요일,울산광역시 중구 복산동,경상사고,0,0,1,0,차대차 - 측면충돌,신호위반,건조,흐림,교차로 - 교차로안,이륜,남,21세,경상,승용,여,57세,상해없음
2019082100100686,2019년 8월 21일 22시,수요일,울산광역시 중구 반구동,중상사고,0,1,0,0,차대사람 - 횡단중,안전운전불이행,젖음/습기,흐림,교차로 - 교차로횡단보도내,승용,남,52세,상해없음,보행자,남,66세,중상
2019082100100713,2019년 8월 21일 23시,수요일,울산광역시 중구 복산동,경상사고,0,0,2,0,차대차 - 측면충돌,안전운전불이행,젖음/습기,비,교차로 - 교차로안,승용,여,24세,경상,승용,남,23세,경상
2019082200100044,2019년 8월 22일 00시,목요일,울산광역시 남구 달동,중상사고,0,1,0,0,차대차 - 측면충돌,안전운전불이행,젖음/습기,비,교차로 - 교차로안,승용,남,47세,상해없음,이륜,남,30세,중상
2019082200100100,2019년 8월 22일 06시,목요일,울산광역시 북구 화봉동,부상신고사고,0,0,0,1,차대차 - 기타,안전거리미확보,젖음/습기,비,교차로 - 교차로부근,승용,남,56세,부상신고,화물,남,36세,상해없음
2019082200100101,2019년 8월 22일 06시,목요일,울산광역시 울주군 온산읍,경상사고,0,0,1,0,차대차 - 측면충돌,차로위반,건조,맑음,단일로 - 기타,승용,남,72세,상해없음,승용,남,55세,경상
2019082200100128,2019년 8월 22일 07시,목요일,울산광역시 울주군 온양읍,경상사고,0,0,1,0,차대차 - 측면충돌,신호위반,젖음/습기,비,교차로 - 교차로안,승합,남,61세,상해없음,승용,남,37세,경상
2019082200100213,2019년 8월 22일 09시,목요일,울산광역시 북구 화봉동,경상사고,0,0,1,0,차대차 - 측면충돌,직진우회전진행방해,젖음/습기,비,교차로 - 교차로안,승용,여,34세,상해없음,승용,여,60세,경상
2019082200100239,2019년 8월 22일 10시,목요일,울산광역시 남구 달동,경상사고,0,0,1,0,차대차 - 기타,안전운전불이행,건조,맑음,단일로 - 기타,승용,남,59세,상해없음,승용,남,23세,경상
2019082200100332,2019년 8월 22일 13시,목요일,울산광역시 동구 일산동,중상사고,0,1,1,0,차대차 - 측면충돌,직진우회전진행방해,젖음/습기,비,교차로 - 교차로안,승용,여,57세,경상,승용,남,35세,중상
2019082200100377,2019년 8월 22일 14시,목요일,울산광역시 북구 연암동,중상사고,0,1,0,0,차대차 - 측면충돌,교차로운행방법위반,젖음/습기,비,교차로 - 교차로안,승용,남,34세,상해없음,이륜,남,57세,중상
2019082200100406,2019년 8월 22일 15시,목요일,울산광역시 남구 용잠동,경상사고,0,0,1,0,차대차 - 측면충돌,중앙선침범,젖음/습기,맑음,단일로 - 기타,승용,남,53세,상해없음,화물,남,64세,경상
2019082200100407,2019년 8월 22일 15시,목요일,울산광역시 남구 달동,중상사고,0,1,0,0,차대사람 - 보도통행중,보행자보호의무위반,건조,맑음,교차로 - 교차로안,화물,남,44세,상해없음,보행자,남,44세,중상
2019082200100408,2019년 8월 22일 15시,목요일,울산광역시 남구 야음동,부상신고사고,0,0,0,1,차대차 - 측면충돌,안전운전불이행,젖음/습기,흐림,교차로 - 교차로안,화물,남,73세,상해없음,승용,남,58세,부상신고
2019082200100458,2019년 8월 22일 17시,목요일,울산광역시 울주군 두동면,중상사고,0,1,0,0,차대차 - 측면충돌,안전거리미확보,건조,맑음,단일로 - 기타,승합,남,59세,상해없음,승용,남,38세,중상
2019082200100547,2019년 8월 22일 18시,목요일,울산광역시 중구 우정동,경상사고,0,0,1,0,차대사람 - 횡단중,보행자보호의무위반,건조,맑음,교차로 - 교차로횡단보도내,승용,남,62세,상해없음,보행자,여,43세,경상
2019082200100548,2019년 8월 22일 18시,목요일,울산광역시 남구 달동,경상사고,0,0,2,0,차대차 - 추돌,안전운전불이행,젖음/습기,흐림,단일로 - 지하차도(도로)내,승용,여,42세,경상,승용,남,50세,경상
2019082200100549,2019년 8월 22일 18시,목요일,울산광역시 울주군 온산읍,경상사고,0,0,2,0,차대차 - 추돌,안전운전불이행,건조,맑음,교차로 - 교차로부근,승용,남,55세,상해없음,승용,남,47세,경상
2019082300100051,2019년 8월 23일 01시,금요일,울산광역시 중구 복산동,경상사고,0,0,1,0,차대차 - 측면충돌,안전거리미확보,건조,맑음,단일로 - 기타,승용,남,39세,상해없음,승용,여,45세,경상
2019082300100052,2019년 8월 23일 01시,금요일,울산광역시 동구 방어동,경상사고,0,0,1,0,차대차 - 추돌,안전운전불이행,건조,맑음,교차로 - 교차로부근,승용,남,35세,상해없음,이륜,남,21세,경상
2019082300100063,2019년 8월 23일 02시,금요일,울산광역시 남구 달동,경상사고,0,0,1,0,차대차 - 측면충돌,안전운전불이행,건조,흐림,교차로 - 교차로횡단보도내,승용,남,48세,상해없음,자전거,남,76세,경상
2019082300100064,2019년 8월 23일 02시,금요일,울산광역시 동구 방어동,경상사고,0,0,1,0,차대사람 - 기타,안전운전불이행,건조,맑음,단일로 - 기타,승용,남,33세,상해없음,보행자,여,26세,경상
2019082300100079,2019년 8월 23일 04시,금요일,울산광역시 북구 양정동,중상사고,0,1,0,0,차대차 - 측면충돌,신호위반,건조,맑음,교차로 - 교차로부근,승용,남,59세,상해없음,이륜,남,38세,중상