사고번호,사고일시,요일,시군구,사고내용,사망자수,중상자수,경상자수,부상신고자수,사고유형,법규위반,노면상태,기상상태,도로형태,가해운전자 차종,가해운전자 성별,가해운전자 연령,가해운전자 상해정도,피해운전자 차종,피해운전자 성별,피해운전자 연령,피해운전자 상해정도
2019082300100107,2019년 8월 23일 06시,금요일,울산광역시 중구 학산동,경상사고,0,0,1,0,차대차 - 측면충돌,안전운전불이행,건조,맑음,교차로 - 교차로안,승용,남,60세,상해없음,자전거,남,78세,경상
2019082300100130,2019년 8월 23일 07시,금요일,울산광역시 울주군 청량읍,경상사고,0,0,1,0,차대차 - 추돌,안전거리미확보,건조,맑음,단일로 - 기타,승용,여,25세,상해없음,승용,남,39세,경상
2019082300100208,2019년 8월 23일 09시,금요일,울산광역시 북구 양정동,경상사고,0,0,1,0,차대차 - 측면충돌,안전운전불이행,건조,맑음,교차로 - 교차로부근,승용,여,47세,상해없음,승용,여,48세,경상
2019082300100265,2019년 8월 23일 11시,금요일,울산광역시 중구 우정동,중상사고,0,1,0,0,차대사람 - 차도통행중,보행자보호의무위반,건조,맑음,단일로 - 기타,승용,여,54세,상해없음,보행자,여,57세,중상
2019082300100266,2019년 8월 23일 11시,금요일,울산광역시 남구 옥동,경상사고,0,0,4,0,차대차 - 추돌,안전운전불이행,건조,맑음,단일로 - 지하차도(도로)내,승합,남,58세,상해없음,승용,남,62세,경상
2019082300100305,2019년 8월 23일 12시,금요일,울산광역시 북구 매곡동,사망사고,1,0,0,0,차대사람 - 횡단중,안전운전불이행,건조,맑음,단일로 - 기타,화물,여,40세,상해없음,보행자,여,11세,사망
2019082300100306,2019년 8월 23일 12시,금요일,울산광역시 남구 달동,중상사고,0,1,0,0,차대차 - 측면충돌,안전운전불이행,건조,맑음,교차로 - 교차로안,승용,여,57세,상해없음,자전거,남,76세,중상
2019082300100307,2019년 8월 23일 12시,금요일,울산광역시 울주군 언양읍,경상사고,0,0,1,0,차대차 - 측면충돌,중앙선침범,건조,맑음,단일로 - 기타,승용,남,58세,상해없음,이륜,남,46세,경상
2019082300100561,2019년 8월 23일 18시,금요일,울산광역시 동구 전하동,경상사고,0,0,1,0,차대차 - 정면충돌,신호위반,건조,맑음,교차로 - 교차로안,승용,여,54세,상해없음,승용,여,38세,경상
2019082300100639,2019년 8월 23일 20시,금요일,울산광역시 울주군 온산읍,경상사고,0,0,2,0,차대차 - 기타,안전거리미확보,건조,맑음,단일로 - 기타,화물,남,59세,상해없음,승용,남,45세,경상
2019082300100667,2019년 8월 23일 21시,금요일,울산광역시 남구 신정동,경상사고,0,0,1,0,차대차 - 측면충돌,차로위반,건조,맑음,교차로 - 교차로안,승용,남,66세,상해없음,승용,남,28세,경상
2019082300100696,2019년 8월 23일 22시,금요일,울산광역시 북구 연암동,경상사고,0,0,2,0,차대차 - 정면충돌,중앙선침범,건조,맑음,단일로 - 기타,승용,여,32세,상해없음,화물,남,56세,경상
2019082400100064,2019년 8월 24일 01시,토요일,울산광역시 북구 호계동,경상사고,0,0,1,0,차대사람 - 차도통행중,안전운전불이행,건조,맑음,단일로 - 기타,승용,여,23세,상해없음,보행자,남,27세,경상
2019082400100128,2019년 8월 24일 06시,토요일,울산광역시 중구 약사동,중상사고,0,1,0,0,차대차 - 측면충돌,안전운전불이행,건조,맑음,교차로 - 교차로안,승용,남,30세,상해없음,자전거,여,76세,중상
2019082400100148,2019년 8월 24일 07시,토요일,울산광역시 남구 달동,경상사고,0,0,1,0,차대사람 - 횡단중,불법유턴,건조,맑음,교차로 - 교차로부근,승용,여,33세,상해없음,보행자,남,27세,경상
2019082400100188,2019년 8월 24일 09시,토요일,울산광역시 북구 천곡동,중상사고,0,1,0,0,차대차 - 측면충돌,안전운전불이행,건조,맑음,교차로 - 교차로안,승용,남,66세,상해없음,자전거,남,12세,중상
2019082400100220,2019년 8월 24일 10시,토요일,울산광역시 중구 태화동,중상사고,0,1,0,0,차대차 - 측면충돌,신호위반,건조,맑음,교차로 - 교차로안,승용,남,73세,상해없음,이륜,남,28세,중상
2019082400100364,2019년 8월 24일 14시,토요일,울산광역시 중구 학산동,중상사고,0,1,0,0,차대차 - 측면충돌,직진우회전진행방해,건조,맑음,교차로 - 교차로안,승용,여,58세,상해없음,이륜,남,70세,중상
2019082400100394,2019년 8월 24일 15시,토요일,울산광역시 중구 우정동,부상신고사고,0,0,0,1,차대차 - 기타,안전거리미확보,건조,맑음,단일로 - 기타,기타불명,기타불명,미분류,기타불명,화물,남,60세,부상신고
2019082400100474,2019년 8월 24일 17시,토요일,울산광역시 동구 일산동,부상신고사고,0,0,0,1,차대사람 - 횡단중,보행자보호의무위반,건조,맑음,교차로 - 교차로횡단보도내,승용,남,26세,상해없음,보행자,남,31세,부상신고
2019082400100542,2019년 8월 24일 19시,토요일,울산광역시 남구 신정동,경상사고,0,0,2,0,차대차 - 추돌,중앙선침범,건조,맑음,단일로 - 지하차도(도로)내,승용,여,36세,경상,이륜,남,50세,경상
2019082400100573,2019년 8월 24일 20시,토요일,울산광역시 남구 신정동,경상사고,0,0,1,0,차대차 - 정면충돌,신호위반,건조,맑음,교차로 - 교차로안,승용,여,66세,상해없음,이륜,남,22세,경상
2019082400100656,2019년 8월 24일 23시,토요일,울산광역시 동구 방어동,중상사고,0,1,1,0,차대차 - 정면충돌,중앙선침범,건조,맑음,교차로 - 교차로부근,승용,남,49세,상해없음,승용,남,58세,경상
2019082500100039,2019년 8월 25일 01시,일요일,울산광역시 동구 서부동,경상사고,0,0,1,0,차량단독 - 공작물충돌,안전운전불이행,건조,맑음,단일로 - 기타,승용,남,54세,상해없음,,,,
2019082500100050,2019년 8월 25일 02시,일요일,울산광역시 중구 옥교동,중상사고,0,1,0,0,차대사람 - 횡단중,안전운전불이행,건조,맑음,단일로 - 기타,승용,남,61세,상해없음,보행자,남,60세,중상
2019082500100128,2019년 8월 25일 09시,일요일,울산광역시 중구 반구동,부상신고사고,0,0,0,1,차대차 - 추돌,안전거리미확보,건조,맑음,교차로 - 교차로안,이륜,남,22세,부상신고,승용,남,64세,상해없음
2019082500100211,2019년 8월 25일 12시,일요일,울산광역시 중구 옥교동,경상사고,0,0,1,0,차대차 - 측면충돌,안전거리미확보,건조,맑음,단일로 - 기타,승용,남,71세,기타불명,승용,남,65세,경상
2019082500100242,2019년 8월 25일 13시,일요일,울산광역시 남구 달동,중상사고,0,2,0,0,차대차 - 측면충돌,신호위반,건조,맑음,교차로 - 교차로안,승용,남,25세,상해없음,승용,남,47세,중상
2019082500100277,2019년 8월 25일 14시,일요일,울산광역시 울주군 서생면,경상사고,0,0,1,1,차대차 - 추돌,안전운전불이행,건조,맑음,단일로 - 기타,승용,남,60세,상해없음,승용,남,27세,경상
2019082500100372,2019년 8월 25일 17시,일요일,울산광역시 북구 효문동,중상사고,0,1,3,0,차대차 - 추돌,안전거리미확보,건조,맑음,교차로 - 교차로안,승용,남,69세,기타불명,승용,여,44세,경상
2019082500100485,2019년 8월 25일 20시,일요일,울산광역시 중구 태화동,경상사고,0,0,1,0,차대차 - 측면충돌,안전거리미확보,건조,맑음,단일로 - 교량,승용,남,68세,상해없음,승용,남,34세,경상
2019082500100486,2019년 8월 25일 20시,일요일,울산광역시 남구 야음동,중상사고,0,1,0,0,차대사람 - 횡단중,안전운전불이행,건조,맑음,단일로 - 기타,이륜,남,22세,상해없음,보행자,남,52세,중상
2019082500100508,2019년 8월 25일 21시,일요일,울산광역시 중구 태화동,중상사고,0,1,0,0,차대사람 - 횡단중,보행자보호의무위반,건조,맑음,교차로 - 교차로횡단보도내,승용,남,30세,상해없음,보행자,남,50세,중상
2019082500100509,2019년 8월 25일 21시,일요일,울산광역시 남구 달동,경상사고,0,0,1,0,차대사람 - 횡단중,보행자보호의무위반,건조,맑음,교차로 - 교차로안,승용,남,52세,상해없음,보행자,남,25세,경상
2019082500100526,2019년 8월 25일 22시,일요일,울산광역시 남구 신정동,중상사고,0,1,0,0,차대차 - 측면충돌,신호위반,건조,기타,교차로 - 교차로안,화물,남,55세,상해없음,이륜,남,30세,중상
2019082600100057,2019년 8월 26일 03시,월요일,울산광역시 남구 삼산동,경상사고,0,0,1,0,차대차 - 측면충돌,안전운전불이행,건조,맑음,교차로 - 교차로부근,승용,남,68세,상해없음,승용,남,56세,경상
2019082600100064,2019년 8월 26일 04시,월요일,울산광역시 중구 반구동,중상사고,0,2,0,0,차대차 - 측면충돌,신호위반,건조,맑음,교차로 - 교차로안,승용,여,37세,상해없음,승용,남,18세,중상
2019082600100103,2019년 8월 26일 06시,월요일,울산광역시 남구 삼산동,사망사고,1,0,0,0,차량단독 - 기타,안전운전불이행,건조,맑음,단일로 - 기타,이륜,남,56세,사망,,,,
2019082600100216,2019년 8월 26일 09시,월요일,울산광역시 남구 신정동,중상사고,0,1,0,0,차대사람 - 횡단중,안전운전불이행,건조,맑음,교차로 - 교차로부근,승용,남,53세,기타불명,보행자,여,69세,중상
2019082600100365,2019년 8월 26일 13시,월요일,울산광역시 울주군 온산읍,중상사고,0,1,0,0,차대차 - 측면충돌,교차로운행방법위반,건조,맑음,교차로 - 교차로안,승용,남,50세,상해없음,자전거,남,32세,중상
2019082600100402,2019년 8월 26일 14시,월요일,울산광역시 중구 유곡동,경상사고,0,0,4,0,차대차 - 정면충돌,신호위반,건조,맑음,교차로 - 교차로안,승용,남,63세,상해없음,승합,남,33세,경상
2019082600100444,2019년 8월 26일 15시,월요일,울산광역시 북구 연암동,경상사고,0,0,1,1,차대차 - 기타,안전거리미확보,건조,맑음,교차로 - 교차로부근,승용,여,57세,부상신고,승용,남,26세,경상
2019082600100445,2019년 8월 26일 15시,월요일,울산광역시 울주군 언양읍,중상사고,0,1,0,0,차대사람 - 횡단중,보행자보호의무위반,건조,맑음,교차로 - 교차로부근,승용,여,45세,상해없음,보행자,남,72세,중상
2019082600100543,2019년 8월 26일 17시,월요일,울산광역시 중구 서동,중상사고,0,1,0,0,차대차 - 추돌,안전운전불이행,건조,맑음,단일로 - 기타,화물,남,33세,상해없음,승용,여,59세,중상
2019082700100187,2019년 8월 27일 08시,화요일,울산광역시 동구 전하동,중상사고,0,1,0,0,차대차 - 측면충돌,안전운전불이행,젖음/습기,비,교차로 - 교차로안,승용,여,38세,상해없음,이륜,남,57세,중상
2019082700100188,2019년 8월 27일 08시,화요일,울산광역시 울주군 삼남면,경상사고,0,0,1,0,차대차 - 측면충돌,안전거리미확보,건조,맑음,단일로 - 기타,승용,여,23세,상해없음,승용,남,41세,경상
2019082700100216,2019년 8월 27일 09시,화요일,울산광역시 남구 신정동,경상사고,0,0,1,0,차대차 - 후진중충돌,안전운전불이행,건조,맑음,단일로 - 기타,승용,여,63세,상해없음,승용,남,30세,경상
2019082700100280,2019년 8월 27일 11시,화요일,울산광역시 남구 옥동,경상사고,0,0,2,0,차대차 - 추돌,안전거리미확보,건조,맑음,단일로 - 기타,승용,남,59세,상해없음,승합,남,51세,경상
2019082700100489,2019년 8월 27일 17시,화요일,울산광역시 남구 옥동,경상사고,0,0,1,0,차대사람 - 기타,안전운전불이행,건조,맑음,교차로 - 교차로부근,승용,여,25세,상해없음,보행자,여,50세,경상
2019082700100574,2019년 8월 27일 19시,화요일,울산광역시 중구 태화동,경상사고,0,0,1,0,차대사람 - 횡단중,안전운전불이행,젖음/습기,비,교차로 - 교차로안,승합,남,59세,상해없음,보행자,여,47세,경상
2019082700100634,2019년 8월 27일 21시,화요일,울산광역시 남구 옥동,경상사고,0,0,1,0,차대차 - 추돌,안전운전불이행,건조,맑음,교차로 - 교차로부근,승용,남,33세,상해없음,승용,여,46세,경상
2019082700100635,2019년 8월 27일 21시,화요일,울산광역시 남구 달동,경상사고,0,0,1,0,차대사람 - 길가장자리구역통행중,안전운전불이행,젖음/습기,비,단일로 - 기타,자전거,여,32세,상해없음,보행자,남,22세,경상
2019082700100652,2019년 8월 27일 22시,화요일,울산광역시 북구 진장동,중상사고,0,1,0,0,차대사람 - 횡단중,신호위반,건조,맑음,교차로 - 교차로안,원동기,남,29세,상해없음,보행자,여,49세,중상
2019082700100653,2019년 8월 27일 22시,화요일,울산광역시 남구 무거동,부상신고사고,0,0,0,2,차대차 - 추돌,안전운전불이행,젖음/습기,흐림,단일로 - 기타,이륜,남,19세,부상신고,이륜,남,20세,부상신고
2019082800100036,2019년 8월 28일 00시,수요일,울산광역시 남구 신정동,부상신고사고,0,0,0,1,차대차 - 기타,안전운전불이행,건조,맑음,교차로 - 교차로안,이륜,남,39세,부상신고,승용,남,45세,기타불명
2019082800100047,2019년 8월 28일 01시,수요일,울산광역시 중구 남외동,중상사고,0,1,0,0,차대사람 - 횡단중,보행자보호의무위반,건조,맑음,교차로 - 교차로횡단보도내,승용,남,58세,상해없음,보행자,남,31세,중상
2019082800100059,2019년 8월 28일 03시,수요일,울산광역시 울주군 언양읍,경상사고,0,0,1,0,차량단독 - 공작물충돌,안전운전불이행,건조,맑음,기타 - 기타,승용,여,43세,경상,,,,
2019082800100284,2019년 8월 28일 12시,수요일,울산광역시 남구 달동,중상사고,0,1,0,0,차대차 - 측면충돌,안전운전불이행,건조,맑음,단일로 - 기타,승용,여,51세,상해없음,승용,여,51세,중상
2019082800100313,2019년 8월 28일 13시,수요일,울산광역시 남구 달동,경상사고,0,0,1,0,차대사람 - 차도통행중,안전운전불이행,건조,맑음,교차로 - 교차로안,승용,여,47세,상해없음,보행자,남,42세,경상
2019082800100314,2019년 8월 28일 13시,수요일,울산광역시 남구 선암동,중상사고,0,1,0,0,차대사람 - 기타,안전운전불이행,건조,맑음,단일로 - 기타,화물,남,51세,상해없음,보행자,남,65세,중상
2019082800100315,2019년 8월 28일 13시,수요일,울산광역시 남구 삼산동,경상사고,0,0,1,0,차대차 - 측면충돌,안전거리미확보,건조,맑음,교차로 - 교차로부근,승용,남,29세,상해없음,승용,남,27세,경상
2019082800100350,2019년 8월 28일 14시,수요일,울산광역시 북구 명촌동,중상사고,0,1,0,0,차대차 - 측면충돌,교차로운행방법위반,건조,맑음,교차로 - 교차로부근,자전거,남,57세,중상,화물,여,67세,상해없음
2019082800100351,2019년 8월 28일 14시,수요일,울산광역시 중구 다운동,경상사고,0,0,2,0,차대차 - 추돌,안전운전불이행,젖음/습기,흐림,교차로 - 교차로부근,승용,남,59세,상해없음,승용,남,48세,경상
2019082800100352,2019년 8월 28일 14시,수요일,울산광역시 북구 연암동,경상사고,0,0,1,0,차대차 - 측면충돌,안전거리미확보,건조,맑음,단일로 - 기타,화물,남,51세,상해없음,승용,남,32세,경상
2019082800100353,2019년 8월 28일 14시,수요일,울산광역시 동구 동부동,중상사고,0,1,0,0,차대사람 - 차도통행중,기타,건조,맑음,교차로 - 교차로안,특수,남,44세,상해없음,보행자,여,51세,중상
2019082800100354,2019년 8월 28일 14시,수요일,울산광역시 울주군 온산읍,경상사고,0,0,1,0,차대차 - 기타,신호위반,건조,맑음,교차로 - 교차로안,특수,남,53세,상해없음,승용,남,63세,경상
2019082800100512,2019년 8월 28일 18시,수요일,울산광역시 남구 신정동,경상사고,0,0,1,0,차대사람 - 길가장자리구역통행중,안전운전불이행,건조,맑음,단일로 - 기타,승용,남,39세,상해없음,보행자,여,57세,경상
2019082800100563,2019년 8월 28일 19시,수요일,울산광역시 울주군 온양읍,경상사고,0,0,1,0,차대차 - 기타,교차로운행방법위반,젖음/습기,비,교차로 - 교차로안,승용,여,57세,상해없음,원동기,남,41세,경상
2019082800100568,2019년 8월 28일 20시,수요일,울산광역시 울주군 언양읍,경상사고,0,0,1,0,차대차 - 측면충돌,안전거리미확보,건조,맑음,단일로 - 기타,화물,남,50세,상해없음,승용,남,51세,경상
2019082800100630,2019년 8월 28일 22시,수요일,울산광역시 중구 약사동,경상사고,0,0,2,0,차대차 - 추돌,안전운전불이행,건조,맑음,단일로 - 기타,승용,남,24세,상해없음,승용,남,70세,경상
2019082900100047,2019년 8월 29일 01시,목요일,울산광역시 울주군 웅촌면,부상신고사고,0,0,0,1,차량단독 - 기타,안전운전불이행,젖음/습기,흐림,단일로 - 기타,이륜,남,20세,상해없음,,,,
2019082900100073,2019년 8월 29일 05시,목요일,울산광역시 동구 동부동,경상사고,0,0,2,0,차대차 - 기타,안전운전불이행,건조,흐림,단일로 - 기타,승용,남,54세,상해없음,이륜,남,63세,경상
2019082900100285,2019년 8월 29일 13시,목요일,울산광역시 남구 신정동,중상사고,0,1,0,0,차대사람 - 기타,보행자보호의무위반,건조,맑음,단일로 - 기타,승용,여,64세,상해없음,보행자,남,7세,중상
2019082900100317,2019년 8월 29일 14시,목요일,울산광역시 북구 송정동,경상사고,0,0,1,0,차대차 - 측면충돌,교차로운행방법위반,건조,맑음,교차로 - 교차로안,화물,남,44세,상해없음,승용,여,31세,경상
2019082900100393,2019년 8월 29일 16시,목요일,울산광역시 남구 신정동,경상사고,0,0,1,0,차대차 - 측면충돌,교차로운행방법위반,건조,맑음,교차로 - 교차로안,승용,여,58세,상해없음,승용,남,63세,경상
2019082900100439,2019년 8월 29일 17시,목요일,울산광역시 동구 방어동,중상사고,0,1,0,0,차대사람 - 횡단중,보행자보호의무위반,건조,맑음,교차로 - 교차로횡단보도내,승합,남,60세,상해없음,보행자,여,60세,중상
2019082900100502,2019년 8월 29일 18시,목요일,울산광역시 남구 신정동,중상사고,0,1,0,0,차대사람 - 횡단중,보행자보호의무위반,건조,맑음,교차로 - 교차로안,승용,여,36세,상해없음,보행자,여,71세,중상
2019082900100555,2019년 8월 29일 19시,목요일,울산광역시 남구 무거동,경상사고,0,0,1,0,차대차 - 측면충돌,안전거리미확보,건조,맑음,단일로 - 기타,화물,남,56세,상해없음,승용,여,38세,경상
2019082900100594,2019년 8월 29일 20시,목요일,울산광역시 울주군 범서읍,경상사고,0,0,1,0,차대차 - 측면충돌,교차로운행방법위반,건조,맑음,교차로 - 교차로안,승용,여,29세,상해없음,승용,여,47세,경상
2019082900100633,2019년 8월 29일 21시,목요일,울산광역시 동구 서부동,경상사고,0,0,1,0,차대차 - 측면충돌,신호위반,건조,맑음,교차로 - 교차로횡단보도내,기타불명,기타불명,미분류,기타불명,자전거,남,16세,경상
2019083000100050,2019년 8월 30일 01시,금요일,울산광역시 남구 신정동,경상사고,0,0,2,0,차대차 - 측면충돌,안전운전불이행,건조,맑음,교차로 - 교차로안,승용,남,50세,상해없음,승용,여,45세,경상
2019083000100051,2019년 8월 30일 01시,금요일,울산광역시 동구 일산동,경상사고,0,0,2,0,차대차 - 측면충돌,안전거리미확보,건조,맑음,단일로 - 기타,승용,여,63세,상해없음,승용,남,47세,경상
2019083000100091,2019년 8월 30일 06시,금요일,울산광역시 북구 진장동,경상사고,0,0,1,0,차대차 - 추돌,안전운전불이행,건조,맑음,단일로 - 기타,승용,여,45세,상해없음,승용,남,61세,경상
2019083000100092,2019년 8월 30일 06시,금요일,울산광역시 울주군 온산읍,경상사고,0,0,1,0,차대차 - 추돌,안전거리미확보,건조,맑음,교차로 - 교차로안,승용,남,47세,상해없음,이륜,남,50세,경상
2019083000100124,2019년 8월 30일 07시,금요일,울산광역시 울주군 상북면,중상사고,0,1,0,0,차대차 - 측면충돌,과속,건조,맑음,교차로 - 교차로안,승용,남,21세,상해없음,승용,여,64세,중상
2019083000100170,2019년 8월 30일 08시,금요일,울산광역시 북구 진장동,경상사고,0,0,1,0,차대차 - 측면충돌,안전거리미확보,건조,맑음,교차로 - 교차로부근,화물,남,60세,상해없음,승용,남,50세,경상
2019083000100171,2019년 8월 30일 08시,금요일,울산광역시 중구 장현동,중상사고,0,2,5,0,차대차 - 정면충돌,중앙선침범,건조,맑음,단일로 - 지하차도(도로)내,화물,남,38세,중상,승합,남,54세,중상
2019083000100198,2019년 8월 30일 09시,금요일,울산광역시 중구 반구동,경상사고,0,0,1,0,차대차 - 측면충돌,차로위반,건조,맑음,교차로 - 교차로안,승용,여,53세,상해없음,원동기,남,86세,경상
2019083000100241,2019년 8월 30일 10시,금요일,울산광역시 남구 상개동,중상사고,0,1,0,0,차대차 - 추돌,직진우회전진행방해,건조,맑음,교차로 - 교차로안,화물,남,27세,상해없음,화물,남,57세,중상
2019083000100276,2019년 8월 30일 11시,금요일,울산광역시 울주군 온산읍,중상사고,0,1,1,0,차대차 - 측면충돌,교차로운행방법위반,건조,맑음,교차로 - 교차로안,승용,여,38세,상해없음,승용,남,57세,경상
2019083000100351,2019년 8월 30일 13시,금요일,울산광역시 북구 연암동,중상사고,0,1,0,0,차대차 - 측면충돌,신호위반,건조,맑음,교차로 - 교차로안,승용,여,37세,상해없음,이륜,남,59세,중상
2019083000100352,2019년 8월 30일 13시,금요일,울산광역시 울주군 삼남면,경상사고,0,0,1,0,차대차 - 측면충돌,교차로운행방법위반,건조,맑음,교차로 - 교차로안,승용,여,32세,상해없음,이륜,남,72세,경상
2019083000100402,2019년 8월 30일 14시,금요일,울산광역시 중구 태화동,부상신고사고,0,0,0,1,차대차 - 기타,안전운전불이행,건조,맑음,단일로 - 기타,승용,여,66세,상해없음,승용,남,60세,부상신고
2019083000100558,2019년 8월 30일 17시,금요일,울산광역시 울주군 온산읍,경상사고,0,0,1,0,차대차 - 정면충돌,안전운전불이행,건조,맑음,교차로 - 교차로안,승용,여,45세,상해없음,이륜,남,53세,경상
2019083000100559,2019년 8월 30일 17시,금요일,울산광역시 울주군 웅촌면,경상사고,0,0,1,0,차대차 - 측면충돌,안전운전불이행,건조,맑음,기타 - 기타,기타불명,남,58세,기타불명,승용,남,42세,경상
2019083000100628,2019년 8월 30일 18시,금요일,울산광역시 남구 달동,경상사고,0,0,2,0,차대차 - 기타,안전거리미확보,건조,맑음,단일로 - 기타,승용,남,27세,상해없음,승용,남,34세,경상
2019083000100629,2019년 8월 30일 18시,금요일,울산광역시 울주군 청량읍,중상사고,0,1,7,0,차대차 - 추돌,안전거리미확보,건조,맑음,단일로 - 기타,승용,남,30세,경상,승용,남,54세,경상
2019083000100689,2019년 8월 30일 19시,금요일,울산광역시 남구 무거동,경상사고,0,0,4,0,차대차 - 추돌,안전거리미확보,건조,맑음,교차로 - 교차로안,승합,남,55세,상해없음,승용,남,36세,경상
2019083000100690,2019년 8월 30일 19시,금요일,울산광역시 동구 서부동,경상사고,0,0,1,0,차대차 - 측면충돌,직진우회전진행방해,건조,맑음,교차로 - 교차로안,승용,여,51세,상해없음,이륜,남,63세,경상
2019083000100691,2019년 8월 30일 19시,금요일,울산광역시 동구 서부동,경상사고,0,0,1,0,차대차 - 기타,신호위반,건조,맑음,교차로 - 교차로횡단보도내,승용,남,44세,상해없음,자전거,남,59세,경상
2019083000100727,2019년 8월 30일 20시,금요일,울산광역시 남구 야음동,부상신고사고,0,0,0,1,차대사람 - 기타,안전운전불이행,건조,맑음,단일로 - 기타,승용,남,61세,상해없음,보행자,남,53세,부상신고
2019083100100049,2019년 8월 31일 00시,토요일,울산광역시 남구 야음동,경상사고,0,0,1,0,차대차 - 후진중충돌,안전운전불이행,건조,맑음,교차로 - 교차로안,승용,남,58세,상해없음,승용,남,54세,경상
2019083100100132,2019년 8월 31일 05시,토요일,울산광역시 울주군 서생면,경상사고,0,0,1,0,차대차 - 측면충돌,교차로운행방법위반,건조,맑음,교차로 - 교차로안,승용,여,63세,상해없음,승용,남,36세,경상
2019083100100202,2019년 8월 31일 08시,토요일,울산광역시 북구 매곡동,경상사고,0,0,1,0,차대차 - 추돌,안전운전불이행,건조,맑음,단일로 - 기타,승용,남,49세,상해없음,승용,남,62세,경상
2019083100100240,2019년 8월 31일 09시,토요일,울산광역시 남구 여천동,경상사고,0,0,2,0,차대차 - 측면충돌,안전운전불이행,건조,맑음,교차로 - 교차로부근,승용,여,35세,상해없음,화물,남,60세,경상
2019083100100284,2019년 8월 31일 10시,토요일,울산광역시 동구 방어동,경상사고,0,0,1,0,차대차 - 측면충돌,직진우회전진행방해,건조,맑음,교차로 - 교차로안,승용,남,38세,상해없음,이륜,남,28세,경상
2019083100100317,2019년 8월 31일 11시,토요일,울산광역시 남구 무거동,경상사고,0,0,1,0,차대차 - 기타,안전운전불이행,건조,맑음,단일로 - 기타,승용,여,64세,상해없음,승용,남,27세,경상
2019083100100479,2019년 8월 31일 15시,토요일,울산광역시 중구 유곡동,경상사고,0,0,7,0,차대차 - 측면충돌,차로위반,건조,맑음,단일로 - 기타,승용,여,51세,상해없음,승용,여,35세,경상
2019083100100518,2019년 8월 31일 16시,토요일,울산광역시 북구 매곡동,중상사고,0,1,0,0,차대사람 - 횡단중,보행자보호의무위반,건조,맑음,교차로 - 교차로횡단보도내,승용,남,53세,상해없음,보행자,여,67세,중상
2019083100100519,2019년 8월 31일 16시,토요일,울산광역시 남구 무거동,경상사고,0,0,3,0,차대차 - 추돌,중앙선침범,건조,맑음,단일로 - 지하차도(도로)내,승용,남,33세,경상,승용,남,26세,경상
2019083100100560,2019년 8월 31일 17시,토요일,울산광역시 남구 야음동,경상사고,0,0,1,0,차대차 - 측면충돌,중앙선침범,건조,맑음,단일로 - 기타,자전거,남,55세,경상,승용,남,53세,상해없음
2019083100100650,2019년 8월 31일 19시,토요일,울산광역시 울주군 범서읍,경상사고,0,0,3,0,차대차 - 기타,교차로운행방법위반,건조,맑음,교차로 - 교차로안,화물,남,52세,상해없음,승용,여,43세,경상
2019090100100088,2019년 9월 1일 04시,일요일,울산광역시 북구 염포동,경상사고,0,0,1,0,차대차 - 측면충돌,차로위반,건조,맑음,단일로 - 기타,승용,남,60세,기타불명,승용,남,30세,경상
2019090100100186,2019년 9월 1일 11시,일요일,울산광역시 울주군 서생면,경상사고,0,0,1,0,차대차 - 측면충돌,안전운전불이행,건조,맑음,단일로 - 기타,승용,남,62세,상해없음,승용,여,55세,경상
2019090100100238,2019년 9월 1일 13시,일요일,울산광역시 남구 삼산동,경상사고,0,0,1,0,차대차 - 측면충돌,안전운전불이행,건조,맑음,단일로 - 기타,승합,남,41세,상해없음,이륜,남,24세,경상
2019090100100239,2019년 9월 1일 13시,일요일,울산광역시 울주군 두서면,경상사고,0,0,1,0,차대차 - 측면충돌,안전운전불이행,건조,맑음,단일로 - 기타,승용,남,79세,상해없음,특수,남,45세,경상
2019090100100336,2019년 9월 1일 16시,일요일,울산광역시 중구 학산동,경상사고,0,0,2,0,차대차 - 측면충돌,중앙선침범,젖음/습기,비,단일로 - 기타,이륜,남,59세,경상,이륜,남,20세,경상
2019090100100370,2019년 9월 1일 17시,일요일,울산광역시 중구 교동,경상사고,0,0,1,0,차량단독 - 공작물충돌,기타,젖음/습기,비,단일로 - 기타,이륜,남,68세,경상,,,,
2019090100100371,2019년 9월 1일 17시,일요일,울산광역시 북구 송정동,경상사고,0,0,2,0,차대차 - 측면충돌,신호위반,건조,맑음,단일로 - 기타,승용,남,46세,경상,승용,남,24세,경상
2019090100100397,2019년 9월 1일 18시,일요일,울산광역시 남구 삼산동,경상사고,0,0,1,0,차대차 - 측면충돌,안전운전불이행,젖음/습기,흐림,교차로 - 교차로안,승용,여,61세,상해없음,승용,여,40세,경상