사고번호,사고일시,요일,시군구,사고내용,사망자수,중상자수,경상자수,부상신고자수,사고유형,법규위반,노면상태,기상상태,도로형태,가해운전자 차종,가해운전자 성별,가해운전자 연령,가해운전자 상해정도,피해운전자 차종,피해운전자 성별,피해운전자 연령,피해운전자 상해정도
2019090100100441,2019년 9월 1일 19시,일요일,울산광역시 동구 화정동,사망사고,1,0,0,0,차대사람 - 횡단중,안전운전불이행,젖음/습기,비,교차로 - 교차로횡단보도내,승용,남,42세,상해없음,보행자,남,65세,사망
2019090100100442,2019년 9월 1일 19시,일요일,울산광역시 울주군 언양읍,부상신고사고,0,0,0,1,차대차 - 기타,차로위반,젖음/습기,비,교차로 - 교차로부근,이륜,남,79세,부상신고,승용,남,31세,상해없음
2019090100100443,2019년 9월 1일 19시,일요일,울산광역시 울주군 웅촌면,경상사고,0,0,2,0,차대차 - 추돌,안전운전불이행,젖음/습기,비,단일로 - 기타,승용,남,48세,기타불명,승용,남,29세,경상
2019090200100045,2019년 9월 2일 01시,월요일,울산광역시 남구 무거동,중상사고,0,1,0,0,차대차 - 기타,신호위반,건조,맑음,교차로 - 교차로안,승용,남,50세,상해없음,자전거,남,16세,중상
2019090200100082,2019년 9월 2일 06시,월요일,울산광역시 중구 성안동,경상사고,0,0,2,0,차대차 - 측면충돌,직진우회전진행방해,건조,맑음,교차로 - 교차로안,승용,남,74세,상해없음,승용,여,61세,경상
2019090200100083,2019년 9월 2일 06시,월요일,울산광역시 울주군 온산읍,중상사고,0,1,0,0,차대차 - 기타,안전운전불이행,젖음/습기,비,단일로 - 기타,승용,남,60세,상해없음,이륜,남,29세,중상
2019090200100108,2019년 9월 2일 07시,월요일,울산광역시 울주군 웅촌면,경상사고,0,0,1,0,차대차 - 측면충돌,안전운전불이행,젖음/습기,흐림,단일로 - 기타,승용,남,35세,경상,승합,남,49세,상해없음
2019090200100168,2019년 9월 2일 08시,월요일,울산광역시 중구 남외동,중상사고,0,1,0,0,차대차 - 기타,중앙선침범,건조,맑음,단일로 - 기타,승용,여,49세,상해없음,이륜,남,44세,중상
2019090200100208,2019년 9월 2일 09시,월요일,울산광역시 남구 신정동,경상사고,0,0,1,0,차량단독 - 전도전복 - 전도,안전운전불이행,젖음/습기,비,단일로 - 기타,승용,남,75세,상해없음,,,,
2019090200100286,2019년 9월 2일 11시,월요일,울산광역시 남구 달동,경상사고,0,0,1,0,차대차 - 측면충돌,안전운전불이행,젖음/습기,비,단일로 - 기타,이륜,남,45세,상해없음,승용,남,65세,상해없음
2019090200100296,2019년 9월 2일 12시,월요일,울산광역시 중구 다운동,경상사고,0,0,1,1,차대차 - 추돌,안전운전불이행,젖음/습기,비,단일로 - 교량,승용,여,46세,부상신고,화물,남,57세,경상
2019090200100321,2019년 9월 2일 12시,월요일,울산광역시 동구 화정동,경상사고,0,0,1,0,차대사람 - 길가장자리구역통행중,안전운전불이행,젖음/습기,비,교차로 - 교차로부근,승용,남,75세,상해없음,보행자,여,44세,경상
2019090200100358,2019년 9월 2일 13시,월요일,울산광역시 중구 학성동,경상사고,0,0,1,0,차대차 - 기타,기타,젖음/습기,비,교차로 - 교차로부근,승용,남,72세,상해없음,이륜,여,54세,경상
2019090200100465,2019년 9월 2일 16시,월요일,울산광역시 남구 달동,경상사고,0,0,1,0,차대차 - 측면충돌,안전운전불이행,건조,맑음,교차로 - 교차로부근,승용,여,30세,상해없음,자전거,남,55세,경상
2019090200100507,2019년 9월 2일 17시,월요일,울산광역시 남구 신정동,경상사고,0,0,1,0,차대차 - 측면충돌,직진우회전진행방해,젖음/습기,비,교차로 - 교차로안,승용,남,31세,상해없음,이륜,남,54세,경상
2019090200100551,2019년 9월 2일 18시,월요일,울산광역시 중구 교동,부상신고사고,0,0,0,1,차대사람 - 횡단중,안전운전불이행,젖음/습기,비,단일로 - 기타,승합,남,31세,상해없음,보행자,남,63세,부상신고
2019090200100552,2019년 9월 2일 18시,월요일,울산광역시 중구 학성동,경상사고,0,0,1,0,차대사람 - 횡단중,안전운전불이행,젖음/습기,비,단일로 - 기타,승용,남,49세,상해없음,보행자,여,17세,경상
2019090200100553,2019년 9월 2일 18시,월요일,울산광역시 중구 성남동,경상사고,0,0,1,0,차량단독 - 공작물충돌,안전운전불이행,건조,맑음,단일로 - 기타,승합,남,49세,상해없음,,,,
2019090200100615,2019년 9월 2일 19시,월요일,울산광역시 중구 다운동,경상사고,0,0,1,0,차대차 - 측면충돌,안전거리미확보,젖음/습기,비,교차로 - 교차로부근,승용,여,50세,상해없음,승용,여,56세,경상
2019090200100667,2019년 9월 2일 20시,월요일,울산광역시 남구 야음동,경상사고,0,0,1,0,차대차 - 측면충돌,차로위반,건조,맑음,단일로 - 기타,화물,남,43세,기타불명,승용,남,27세,경상
2019090200100699,2019년 9월 2일 21시,월요일,울산광역시 중구 태화동,경상사고,0,0,2,0,차대차 - 측면충돌,중앙선침범,젖음/습기,비,단일로 - 기타,승용,남,26세,상해없음,승용,남,33세,상해없음
2019090200100732,2019년 9월 2일 22시,월요일,울산광역시 북구 송정동,경상사고,0,0,1,0,차대차 - 추돌,안전운전불이행,젖음/습기,흐림,교차로 - 교차로부근,승용,남,48세,상해없음,승합,남,58세,경상
2019090200100754,2019년 9월 2일 23시,월요일,울산광역시 중구 학성동,중상사고,0,1,0,0,차대사람 - 길가장자리구역통행중,안전운전불이행,젖음/습기,비,단일로 - 기타,승합,남,71세,상해없음,보행자,남,45세,중상
2019090300100047,2019년 9월 3일 01시,화요일,울산광역시 남구 달동,경상사고,0,0,2,0,차대차 - 측면충돌,신호위반,젖음/습기,비,교차로 - 교차로안,승용,남,65세,상해없음,승용,남,57세,경상
2019090300100160,2019년 9월 3일 08시,화요일,울산광역시 남구 신정동,경상사고,0,0,1,0,차대차 - 추돌,안전거리미확보,젖음/습기,비,교차로 - 교차로안,화물,남,49세,상해없음,승용,여,27세,경상
2019090300100217,2019년 9월 3일 10시,화요일,울산광역시 중구 태화동,중상사고,0,2,1,1,차대차 - 추돌,안전거리미확보,젖음/습기,비,교차로 - 교차로부근,승용,남,61세,부상신고,승용,남,61세,경상
2019090300100218,2019년 9월 3일 10시,화요일,울산광역시 울주군 삼남면,경상사고,0,0,1,0,차량단독 - 공작물충돌,안전운전불이행,젖음/습기,비,단일로 - 기타,승용,남,62세,경상,,,,
2019090300100252,2019년 9월 3일 11시,화요일,울산광역시 남구 삼산동,경상사고,0,0,1,0,차대차 - 기타,교차로운행방법위반,젖음/습기,비,교차로 - 교차로안,승용,남,68세,상해없음,이륜,남,37세,경상
2019090300100284,2019년 9월 3일 12시,화요일,울산광역시 남구 신정동,경상사고,0,0,2,0,차대차 - 기타,차로위반,건조,맑음,교차로 - 교차로안,승용,남,67세,상해없음,승용,여,39세,경상
2019090300100321,2019년 9월 3일 13시,화요일,울산광역시 남구 선암동,중상사고,0,1,1,0,차대차 - 측면충돌,직진우회전진행방해,건조,맑음,교차로 - 교차로안,승용,여,41세,상해없음,승용,남,59세,중상
2019090300100322,2019년 9월 3일 13시,화요일,울산광역시 울주군 범서읍,경상사고,0,0,1,0,차대차 - 추돌,안전운전불이행,건조,맑음,단일로 - 기타,승용,남,25세,상해없음,승용,여,43세,경상
2019090300100450,2019년 9월 3일 16시,화요일,울산광역시 중구 옥교동,중상사고,0,1,0,0,차대차 - 측면충돌,신호위반,건조,맑음,교차로 - 교차로안,승용,여,24세,상해없음,이륜,남,43세,중상
2019090300100451,2019년 9월 3일 16시,화요일,울산광역시 북구 양정동,경상사고,0,0,1,0,차대사람 - 횡단중,안전운전불이행,건조,맑음,기타 - 기타,승용,남,60세,상해없음,보행자,남,32세,경상
2019090300100553,2019년 9월 3일 18시,화요일,울산광역시 울주군 온산읍,중상사고,0,1,0,0,차대차 - 측면충돌,안전운전불이행,젖음/습기,흐림,단일로 - 기타,승용,여,46세,상해없음,이륜,남,22세,중상
2019090300100659,2019년 9월 3일 20시,화요일,울산광역시 북구 송정동,경상사고,0,0,1,1,차대차 - 추돌,안전운전불이행,젖음/습기,비,교차로 - 교차로부근,이륜,남,16세,부상신고,승용,남,35세,경상
2019090300100703,2019년 9월 3일 22시,화요일,울산광역시 북구 화봉동,경상사고,0,0,1,0,차대차 - 측면충돌,안전운전불이행,젖음/습기,비,단일로 - 기타,승용,여,42세,상해없음,승용,여,31세,경상
2019090300100704,2019년 9월 3일 22시,화요일,울산광역시 남구 신정동,중상사고,0,1,0,0,차대사람 - 차도통행중,안전운전불이행,젖음/습기,비,단일로 - 기타,승용,남,55세,상해없음,보행자,여,44세,중상
2019090300100705,2019년 9월 3일 22시,화요일,울산광역시 남구 신정동,중상사고,0,1,1,0,차대차 - 추돌,안전운전불이행,젖음/습기,비,교차로 - 교차로부근,승용,남,56세,상해없음,승용,남,66세,경상
2019090400100031,2019년 9월 4일 00시,수요일,울산광역시 남구 야음동,중상사고,0,1,0,0,차대사람 - 횡단중,안전운전불이행,젖음/습기,비,교차로 - 교차로안,승용,남,64세,상해없음,보행자,여,17세,중상
2019090400100044,2019년 9월 4일 02시,수요일,울산광역시 울주군 삼남면,경상사고,0,0,1,0,차대차 - 추돌,안전운전불이행,건조,맑음,단일로 - 기타,화물,남,53세,상해없음,화물,남,67세,경상
2019090400100079,2019년 9월 4일 06시,수요일,울산광역시 동구 서부동,경상사고,0,0,1,0,차대차 - 측면충돌,신호위반,건조,맑음,교차로 - 교차로안,화물,남,23세,상해없음,승용,남,50세,경상
2019090400100150,2019년 9월 4일 08시,수요일,울산광역시 남구 달동,경상사고,0,0,2,0,차대차 - 측면충돌,안전운전불이행,건조,맑음,교차로 - 교차로안,승용,여,25세,상해없음,승용,여,45세,경상
2019090400100187,2019년 9월 4일 09시,수요일,울산광역시 동구 서부동,부상신고사고,0,0,0,1,차대사람 - 보도통행중,기타,건조,흐림,단일로 - 기타,기타불명,기타불명,미분류,기타불명,보행자,여,56세,부상신고
2019090400100377,2019년 9월 4일 15시,수요일,울산광역시 중구 서동,경상사고,0,0,1,0,차대사람 - 차도통행중,안전운전불이행,건조,맑음,단일로 - 기타,승용,남,61세,상해없음,보행자,여,35세,경상
2019090400100413,2019년 9월 4일 16시,수요일,울산광역시 북구 화봉동,경상사고,0,0,1,0,차대차 - 측면충돌,안전거리미확보,건조,맑음,단일로 - 기타,승용,여,37세,상해없음,승용,여,54세,경상
2019090400100414,2019년 9월 4일 16시,수요일,울산광역시 동구 전하동,경상사고,0,0,1,0,차대차 - 기타,안전운전불이행,건조,맑음,교차로 - 교차로부근,화물,남,50세,상해없음,승용,남,41세,경상
2019090400100556,2019년 9월 4일 19시,수요일,울산광역시 남구 달동,중상사고,0,1,0,0,차대차 - 측면충돌,중앙선침범,건조,맑음,단일로 - 기타,승용,남,41세,상해없음,이륜,남,27세,중상
2019090400100604,2019년 9월 4일 20시,수요일,울산광역시 중구 약사동,경상사고,0,0,3,1,차대차 - 측면충돌,안전운전불이행,건조,맑음,교차로 - 교차로안,승용,남,53세,부상신고,승용,남,49세,경상
2019090500100076,2019년 9월 5일 04시,목요일,울산광역시 남구 무거동,중상사고,0,1,0,0,차대사람 - 기타,안전운전불이행,건조,맑음,교차로 - 교차로부근,승용,남,58세,상해없음,보행자,남,68세,중상
2019090500100077,2019년 9월 5일 04시,목요일,울산광역시 남구 삼산동,중상사고,0,2,0,0,차대차 - 추돌,안전운전불이행,건조,맑음,교차로 - 교차로부근,승용,여,45세,상해없음,승용,남,46세,중상
2019090500100091,2019년 9월 5일 05시,목요일,울산광역시 울주군 범서읍,경상사고,0,0,1,0,차대사람 - 횡단중,교차로운행방법위반,건조,맑음,교차로 - 교차로안,승용,남,40세,상해없음,보행자,여,85세,경상
2019090500100131,2019년 9월 5일 07시,목요일,울산광역시 북구 명촌동,경상사고,0,0,2,0,차대차 - 측면충돌,차로위반,건조,맑음,단일로 - 기타,화물,남,54세,경상,승용,남,36세,경상
2019090500100132,2019년 9월 5일 07시,목요일,울산광역시 남구 선암동,중상사고,0,1,0,0,차대사람 - 기타,보행자보호의무위반,건조,맑음,교차로 - 교차로횡단보도내,승용,여,50세,상해없음,보행자,여,76세,중상
2019090500100191,2019년 9월 5일 08시,목요일,울산광역시 북구 진장동,중상사고,0,1,1,0,차대차 - 측면충돌,신호위반,건조,맑음,단일로 - 기타,승용,여,30세,경상,승용,남,24세,중상
2019090500100229,2019년 9월 5일 09시,목요일,울산광역시 동구 방어동,경상사고,0,0,1,0,차대차 - 정면충돌,안전운전불이행,건조,맑음,교차로 - 교차로안,승용,여,41세,상해없음,승용,남,66세,경상
2019090500100282,2019년 9월 5일 11시,목요일,울산광역시 남구 달동,경상사고,0,0,3,0,차대차 - 추돌,안전운전불이행,건조,맑음,교차로 - 교차로부근,승용,여,55세,기타불명,승용,남,76세,경상
2019090500100305,2019년 9월 5일 12시,목요일,울산광역시 남구 달동,부상신고사고,0,0,0,1,차량단독 - 기타,안전운전불이행,건조,맑음,단일로 - 기타,승합,남,51세,상해없음,,,,
2019090500100339,2019년 9월 5일 13시,목요일,울산광역시 동구 방어동,중상사고,0,1,0,0,차대사람 - 횡단중,안전운전불이행,기타,기타,기타 - 기타,승합,남,47세,기타불명,보행자,남,9세,중상
2019090500100425,2019년 9월 5일 15시,목요일,울산광역시 동구 동부동,경상사고,0,0,1,0,차대차 - 추돌,안전거리미확보,건조,맑음,교차로 - 교차로부근,이륜,남,64세,경상,승용,남,46세,상해없음
2019090500100553,2019년 9월 5일 18시,목요일,울산광역시 남구 신정동,경상사고,0,0,1,0,차대차 - 측면충돌,교차로운행방법위반,건조,맑음,교차로 - 교차로안,승용,여,59세,상해없음,승용,여,48세,경상
2019090500100598,2019년 9월 5일 19시,목요일,울산광역시 중구 약사동,경상사고,0,0,1,0,차대사람 - 횡단중,보행자보호의무위반,건조,맑음,교차로 - 교차로안,승용,남,46세,상해없음,보행자,여,38세,경상
2019090500100599,2019년 9월 5일 19시,목요일,울산광역시 중구 학산동,중상사고,0,1,0,0,차대차 - 측면충돌,신호위반,건조,맑음,교차로 - 교차로안,승용,남,62세,상해없음,이륜,남,32세,중상
2019090500100638,2019년 9월 5일 20시,목요일,울산광역시 남구 신정동,경상사고,0,0,1,0,차대차 - 정면충돌,안전운전불이행,건조,맑음,단일로 - 기타,승용,남,22세,상해없음,자전거,남,54세,경상
2019090500100663,2019년 9월 5일 21시,목요일,울산광역시 울주군 서생면,경상사고,0,0,1,0,차대차 - 기타,직진우회전진행방해,건조,맑음,교차로 - 교차로안,승용,남,52세,상해없음,이륜,남,32세,경상
2019090500100690,2019년 9월 5일 22시,목요일,울산광역시 남구 무거동,중상사고,0,1,1,0,차대차 - 측면충돌,신호위반,건조,맑음,교차로 - 교차로안,승용,여,42세,상해없음,승용,여,54세,중상
2019090500100713,2019년 9월 5일 23시,목요일,울산광역시 울주군 온양읍,경상사고,0,0,1,0,차대차 - 측면충돌,신호위반,건조,맑음,교차로 - 교차로안,승합,남,63세,상해없음,승용,남,60세,경상
2019090600100099,2019년 9월 6일 07시,금요일,울산광역시 동구 일산동,경상사고,0,0,1,0,차대차 - 기타,안전운전불이행,기타,맑음,교차로 - 교차로횡단보도내,승용,남,68세,상해없음,자전거,여,35세,경상
2019090600100100,2019년 9월 6일 07시,금요일,울산광역시 울주군 온산읍,경상사고,0,0,1,0,차대차 - 측면충돌,신호위반,건조,맑음,교차로 - 교차로안,승용,남,33세,상해없음,승용,남,68세,경상
2019090600100189,2019년 9월 6일 10시,금요일,울산광역시 울주군 온산읍,중상사고,0,1,1,0,차대차 - 기타,안전거리미확보,건조,맑음,기타 - 기타,승용,여,51세,중상,화물,남,51세,상해없음
2019090600100321,2019년 9월 6일 14시,금요일,울산광역시 울주군 온산읍,경상사고,0,0,1,0,차대차 - 측면충돌,교차로운행방법위반,건조,맑음,교차로 - 교차로부근,특수,남,62세,상해없음,승용,여,43세,경상
2019090600100359,2019년 9월 6일 15시,금요일,울산광역시 북구 명촌동,경상사고,0,0,1,0,차대차 - 추돌,안전거리미확보,건조,맑음,단일로 - 기타,원동기,남,53세,상해없음,원동기,남,29세,경상
2019090600100360,2019년 9월 6일 15시,금요일,울산광역시 동구 주전동,경상사고,0,0,1,0,차량단독 - 공작물충돌,안전운전불이행,건조,맑음,단일로 - 기타,승용,여,26세,경상,,,,
2019090600100361,2019년 9월 6일 15시,금요일,울산광역시 울주군 삼남면,경상사고,0,0,1,0,차대사람 - 기타,안전운전불이행,건조,맑음,단일로 - 기타,승용,남,58세,상해없음,보행자,남,37세,경상
2019090600100467,2019년 9월 6일 17시,금요일,울산광역시 남구 신정동,경상사고,0,0,1,0,차대사람 - 기타,보행자보호의무위반,건조,맑음,교차로 - 교차로부근,승용,여,56세,상해없음,보행자,남,3세,경상
2019090600100656,2019년 9월 6일 21시,금요일,울산광역시 남구 달동,경상사고,0,0,1,0,차대차 - 측면충돌,신호위반,건조,맑음,단일로 - 기타,승용,여,38세,상해없음,이륜,남,47세,경상
2019090600100727,2019년 9월 6일 23시,금요일,울산광역시 중구 약사동,경상사고,0,0,1,0,차대차 - 측면충돌,안전운전불이행,건조,맑음,단일로 - 기타,승용,남,59세,상해없음,이륜,남,30세,경상
2019090600100728,2019년 9월 6일 23시,금요일,울산광역시 울주군 온양읍,경상사고,0,0,1,0,차대차 - 추돌,안전거리미확보,건조,흐림,교차로 - 교차로부근,승용,남,48세,상해없음,승합,남,52세,경상
2019090700100050,2019년 9월 7일 00시,토요일,울산광역시 중구 복산동,중상사고,0,1,0,0,차대사람 - 기타,신호위반,건조,맑음,교차로 - 교차로안,승용,남,55세,상해없음,보행자,남,49세,중상
2019090700100051,2019년 9월 7일 00시,토요일,울산광역시 북구 염포동,경상사고,0,0,1,0,차대차 - 추돌,안전거리미확보,건조,맑음,교차로 - 교차로부근,승용,남,39세,상해없음,승용,남,41세,경상
2019090700100141,2019년 9월 7일 07시,토요일,울산광역시 남구 신정동,경상사고,0,0,1,0,차대차 - 측면충돌,신호위반,젖음/습기,흐림,교차로 - 교차로안,승용,남,53세,상해없음,승용,남,28세,경상
2019090700100294,2019년 9월 7일 13시,토요일,울산광역시 북구 중산동,경상사고,0,0,1,0,차대차 - 추돌,안전거리미확보,건조,맑음,단일로 - 기타,화물,남,59세,상해없음,화물,남,62세,경상
2019090700100295,2019년 9월 7일 13시,토요일,울산광역시 남구 삼산동,경상사고,0,0,5,0,차대차 - 측면충돌,신호위반,건조,맑음,교차로 - 교차로안,승용,여,49세,경상,승용,남,47세,경상
2019090700100296,2019년 9월 7일 13시,토요일,울산광역시 남구 신정동,중상사고,0,1,0,0,차대차 - 측면충돌,안전운전불이행,건조,맑음,교차로 - 교차로부근,승용,여,45세,상해없음,자전거,남,15세,중상
2019090700100309,2019년 9월 7일 14시,토요일,울산광역시 남구 달동,중상사고,0,1,1,0,차대차 - 측면충돌,안전운전불이행,건조,맑음,교차로 - 교차로안,승용,남,42세,중상,승용,남,62세,경상
2019090700100325,2019년 9월 7일 15시,토요일,울산광역시 울주군 온산읍,경상사고,0,0,1,0,차대차 - 기타,안전운전불이행,건조,맑음,단일로 - 기타,화물,남,59세,상해없음,승용,남,62세,경상
2019090700100514,2019년 9월 7일 23시,토요일,울산광역시 남구 신정동,중상사고,0,2,0,0,차대차 - 측면충돌,교차로운행방법위반,건조,맑음,교차로 - 교차로안,승용,남,71세,상해없음,승용,남,27세,중상
2019090800100031,2019년 9월 8일 00시,일요일,울산광역시 동구 일산동,경상사고,0,0,1,0,차대사람 - 횡단중,안전운전불이행,건조,맑음,교차로 - 교차로횡단보도내,승용,남,43세,상해없음,보행자,여,18세,경상
2019090800100043,2019년 9월 8일 01시,일요일,울산광역시 중구 태화동,경상사고,0,0,2,1,차대차 - 측면충돌,교차로운행방법위반,건조,맑음,교차로 - 교차로안,승용,남,63세,경상,승용,남,46세,경상
2019090800100081,2019년 9월 8일 06시,일요일,울산광역시 울주군 온산읍,중상사고,0,1,0,0,차대차 - 추돌,중앙선침범,건조,맑음,교차로 - 교차로부근,승용,남,22세,상해없음,승합,남,61세,중상
2019090800100120,2019년 9월 8일 09시,일요일,울산광역시 북구 창평동,경상사고,0,0,1,1,차대차 - 기타,과속,건조,맑음,교차로 - 교차로안,승용,남,56세,부상신고,화물,여,43세,경상
2019090800100232,2019년 9월 8일 13시,일요일,울산광역시 울주군 삼남면,경상사고,0,0,1,0,차대차 - 측면충돌,안전거리미확보,건조,맑음,단일로 - 기타,승용,여,39세,기타불명,승용,남,56세,경상
2019090800100266,2019년 9월 8일 14시,일요일,울산광역시 중구 북정동,경상사고,0,0,1,0,차대차 - 기타,신호위반,건조,맑음,교차로 - 교차로안,승용,남,40세,상해없음,이륜,남,24세,경상
2019090800100267,2019년 9월 8일 14시,일요일,울산광역시 울주군 온양읍,부상신고사고,0,0,0,1,차대사람 - 차도통행중,안전운전불이행,건조,맑음,기타 - 기타,승용,남,48세,상해없음,보행자,여,61세,부상신고
2019090800100339,2019년 9월 8일 16시,일요일,울산광역시 북구 호계동,경상사고,0,0,1,0,차대차 - 추돌,안전운전불이행,건조,맑음,교차로 - 교차로부근,이륜,남,30세,경상,승용,남,57세,상해없음
2019090800100340,2019년 9월 8일 16시,일요일,울산광역시 북구 연암동,경상사고,0,0,1,0,차대차 - 추돌,안전운전불이행,건조,맑음,단일로 - 기타,승용,남,39세,상해없음,승합,남,36세,경상
2019090800100369,2019년 9월 8일 17시,일요일,울산광역시 북구 호계동,경상사고,0,0,1,0,차대차 - 기타,안전운전불이행,건조,맑음,교차로 - 교차로부근,승용,여,39세,상해없음,이륜,남,42세,경상
2019090800100434,2019년 9월 8일 19시,일요일,울산광역시 중구 학산동,중상사고,0,1,0,0,차대사람 - 횡단중,안전운전불이행,건조,맑음,단일로 - 기타,승용,남,58세,상해없음,보행자,남,79세,중상
2019090900100042,2019년 9월 9일 02시,월요일,울산광역시 남구 달동,경상사고,0,0,1,0,차대차 - 측면충돌,신호위반,건조,맑음,교차로 - 교차로안,승용,남,37세,상해없음,승용,남,28세,경상
2019090900100247,2019년 9월 9일 10시,월요일,울산광역시 중구 서동,경상사고,0,0,1,0,차대차 - 추돌,안전운전불이행,건조,맑음,교차로 - 교차로안,화물,남,61세,상해없음,화물,남,39세,경상
2019090900100248,2019년 9월 9일 10시,월요일,울산광역시 울주군 온양읍,경상사고,0,0,2,0,차대차 - 측면충돌,중앙선침범,건조,맑음,단일로 - 지하차도(도로)내,승용,남,83세,상해없음,승용,여,44세,경상
2019090900100458,2019년 9월 9일 15시,월요일,울산광역시 북구 연암동,부상신고사고,0,0,0,1,차량단독 - 공작물충돌,안전거리미확보,건조,맑음,단일로 - 기타,승용,여,62세,부상신고,,,,
2019090900100510,2019년 9월 9일 16시,월요일,울산광역시 남구 달동,경상사고,0,0,1,0,차대차 - 측면충돌,중앙선침범,건조,맑음,단일로 - 기타,승합,남,76세,상해없음,이륜,남,48세,경상
2019090900100659,2019년 9월 9일 19시,월요일,울산광역시 울주군 온산읍,경상사고,0,0,1,1,차대차 - 측면충돌,직진우회전진행방해,건조,맑음,교차로 - 교차로안,승용,여,30세,부상신고,승용,남,39세,경상
2019090900100761,2019년 9월 9일 22시,월요일,울산광역시 남구 신정동,중상사고,0,1,0,0,차대차 - 측면충돌,중앙선침범,건조,맑음,단일로 - 기타,승용,남,43세,상해없음,승용,남,48세,중상
2019091000100112,2019년 9월 10일 06시,화요일,울산광역시 동구 화정동,경상사고,0,0,1,0,차대차 - 측면충돌,안전운전불이행,기타,맑음,교차로 - 교차로안,승합,남,39세,상해없음,이륜,남,66세,경상
2019091000100195,2019년 9월 10일 08시,화요일,울산광역시 남구 삼산동,중상사고,0,1,2,0,차대차 - 측면충돌,신호위반,건조,맑음,교차로 - 교차로안,승용,여,64세,상해없음,승용,여,45세,중상
2019091000100196,2019년 9월 10일 08시,화요일,울산광역시 남구 삼산동,경상사고,0,0,2,0,차대차 - 측면충돌,교차로운행방법위반,건조,맑음,교차로 - 교차로안,승용,남,34세,상해없음,화물,남,30세,상해없음
2019091000100253,2019년 9월 10일 09시,화요일,울산광역시 남구 신정동,경상사고,0,0,1,0,차대사람 - 기타,안전운전불이행,건조,맑음,단일로 - 기타,승용,여,68세,상해없음,보행자,여,81세,경상
2019091000100254,2019년 9월 10일 09시,화요일,울산광역시 동구 방어동,경상사고,0,0,1,0,차대차 - 기타,안전운전불이행,건조,맑음,단일로 - 기타,이륜,남,70세,경상,승용,남,64세,상해없음
2019091000100298,2019년 9월 10일 10시,화요일,울산광역시 남구 무거동,경상사고,0,0,1,0,차대차 - 추돌,안전운전불이행,건조,맑음,교차로 - 교차로횡단보도내,승용,남,18세,상해없음,승용,남,62세,경상
2019091000100299,2019년 9월 10일 10시,화요일,울산광역시 남구 달동,중상사고,0,1,0,0,차대사람 - 횡단중,안전운전불이행,건조,맑음,교차로 - 교차로부근,승용,여,56세,상해없음,보행자,여,80세,중상
2019091000100300,2019년 9월 10일 10시,화요일,울산광역시 울주군 온양읍,중상사고,0,2,0,0,차대차 - 정면충돌,중앙선침범,건조,맑음,단일로 - 기타,승용,남,23세,중상,화물,남,56세,중상
2019091000100337,2019년 9월 10일 11시,화요일,울산광역시 중구 태화동,경상사고,0,0,1,0,차대차 - 기타,안전운전불이행,건조,맑음,단일로 - 기타,승합,남,53세,상해없음,승용,여,54세,경상
2019091000100338,2019년 9월 10일 11시,화요일,울산광역시 울주군 웅촌면,경상사고,0,0,3,0,차대차 - 정면충돌,직진우회전진행방해,건조,맑음,교차로 - 교차로안,승용,남,61세,상해없음,화물,남,54세,경상
2019091000100368,2019년 9월 10일 12시,화요일,울산광역시 동구 전하동,경상사고,0,0,1,0,차량단독 - 기타,기타,건조,맑음,교차로 - 교차로부근,승합,남,52세,상해없음,,,,
2019091000100415,2019년 9월 10일 13시,화요일,울산광역시 울주군 온산읍,경상사고,0,0,1,0,차대차 - 측면충돌,신호위반,건조,맑음,교차로 - 교차로안,승용,남,58세,상해없음,화물,남,48세,경상
2019091000100454,2019년 9월 10일 14시,화요일,울산광역시 남구 두왕동,경상사고,0,0,1,3,차대차 - 측면충돌,안전운전불이행,건조,맑음,단일로 - 기타,화물,남,70세,부상신고,승용,남,67세,부상신고
2019091000100533,2019년 9월 10일 16시,화요일,울산광역시 중구 동동,경상사고,0,0,1,0,차대차 - 측면충돌,안전운전불이행,건조,맑음,교차로 - 교차로횡단보도내,자전거,남,83세,경상,승용,남,23세,상해없음
2019091000100534,2019년 9월 10일 16시,화요일,울산광역시 북구 양정동,경상사고,0,0,1,0,차대차 - 정면충돌,직진우회전진행방해,건조,맑음,교차로 - 교차로안,승용,남,46세,상해없음,자전거,남,64세,경상
2019091000100624,2019년 9월 10일 18시,화요일,울산광역시 남구 옥동,경상사고,0,0,1,0,차대차 - 추돌,차로위반,건조,맑음,단일로 - 기타,승용,남,29세,상해없음,승용,여,26세,경상
2019091000100686,2019년 9월 10일 19시,화요일,울산광역시 중구 학성동,경상사고,0,0,2,0,차대차 - 측면충돌,안전운전불이행,건조,맑음,교차로 - 교차로안,승용,남,58세,상해없음,자전거,남,57세,경상
2019091000100687,2019년 9월 10일 19시,화요일,울산광역시 울주군 범서읍,경상사고,0,0,1,0,차대차 - 추돌,안전거리미확보,건조,맑음,단일로 - 지하차도(도로)내,화물,남,54세,상해없음,승용,남,32세,경상