사고번호,사고일시,요일,시군구,사고내용,사망자수,중상자수,경상자수,부상신고자수,사고유형,법규위반,노면상태,기상상태,도로형태,가해운전자 차종,가해운전자 성별,가해운전자 연령,가해운전자 상해정도,피해운전자 차종,피해운전자 성별,피해운전자 연령,피해운전자 상해정도
2019091000100735,2019년 9월 10일 20시,화요일,울산광역시 중구 학산동,경상사고,0,0,2,0,차대차 - 추돌,안전운전불이행,건조,맑음,교차로 - 교차로부근,승용,남,66세,상해없음,승용,남,62세,상해없음
2019091000100736,2019년 9월 10일 20시,화요일,울산광역시 남구 야음동,경상사고,0,0,1,0,차대사람 - 기타,안전운전불이행,건조,맑음,단일로 - 기타,승용,남,31세,상해없음,보행자,남,74세,경상
2019091000100780,2019년 9월 10일 21시,화요일,울산광역시 동구 방어동,부상신고사고,0,0,0,1,차대사람 - 차도통행중,안전운전불이행,건조,맑음,교차로 - 교차로안,승용,남,67세,상해없음,보행자,남,47세,부상신고
2019091000100797,2019년 9월 10일 22시,화요일,울산광역시 울주군 범서읍,중상사고,0,3,0,0,차대차 - 추돌,안전거리미확보,건조,맑음,단일로 - 터널,화물,남,56세,중상,승용,남,23세,중상
2019091100100154,2019년 9월 11일 07시,수요일,울산광역시 동구 방어동,중상사고,0,1,0,0,차대차 - 측면충돌,중앙선침범,젖음/습기,맑음,단일로 - 기타,이륜,남,59세,상해없음,이륜,남,48세,중상
2019091100100155,2019년 9월 11일 07시,수요일,울산광역시 동구 전하동,경상사고,0,0,1,0,차대차 - 기타,안전운전불이행,건조,맑음,교차로 - 교차로안,이륜,남,59세,경상,승용,남,50세,상해없음
2019091100100265,2019년 9월 11일 10시,수요일,울산광역시 북구 중산동,경상사고,0,0,1,0,차대차 - 측면충돌,안전운전불이행,건조,맑음,단일로 - 기타,화물,남,70세,상해없음,승용,여,50세,경상
2019091100100361,2019년 9월 11일 12시,수요일,울산광역시 중구 옥교동,부상신고사고,0,0,0,1,차대차 - 측면충돌,직진우회전진행방해,건조,맑음,교차로 - 교차로안,이륜,남,23세,부상신고,승용,남,53세,상해없음
2019091100100446,2019년 9월 11일 14시,수요일,울산광역시 남구 상개동,중상사고,0,1,0,0,차대차 - 기타,신호위반,건조,맑음,교차로 - 교차로부근,승용,남,35세,상해없음,이륜,남,64세,중상
2019091100100512,2019년 9월 11일 15시,수요일,울산광역시 동구 방어동,경상사고,0,0,1,0,차대차 - 측면충돌,직진우회전진행방해,건조,맑음,교차로 - 교차로안,승용,남,39세,상해없음,이륜,남,44세,경상
2019091100100568,2019년 9월 11일 16시,수요일,울산광역시 북구 당사동,경상사고,0,0,1,0,차량단독 - 기타,안전운전불이행,건조,기타,교차로 - 교차로부근,승합,남,34세,상해없음,,,,
2019091100100681,2019년 9월 11일 18시,수요일,울산광역시 남구 달동,중상사고,0,1,0,0,차대차 - 측면충돌,중앙선침범,건조,맑음,단일로 - 기타,이륜,남,39세,중상,승용,남,38세,상해없음
2019091100100782,2019년 9월 11일 20시,수요일,울산광역시 중구 학성동,경상사고,0,0,1,0,차대사람 - 차도통행중,중앙선침범,건조,맑음,단일로 - 기타,승용,남,48세,상해없음,보행자,남,58세,경상
2019091100100783,2019년 9월 11일 20시,수요일,울산광역시 동구 전하동,경상사고,0,0,1,0,차대차 - 기타,신호위반,젖음/습기,비,교차로 - 교차로부근,이륜,남,20세,기타불명,이륜,남,45세,상해없음
2019091100100813,2019년 9월 11일 21시,수요일,울산광역시 동구 전하동,경상사고,0,0,4,0,차대차 - 측면충돌,신호위반,젖음/습기,비,교차로 - 교차로안,화물,남,75세,상해없음,승용,여,37세,경상
2019091100100871,2019년 9월 11일 23시,수요일,울산광역시 울주군 청량읍,경상사고,0,0,2,0,차량단독 - 공작물충돌,안전운전불이행,건조,맑음,단일로 - 기타,승용,남,43세,경상,,,,
2019091200100123,2019년 9월 12일 07시,목요일,울산광역시 동구 방어동,경상사고,0,0,2,0,차대차 - 추돌,안전운전불이행,건조,맑음,교차로 - 교차로안,이륜,남,35세,경상,이륜,남,28세,경상
2019091200100275,2019년 9월 12일 13시,목요일,울산광역시 남구 무거동,경상사고,0,0,3,0,차대차 - 측면충돌,차로위반,건조,맑음,단일로 - 기타,승용,여,40세,상해없음,승용,남,25세,경상
2019091200100357,2019년 9월 12일 16시,목요일,울산광역시 중구 약사동,경상사고,0,0,5,0,차대차 - 측면충돌,안전운전불이행,건조,흐림,교차로 - 교차로안,승용,여,45세,상해없음,승용,남,43세,경상
2019091200100484,2019년 9월 12일 20시,목요일,울산광역시 중구 약사동,경상사고,0,0,1,0,차대차 - 측면충돌,안전운전불이행,젖음/습기,비,단일로 - 기타,승용,여,60세,상해없음,이륜,남,61세,경상
2019091200100526,2019년 9월 12일 22시,목요일,울산광역시 중구 태화동,경상사고,0,0,1,0,차대차 - 측면충돌,안전운전불이행,건조,맑음,교차로 - 교차로안,자전거,남,73세,경상,승용,남,33세,상해없음
2019091200100545,2019년 9월 12일 23시,목요일,울산광역시 울주군 범서읍,중상사고,0,1,0,0,차대차 - 정면충돌,신호위반,건조,맑음,교차로 - 교차로안,승용,남,40세,상해없음,승용,남,46세,중상
2019091300100380,2019년 9월 13일 18시,금요일,울산광역시 남구 삼산동,경상사고,0,0,2,0,차대차 - 추돌,안전운전불이행,건조,맑음,교차로 - 교차로부근,승용,남,35세,상해없음,승용,남,39세,경상
2019091300100405,2019년 9월 13일 20시,금요일,울산광역시 울주군 웅촌면,중상사고,0,1,0,0,차량단독 - 공작물충돌,안전운전불이행,건조,맑음,단일로 - 기타,승용,여,47세,중상,,,,
2019091400100152,2019년 9월 14일 12시,토요일,울산광역시 중구 성안동,경상사고,0,0,4,0,차대차 - 측면충돌,교차로운행방법위반,건조,맑음,단일로 - 기타,승용,남,26세,경상,승용,여,40세,경상
2019091400100153,2019년 9월 14일 12시,토요일,울산광역시 남구 달동,중상사고,0,1,0,0,차대차 - 추돌,안전운전불이행,건조,맑음,단일로 - 지하차도(도로)내,승용,남,36세,상해없음,승용,남,42세,중상
2019091400100325,2019년 9월 14일 18시,토요일,울산광역시 중구 남외동,중상사고,0,1,0,1,차대차 - 측면충돌,신호위반,건조,맑음,교차로 - 교차로안,승용,남,41세,상해없음,승합,남,29세,중상
2019091400100326,2019년 9월 14일 18시,토요일,울산광역시 울주군 삼남면,중상사고,0,1,3,0,차대차 - 측면충돌,교차로운행방법위반,건조,맑음,교차로 - 교차로안,승용,남,23세,경상,승용,여,25세,경상
2019091400100354,2019년 9월 14일 19시,토요일,울산광역시 북구 호계동,경상사고,0,0,2,1,차대차 - 측면충돌,안전운전불이행,건조,맑음,단일로 - 기타,승용,남,35세,부상신고,승용,남,27세,경상
2019091400100376,2019년 9월 14일 20시,토요일,울산광역시 중구 서동,경상사고,0,0,2,0,차대차 - 측면충돌,신호위반,건조,맑음,교차로 - 교차로안,승용,여,45세,상해없음,승용,남,52세,경상
2019091400100377,2019년 9월 14일 20시,토요일,울산광역시 북구 화봉동,경상사고,0,0,1,0,차대차 - 측면충돌,신호위반,건조,맑음,교차로 - 교차로안,화물,남,48세,상해없음,승용,남,64세,경상
2019091400100378,2019년 9월 14일 20시,토요일,울산광역시 울주군 삼남면,경상사고,0,0,2,0,차대차 - 기타,안전운전불이행,건조,맑음,교차로 - 교차로안,승용,여,63세,상해없음,승용,남,37세,경상
2019091400100395,2019년 9월 14일 21시,토요일,울산광역시 남구 무거동,경상사고,0,0,2,0,차대차 - 측면충돌,차로위반,건조,맑음,단일로 - 기타,화물,남,59세,상해없음,승용,남,59세,경상
2019091400100434,2019년 9월 14일 23시,토요일,울산광역시 남구 신정동,경상사고,0,0,4,0,차대차 - 측면충돌,신호위반,건조,맑음,단일로 - 기타,이륜,남,59세,상해없음,승용,남,40세,경상
2019091500100043,2019년 9월 15일 01시,일요일,울산광역시 남구 신정동,경상사고,0,0,1,0,차대차 - 기타,안전운전불이행,건조,맑음,교차로 - 교차로부근,화물,남,58세,상해없음,승용,남,64세,상해없음
2019091500100238,2019년 9월 15일 14시,일요일,울산광역시 중구 서동,경상사고,0,0,1,0,차대차 - 기타,안전운전불이행,건조,맑음,교차로 - 교차로안,승용,남,44세,상해없음,이륜,남,27세,경상
2019091500100322,2019년 9월 15일 17시,일요일,울산광역시 울주군 온산읍,경상사고,0,0,1,0,차대차 - 후진중충돌,안전운전불이행,건조,맑음,단일로 - 기타,승용,여,55세,상해없음,이륜,남,48세,경상
2019091500100390,2019년 9월 15일 19시,일요일,울산광역시 남구 옥동,중상사고,0,1,0,0,차대사람 - 기타,안전운전불이행,건조,맑음,교차로 - 교차로안,승용,여,60세,상해없음,보행자,남,52세,중상
2019091500100450,2019년 9월 15일 22시,일요일,울산광역시 동구 화정동,경상사고,0,0,1,0,차대차 - 기타,안전운전불이행,건조,흐림,단일로 - 기타,이륜,남,53세,상해없음,승용,남,57세,상해없음
2019091600100048,2019년 9월 16일 01시,월요일,울산광역시 남구 여천동,경상사고,0,0,1,0,차대차 - 추돌,안전운전불이행,건조,맑음,교차로 - 교차로부근,승용,남,62세,상해없음,승용,남,39세,경상
2019091600100172,2019년 9월 16일 08시,월요일,울산광역시 중구 태화동,중상사고,0,1,0,0,차대차 - 측면충돌,안전운전불이행,건조,맑음,단일로 - 기타,승용,여,55세,상해없음,이륜,남,83세,중상
2019091600100173,2019년 9월 16일 08시,월요일,울산광역시 동구 화정동,경상사고,0,0,1,0,차대차 - 정면충돌,교차로운행방법위반,건조,맑음,교차로 - 교차로안,승용,여,24세,상해없음,승용,여,38세,경상
2019091600100211,2019년 9월 16일 09시,월요일,울산광역시 남구 신정동,경상사고,0,0,1,0,차량단독 - 기타,안전운전불이행,건조,맑음,단일로 - 기타,승합,남,61세,상해없음,,,,
2019091600100335,2019년 9월 16일 13시,월요일,울산광역시 남구 신정동,경상사고,0,0,1,0,차량단독 - 기타,안전운전불이행,건조,맑음,단일로 - 지하차도(도로)내,승합,남,50세,상해없음,,,,
2019091600100381,2019년 9월 16일 14시,월요일,울산광역시 중구 성남동,경상사고,0,0,1,0,차대사람 - 차도통행중,안전운전불이행,기타,맑음,단일로 - 기타,승용,여,31세,상해없음,보행자,여,7세,경상
2019091600100382,2019년 9월 16일 14시,월요일,울산광역시 남구 달동,경상사고,0,0,1,0,차대차 - 추돌,교차로운행방법위반,건조,맑음,교차로 - 교차로안,승용,여,43세,상해없음,이륜,남,36세,경상
2019091600100416,2019년 9월 16일 15시,월요일,울산광역시 동구 방어동,부상신고사고,0,0,0,2,차대차 - 기타,안전운전불이행,건조,맑음,단일로 - 기타,이륜,남,26세,부상신고,이륜,남,22세,부상신고
2019091600100457,2019년 9월 16일 16시,월요일,울산광역시 중구 반구동,중상사고,0,1,0,0,차대차 - 기타,교차로운행방법위반,건조,맑음,교차로 - 교차로안,승용,남,58세,상해없음,이륜,남,48세,중상
2019091600100458,2019년 9월 16일 16시,월요일,울산광역시 중구 태화동,중상사고,0,1,1,0,차대차 - 측면충돌,안전운전불이행,건조,맑음,교차로 - 교차로안,이륜,남,32세,중상,승용,여,56세,경상
2019091600100459,2019년 9월 16일 16시,월요일,울산광역시 울주군 온산읍,경상사고,0,0,1,0,차대차 - 기타,안전운전불이행,건조,맑음,교차로 - 교차로부근,승용,남,49세,상해없음,승용,남,55세,경상
2019091600100460,2019년 9월 16일 16시,월요일,울산광역시 울주군 삼동면,경상사고,0,0,1,0,차대차 - 기타,기타,건조,맑음,단일로 - 기타,화물,남,62세,상해없음,승용,남,49세,경상
2019091600100554,2019년 9월 16일 18시,월요일,울산광역시 울주군 범서읍,부상신고사고,0,0,0,1,차대사람 - 횡단중,보행자보호의무위반,건조,맑음,교차로 - 교차로횡단보도내,승용,여,49세,상해없음,보행자,남,7세,부상신고
2019091600100645,2019년 9월 16일 21시,월요일,울산광역시 남구 야음동,중상사고,0,1,0,0,차대사람 - 기타,안전운전불이행,건조,맑음,교차로 - 교차로부근,승용,남,28세,상해없음,보행자,여,58세,중상
2019091700100078,2019년 9월 17일 06시,화요일,울산광역시 동구 화정동,중상사고,0,1,0,0,차대차 - 측면충돌,안전거리미확보,건조,맑음,단일로 - 기타,이륜,남,74세,중상,승용,남,53세,상해없음
2019091700100168,2019년 9월 17일 08시,화요일,울산광역시 북구 매곡동,경상사고,0,0,1,0,차대사람 - 기타,안전운전불이행,건조,맑음,기타 - 기타,승용,남,71세,상해없음,보행자,남,61세,경상
2019091700100169,2019년 9월 17일 08시,화요일,울산광역시 동구 화정동,중상사고,0,1,1,0,차대차 - 측면충돌,안전운전불이행,건조,맑음,교차로 - 교차로안,승합,남,68세,상해없음,승용,여,37세,중상
2019091700100384,2019년 9월 17일 14시,화요일,울산광역시 울주군 범서읍,중상사고,0,1,0,1,차대차 - 정면충돌,중앙선침범,건조,맑음,단일로 - 기타,승용,여,56세,부상신고,승용,남,55세,중상
2019091700100427,2019년 9월 17일 15시,화요일,울산광역시 중구 남외동,경상사고,0,0,3,0,차대차 - 측면충돌,안전운전불이행,건조,맑음,교차로 - 교차로안,승용,남,53세,경상,승용,여,28세,경상
2019091700100518,2019년 9월 17일 17시,화요일,울산광역시 북구 효문동,경상사고,0,0,1,0,차대차 - 측면충돌,안전거리미확보,건조,맑음,단일로 - 기타,화물,남,46세,상해없음,승용,남,32세,경상
2019091800100204,2019년 9월 18일 10시,수요일,울산광역시 중구 약사동,경상사고,0,0,1,0,차대사람 - 기타,안전운전불이행,건조,맑음,단일로 - 기타,승용,남,61세,상해없음,보행자,남,45세,경상
2019091800100205,2019년 9월 18일 10시,수요일,울산광역시 울주군 언양읍,중상사고,0,1,0,0,차대사람 - 보도통행중,기타,건조,맑음,단일로 - 기타,승용,남,67세,상해없음,보행자,여,18세,중상
2019091800100265,2019년 9월 18일 12시,수요일,울산광역시 울주군 온양읍,경상사고,0,0,7,0,차대차 - 기타,안전운전불이행,건조,맑음,단일로 - 기타,승용,여,52세,상해없음,승용,여,39세,경상
2019091800100309,2019년 9월 18일 13시,수요일,울산광역시 동구 화정동,경상사고,0,0,1,0,차대사람 - 보도통행중,안전운전불이행,건조,맑음,단일로 - 기타,승용,여,70세,상해없음,보행자,여,63세,경상
2019091800100354,2019년 9월 18일 14시,수요일,울산광역시 중구 성남동,경상사고,0,0,1,1,차대차 - 기타,안전운전불이행,건조,맑음,교차로 - 교차로안,승용,남,27세,부상신고,승용,여,72세,경상
2019091800100389,2019년 9월 18일 15시,수요일,울산광역시 동구 동부동,경상사고,0,0,2,0,차대차 - 추돌,안전운전불이행,건조,맑음,교차로 - 교차로부근,승용,남,50세,상해없음,승용,남,27세,경상
2019091800100501,2019년 9월 18일 17시,수요일,울산광역시 북구 송정동,경상사고,0,0,1,0,차대차 - 측면충돌,안전거리미확보,건조,맑음,단일로 - 기타,승합,남,60세,상해없음,승용,남,30세,경상
2019091800100502,2019년 9월 18일 17시,수요일,울산광역시 동구 서부동,경상사고,0,0,2,0,차대차 - 측면충돌,안전운전불이행,건조,맑음,교차로 - 교차로부근,이륜,남,40세,경상,이륜,남,42세,경상
2019091800100567,2019년 9월 18일 18시,수요일,울산광역시 남구 야음동,경상사고,0,0,1,0,차대차 - 측면충돌,중앙선침범,건조,맑음,단일로 - 기타,승용,남,52세,상해없음,이륜,남,33세,경상
2019091800100660,2019년 9월 18일 20시,수요일,울산광역시 북구 연암동,경상사고,0,0,1,0,차대차 - 추돌,안전운전불이행,건조,맑음,교차로 - 교차로부근,승용,여,26세,상해없음,승용,여,59세,경상
2019091900100040,2019년 9월 19일 00시,목요일,울산광역시 남구 신정동,중상사고,0,1,0,0,차대차 - 측면충돌,안전운전불이행,건조,맑음,단일로 - 기타,승용,남,22세,상해없음,이륜,남,25세,중상
2019091900100049,2019년 9월 19일 01시,목요일,울산광역시 울주군 온산읍,경상사고,0,0,1,0,차대사람 - 횡단중,안전운전불이행,건조,맑음,단일로 - 기타,승용,남,32세,상해없음,보행자,남,23세,경상
2019091900100095,2019년 9월 19일 06시,목요일,울산광역시 남구 신정동,사망사고,1,0,0,0,차대차 - 측면충돌,안전운전불이행,건조,맑음,단일로 - 기타,이륜,남,85세,사망,승용,남,19세,상해없음
2019091900100122,2019년 9월 19일 07시,목요일,울산광역시 남구 무거동,중상사고,0,1,0,0,차대차 - 측면충돌,안전운전불이행,건조,맑음,교차로 - 교차로안,승용,남,74세,상해없음,승용,여,29세,중상
2019091900100175,2019년 9월 19일 08시,목요일,울산광역시 울주군 삼남면,경상사고,0,0,1,0,차대차 - 정면충돌,교차로운행방법위반,건조,맑음,교차로 - 교차로안,화물,여,53세,상해없음,승용,여,42세,경상
2019091900100221,2019년 9월 19일 09시,목요일,울산광역시 남구 여천동,경상사고,0,0,1,0,차대차 - 측면충돌,안전운전불이행,건조,맑음,단일로 - 기타,승용,여,67세,경상,승용,남,53세,기타불명
2019091900100308,2019년 9월 19일 12시,목요일,울산광역시 중구 남외동,경상사고,0,0,1,0,차대차 - 측면충돌,차로위반,건조,맑음,단일로 - 기타,승합,남,47세,상해없음,승용,남,41세,경상
2019091900100411,2019년 9월 19일 15시,목요일,울산광역시 울주군 온산읍,경상사고,0,0,1,0,차대사람 - 길가장자리구역통행중,안전운전불이행,건조,맑음,단일로 - 기타,승용,여,50세,상해없음,보행자,남,14세,경상
2019091900100457,2019년 9월 19일 16시,목요일,울산광역시 남구 여천동,경상사고,0,0,1,0,차대차 - 측면충돌,안전운전불이행,건조,맑음,교차로 - 교차로안,승용,남,78세,상해없음,건설기계,남,51세,경상
2019091900100542,2019년 9월 19일 18시,목요일,울산광역시 북구 천곡동,중상사고,0,1,0,0,차대사람 - 횡단중,보행자보호의무위반,건조,맑음,교차로 - 교차로안,승용,남,31세,상해없음,보행자,여,43세,중상
2019091900100600,2019년 9월 19일 20시,목요일,울산광역시 북구 효문동,경상사고,0,0,1,0,차대차 - 추돌,안전운전불이행,건조,흐림,교차로 - 교차로안,승용,남,68세,상해없음,승용,남,35세,경상
2019091900100601,2019년 9월 19일 20시,목요일,울산광역시 남구 삼산동,경상사고,0,0,1,0,차대차 - 측면충돌,안전운전불이행,건조,맑음,단일로 - 기타,이륜,여,42세,상해없음,승용,남,63세,경상
2019091900100602,2019년 9월 19일 20시,목요일,울산광역시 동구 방어동,경상사고,0,0,1,0,차대차 - 측면충돌,안전운전불이행,건조,맑음,교차로 - 교차로부근,이륜,남,45세,경상,승용,남,53세,상해없음
2019092000100044,2019년 9월 20일 01시,금요일,울산광역시 남구 선암동,경상사고,0,0,1,0,차대차 - 후진중충돌,안전운전불이행,건조,맑음,교차로 - 교차로부근,화물,남,54세,상해없음,이륜,남,46세,경상
2019092000100250,2019년 9월 20일 10시,금요일,울산광역시 남구 야음동,경상사고,0,0,3,0,차대차 - 기타,안전운전불이행,건조,맑음,교차로 - 교차로안,승용,남,27세,상해없음,화물,남,38세,경상
2019092000100251,2019년 9월 20일 10시,금요일,울산광역시 울주군 서생면,부상신고사고,0,0,0,1,차량단독 - 전도전복 - 전도,안전운전불이행,건조,맑음,단일로 - 기타,농기계,남,76세,부상신고,,,,
2019092000100406,2019년 9월 20일 15시,금요일,울산광역시 남구 달동,경상사고,0,0,1,0,차대차 - 측면충돌,신호위반,건조,맑음,교차로 - 교차로안,승용,여,57세,상해없음,이륜,남,47세,경상
2019092000100443,2019년 9월 20일 16시,금요일,울산광역시 남구 선암동,중상사고,0,1,2,0,차량단독 - 전도전복 - 전도,안전운전불이행,건조,맑음,단일로 - 기타,화물,남,41세,경상,,,,
2019092000100540,2019년 9월 20일 18시,금요일,울산광역시 남구 신정동,경상사고,0,0,1,0,차대차 - 측면충돌,차로위반,건조,맑음,교차로 - 교차로안,승용,남,47세,상해없음,이륜,남,57세,경상
2019092000100541,2019년 9월 20일 18시,금요일,울산광역시 동구 서부동,중상사고,0,1,0,0,차대차 - 측면충돌,안전거리미확보,건조,맑음,단일로 - 기타,승용,남,39세,상해없음,이륜,남,54세,중상
2019092000100597,2019년 9월 20일 19시,금요일,울산광역시 울주군 온산읍,경상사고,0,0,1,0,차대사람 - 기타,안전운전불이행,건조,맑음,교차로 - 교차로안,화물,남,39세,상해없음,보행자,여,71세,경상
2019092000100654,2019년 9월 20일 21시,금요일,울산광역시 울주군 온산읍,중상사고,0,1,0,0,차대사람 - 기타,안전운전불이행,건조,맑음,단일로 - 기타,승용,남,45세,상해없음,보행자,남,41세,중상
2019092100100067,2019년 9월 21일 01시,토요일,울산광역시 북구 당사동,중상사고,0,1,0,0,차량단독 - 전도전복 - 전도,안전운전불이행,건조,맑음,단일로 - 기타,이륜,남,37세,중상,,,,
2019092100100151,2019년 9월 21일 07시,토요일,울산광역시 남구 상개동,중상사고,0,1,1,0,차대차 - 추돌,안전운전불이행,젖음/습기,비,교차로 - 교차로부근,화물,남,62세,상해없음,승용,남,40세,중상
2019092100100300,2019년 9월 21일 12시,토요일,울산광역시 북구 연암동,경상사고,0,0,1,0,차대사람 - 횡단중,보행자보호의무위반,젖음/습기,비,교차로 - 교차로횡단보도내,승용,여,52세,상해없음,보행자,남,5세,경상
2019092100100301,2019년 9월 21일 12시,토요일,울산광역시 울주군 범서읍,중상사고,0,1,0,0,차대사람 - 횡단중,보행자보호의무위반,젖음/습기,비,교차로 - 교차로횡단보도내,화물,남,41세,상해없음,보행자,남,50세,중상
2019092100100328,2019년 9월 21일 13시,토요일,울산광역시 남구 신정동,경상사고,0,0,3,0,차대차 - 측면충돌,안전거리미확보,젖음/습기,흐림,단일로 - 기타,승용,여,60세,상해없음,승용,남,56세,경상
2019092100100405,2019년 9월 21일 15시,토요일,울산광역시 북구 송정동,경상사고,0,0,1,0,차대차 - 측면충돌,안전거리미확보,젖음/습기,비,교차로 - 교차로부근,승용,남,53세,상해없음,승용,남,63세,상해없음
2019092100100477,2019년 9월 21일 17시,토요일,울산광역시 중구 남외동,경상사고,0,0,2,0,차대차 - 측면충돌,안전운전불이행,젖음/습기,비,교차로 - 교차로안,승용,여,47세,경상,이륜,남,19세,경상
2019092100100478,2019년 9월 21일 17시,토요일,울산광역시 남구 옥동,중상사고,0,1,0,0,차대사람 - 횡단중,안전운전불이행,젖음/습기,비,교차로 - 교차로부근,승용,남,57세,상해없음,보행자,여,48세,중상
2019092100100541,2019년 9월 21일 18시,토요일,울산광역시 북구 중산동,중상사고,0,1,0,0,차대차 - 측면충돌,신호위반,젖음/습기,비,교차로 - 교차로안,승용,여,46세,상해없음,이륜,남,42세,중상
2019092100100602,2019년 9월 21일 19시,토요일,울산광역시 북구 신천동,중상사고,0,1,0,0,차대차 - 정면충돌,신호위반,젖음/습기,비,교차로 - 교차로안,승용,남,49세,상해없음,이륜,남,26세,중상
2019092100100603,2019년 9월 21일 19시,토요일,울산광역시 중구 남외동,경상사고,0,0,1,1,차대차 - 측면충돌,안전운전불이행,건조,맑음,교차로 - 교차로안,승용,남,24세,부상신고,승용,남,23세,경상
2019092100100604,2019년 9월 21일 19시,토요일,울산광역시 남구 무거동,경상사고,0,0,3,0,차대차 - 추돌,안전거리미확보,젖음/습기,비,교차로 - 교차로부근,승용,남,49세,상해없음,승합,남,49세,경상
2019092100100646,2019년 9월 21일 20시,토요일,울산광역시 동구 전하동,경상사고,0,0,1,0,차대차 - 측면충돌,신호위반,젖음/습기,비,교차로 - 교차로안,이륜,남,52세,경상,승합,남,52세,상해없음
2019092100100689,2019년 9월 21일 21시,토요일,울산광역시 동구 방어동,중상사고,0,1,0,0,차대사람 - 횡단중,신호위반,젖음/습기,비,교차로 - 교차로부근,승용,남,59세,상해없음,보행자,남,21세,중상
2019092100100722,2019년 9월 21일 22시,토요일,울산광역시 남구 두왕동,경상사고,0,0,1,0,차대차 - 추돌,안전운전불이행,젖음/습기,비,교차로 - 교차로부근,승용,남,27세,상해없음,승용,남,40세,경상
2019092100100723,2019년 9월 21일 22시,토요일,울산광역시 남구 신정동,부상신고사고,0,0,0,1,차대사람 - 횡단중,안전운전불이행,젖음/습기,비,단일로 - 기타,이륜,남,16세,상해없음,보행자,남,41세,부상신고
2019092200100041,2019년 9월 22일 00시,일요일,울산광역시 북구 염포동,경상사고,0,0,1,0,차대차 - 측면충돌,신호위반,젖음/습기,비,교차로 - 교차로안,승용,남,28세,상해없음,승용,남,61세,경상
2019092200100058,2019년 9월 22일 01시,일요일,울산광역시 남구 달동,경상사고,0,0,2,0,차대차 - 측면충돌,중앙선침범,젖음/습기,비,교차로 - 교차로부근,승용,남,33세,상해없음,승용,남,66세,경상
2019092200100083,2019년 9월 22일 02시,일요일,울산광역시 중구 남외동,경상사고,0,0,1,0,차대사람 - 차도통행중,안전운전불이행,젖음/습기,비,단일로 - 기타,승용,남,40세,상해없음,보행자,남,29세,경상
2019092200100173,2019년 9월 22일 10시,일요일,울산광역시 중구 반구동,중상사고,0,1,1,0,차대차 - 측면충돌,안전운전불이행,젖음/습기,비,교차로 - 교차로안,승용,남,31세,상해없음,승용,남,35세,중상
2019092200100211,2019년 9월 22일 12시,일요일,울산광역시 남구 옥동,경상사고,0,0,1,0,차대차 - 추돌,안전거리미확보,건조,맑음,교차로 - 교차로안,승용,여,34세,상해없음,승용,여,45세,경상
2019092200100247,2019년 9월 22일 14시,일요일,울산광역시 울주군 삼남면,경상사고,0,0,2,0,차대차 - 측면충돌,안전거리미확보,젖음/습기,비,단일로 - 기타,승용,남,52세,경상,승용,남,50세,경상
2019092200100266,2019년 9월 22일 14시,일요일,울산광역시 중구 약사동,경상사고,0,0,3,0,차대차 - 추돌,안전운전불이행,젖음/습기,비,교차로 - 교차로부근,승용,남,43세,상해없음,승용,남,31세,경상
2019092200100316,2019년 9월 22일 16시,일요일,울산광역시 남구 삼산동,중상사고,0,1,0,0,차대사람 - 기타,안전운전불이행,젖음/습기,비,단일로 - 기타,승합,남,51세,기타불명,보행자,남,32세,중상
2019092200100317,2019년 9월 22일 16시,일요일,울산광역시 남구 신정동,경상사고,0,0,1,0,차대차 - 추돌,안전운전불이행,젖음/습기,비,단일로 - 지하차도(도로)내,승용,남,25세,상해없음,승용,남,58세,경상
2019092200100376,2019년 9월 22일 18시,일요일,울산광역시 남구 삼산동,경상사고,0,0,1,0,차대차 - 측면충돌,신호위반,젖음/습기,비,교차로 - 교차로안,승용,남,57세,상해없음,승용,남,66세,경상
2019092200100412,2019년 9월 22일 19시,일요일,울산광역시 남구 무거동,중상사고,0,1,0,0,차대사람 - 횡단중,보행자보호의무위반,젖음/습기,비,교차로 - 교차로부근,승용,남,62세,상해없음,보행자,여,49세,중상
2019092200100413,2019년 9월 22일 19시,일요일,울산광역시 동구 전하동,경상사고,0,0,2,0,차대차 - 추돌,안전운전불이행,젖음/습기,비,교차로 - 교차로안,승용,남,40세,상해없음,승용,여,24세,경상
2019092200100414,2019년 9월 22일 19시,일요일,울산광역시 동구 방어동,경상사고,0,0,1,0,차대차 - 측면충돌,안전운전불이행,젖음/습기,비,교차로 - 교차로안,승용,남,66세,상해없음,승용,남,40세,경상
2019092200100494,2019년 9월 22일 22시,일요일,울산광역시 북구 신명동,경상사고,0,0,1,0,차량단독 - 전도전복 - 전복,안전운전불이행,젖음/습기,비,단일로 - 기타,승용,남,24세,경상,,,,