사고번호,사고일시,요일,시군구,사고내용,사망자수,중상자수,경상자수,부상신고자수,사고유형,법규위반,노면상태,기상상태,도로형태,가해운전자 차종,가해운전자 성별,가해운전자 연령,가해운전자 상해정도,피해운전자 차종,피해운전자 성별,피해운전자 연령,피해운전자 상해정도
2019101900100641,2019년 10월 19일 20시,토요일,울산광역시 북구 호계동,중상사고,0,1,0,0,차대사람 - 보도통행중,보행자보호의무위반,건조,맑음,교차로 - 교차로안,승용,남,27세,상해없음,보행자,여,57세,중상
2019101900100642,2019년 10월 19일 20시,토요일,울산광역시 남구 달동,중상사고,0,1,0,0,차대사람 - 횡단중,중앙선침범,건조,맑음,단일로 - 지하차도(도로)내,승용,남,48세,상해없음,보행자,여,58세,중상
2019101900100643,2019년 10월 19일 20시,토요일,울산광역시 동구 서부동,중상사고,0,2,0,0,차대차 - 측면충돌,신호위반,건조,맑음,교차로 - 교차로안,승용,남,47세,상해없음,승용,여,40세,중상
2019101900100671,2019년 10월 19일 21시,토요일,울산광역시 울주군 온산읍,부상신고사고,0,0,0,1,차대사람 - 기타,안전운전불이행,건조,맑음,단일로 - 기타,승용,남,22세,상해없음,보행자,남,43세,부상신고
2019102000100055,2019년 10월 20일 01시,일요일,울산광역시 남구 달동,경상사고,0,0,1,0,차대차 - 측면충돌,교차로운행방법위반,건조,맑음,교차로 - 교차로안,승용,남,36세,상해없음,승용,남,43세,경상
2019102000100071,2019년 10월 20일 02시,일요일,울산광역시 동구 화정동,경상사고,0,0,1,0,차대차 - 측면충돌,안전운전불이행,건조,맑음,단일로 - 기타,승용,남,36세,상해없음,승용,남,20세,상해없음
2019102000100105,2019년 10월 20일 06시,일요일,울산광역시 동구 전하동,중상사고,0,1,0,0,차대차 - 측면충돌,안전운전불이행,기타,맑음,교차로 - 교차로안,승용,남,23세,상해없음,이륜,남,33세,중상
2019102000100140,2019년 10월 20일 09시,일요일,울산광역시 남구 신정동,경상사고,0,0,1,0,차량단독 - 기타,안전운전불이행,건조,맑음,단일로 - 기타,승합,남,34세,상해없음,,,,
2019102000100335,2019년 10월 20일 15시,일요일,울산광역시 동구 일산동,경상사고,0,0,1,0,차대차 - 측면충돌,안전운전불이행,건조,맑음,교차로 - 교차로안,승용,남,40세,상해없음,승용,남,52세,경상
2019102000100371,2019년 10월 20일 16시,일요일,울산광역시 울주군 두서면,부상신고사고,0,0,0,1,차량단독 - 전도전복 - 전도,안전운전불이행,건조,맑음,단일로 - 기타,승용,여,41세,부상신고,,,,
2019102000100372,2019년 10월 20일 16시,일요일,울산광역시 울주군 청량읍,중상사고,0,1,0,0,차량단독 - 기타,안전운전불이행,건조,맑음,단일로 - 기타,승용,남,65세,중상,,,,
2019102000100563,2019년 10월 20일 23시,일요일,울산광역시 남구 신정동,경상사고,0,0,1,0,차대차 - 추돌,차로위반,건조,맑음,교차로 - 교차로안,이륜,남,24세,상해없음,승용,남,41세,경상
2019102000100564,2019년 10월 20일 23시,일요일,울산광역시 동구 일산동,경상사고,0,0,1,0,차량단독 - 기타,안전운전불이행,건조,맑음,교차로 - 교차로안,이륜,남,20세,상해없음,,,,
2019102000100565,2019년 10월 20일 23시,일요일,울산광역시 동구 방어동,경상사고,0,0,1,0,차대사람 - 기타,안전운전불이행,건조,맑음,단일로 - 기타,승용,남,36세,기타불명,보행자,여,36세,경상
2019102100100109,2019년 10월 21일 07시,월요일,울산광역시 중구 남외동,중상사고,0,1,0,0,차대차 - 추돌,안전운전불이행,건조,맑음,단일로 - 기타,화물,남,70세,상해없음,승용,여,54세,중상
2019102100100154,2019년 10월 21일 08시,월요일,울산광역시 중구 태화동,경상사고,0,0,1,0,차대차 - 추돌,안전운전불이행,건조,맑음,단일로 - 기타,승용,남,59세,상해없음,승용,남,53세,경상
2019102100100203,2019년 10월 21일 09시,월요일,울산광역시 중구 학산동,경상사고,0,0,1,0,차대차 - 기타,안전운전불이행,건조,맑음,단일로 - 기타,자전거,남,81세,상해없음,승합,남,28세,상해없음
2019102100100204,2019년 10월 21일 09시,월요일,울산광역시 남구 신정동,중상사고,0,1,0,0,차량단독 - 기타,안전운전불이행,건조,맑음,단일로 - 기타,승합,남,54세,상해없음,,,,
2019102100100283,2019년 10월 21일 11시,월요일,울산광역시 울주군 온산읍,경상사고,0,0,1,0,차대차 - 기타,신호위반,건조,맑음,교차로 - 교차로안,승용,여,56세,상해없음,이륜,남,50세,경상
2019102100100334,2019년 10월 21일 12시,월요일,울산광역시 남구 삼산동,경상사고,0,0,3,0,차대차 - 측면충돌,신호위반,건조,맑음,교차로 - 교차로안,승용,남,55세,경상,승용,여,63세,경상
2019102100100376,2019년 10월 21일 13시,월요일,울산광역시 남구 야음동,부상신고사고,0,0,0,1,차대사람 - 횡단중,안전운전불이행,건조,맑음,교차로 - 교차로안,승용,남,27세,상해없음,보행자,남,8세,부상신고
2019102100100608,2019년 10월 21일 18시,월요일,울산광역시 남구 무거동,중상사고,0,1,0,0,차대차 - 측면충돌,신호위반,건조,맑음,교차로 - 교차로부근,승용,남,42세,상해없음,이륜,남,21세,중상
2019102100100647,2019년 10월 21일 19시,월요일,울산광역시 울주군 범서읍,경상사고,0,0,1,0,차대차 - 정면충돌,안전운전불이행,건조,맑음,교차로 - 교차로부근,승용,남,65세,기타불명,승용,남,48세,경상
2019102100100670,2019년 10월 21일 20시,월요일,울산광역시 중구 다운동,경상사고,0,0,1,0,차대차 - 측면충돌,안전운전불이행,건조,맑음,단일로 - 기타,자전거,남,17세,경상,승용,여,26세,상해없음
2019102100100724,2019년 10월 21일 23시,월요일,울산광역시 울주군 삼남면,경상사고,0,0,1,0,차대차 - 측면충돌,안전운전불이행,건조,맑음,단일로 - 기타,기타불명,기타불명,미분류,기타불명,승용,남,31세,경상
2019102100100736,2019년 10월 21일 23시,월요일,울산광역시 북구 화봉동,경상사고,0,0,5,0,차대차 - 측면충돌,신호위반,건조,맑음,교차로 - 교차로안,승용,남,24세,상해없음,승용,남,53세,경상
2019102200100091,2019년 10월 22일 06시,화요일,울산광역시 동구 전하동,중상사고,0,1,0,0,차대사람 - 차도통행중,안전운전불이행,건조,맑음,단일로 - 기타,승용,여,42세,상해없음,보행자,남,58세,중상
2019102200100124,2019년 10월 22일 07시,화요일,울산광역시 중구 서동,경상사고,0,0,1,0,차대차 - 측면충돌,신호위반,건조,맑음,교차로 - 교차로안,승용,여,42세,상해없음,화물,남,24세,경상
2019102200100181,2019년 10월 22일 08시,화요일,울산광역시 북구 효문동,경상사고,0,0,1,1,차대차 - 측면충돌,차로위반,건조,맑음,단일로 - 기타,승용,여,31세,부상신고,승용,남,23세,경상
2019102200100210,2019년 10월 22일 09시,화요일,울산광역시 울주군 삼남면,경상사고,0,0,2,0,차대차 - 측면충돌,신호위반,건조,맑음,교차로 - 교차로안,승용,여,29세,경상,승용,남,30세,경상
2019102200100381,2019년 10월 22일 14시,화요일,울산광역시 북구 연암동,부상신고사고,0,0,0,1,차량단독 - 공작물충돌,안전운전불이행,건조,맑음,단일로 - 지하차도(도로)내,승용,여,44세,부상신고,,,,
2019102200100382,2019년 10월 22일 14시,화요일,울산광역시 중구 태화동,경상사고,0,0,1,0,차대사람 - 기타,안전운전불이행,건조,맑음,단일로 - 기타,승합,남,49세,상해없음,보행자,남,9세,경상
2019102200100419,2019년 10월 22일 15시,화요일,울산광역시 울주군 서생면,사망사고,1,0,1,0,차량단독 - 공작물충돌,안전운전불이행,건조,맑음,교차로 - 교차로안,승용,남,88세,경상,,,,
2019102200100574,2019년 10월 22일 18시,화요일,울산광역시 남구 신정동,경상사고,0,0,1,0,차대차 - 기타,차로위반,건조,맑음,교차로 - 교차로안,화물,여,43세,상해없음,승용,여,26세,경상
2019102200100575,2019년 10월 22일 18시,화요일,울산광역시 동구 전하동,중상사고,0,1,0,0,차대차 - 측면충돌,신호위반,젖음/습기,흐림,교차로 - 교차로안,승용,남,68세,상해없음,이륜,남,57세,중상
2019102200100576,2019년 10월 22일 18시,화요일,울산광역시 동구 전하동,경상사고,0,0,4,0,차대차 - 추돌,안전운전불이행,건조,맑음,단일로 - 기타,승용,남,32세,상해없음,승용,남,50세,경상
2019102200100577,2019년 10월 22일 18시,화요일,울산광역시 동구 화정동,경상사고,0,0,1,0,차대차 - 측면충돌,중앙선침범,건조,맑음,교차로 - 교차로안,자전거,남,50세,경상,승용,여,44세,상해없음
2019102200100640,2019년 10월 22일 19시,화요일,울산광역시 울주군 상북면,사망사고,1,0,0,0,차대사람 - 기타,안전운전불이행,건조,맑음,단일로 - 기타,화물,남,71세,상해없음,보행자,남,77세,사망
2019102300100048,2019년 10월 23일 00시,수요일,울산광역시 동구 화정동,중상사고,0,1,2,0,차량단독 - 공작물충돌,안전운전불이행,건조,맑음,단일로 - 기타,승용,남,23세,경상,,,,
2019102300100094,2019년 10월 23일 06시,수요일,울산광역시 남구 옥동,경상사고,0,0,2,0,차대차 - 추돌,안전운전불이행,건조,맑음,단일로 - 기타,승용,남,38세,기타불명,승용,여,53세,경상
2019102300100120,2019년 10월 23일 07시,수요일,울산광역시 남구 삼산동,부상신고사고,0,0,0,1,차대차 - 측면충돌,안전운전불이행,건조,맑음,단일로 - 기타,이륜,남,65세,부상신고,화물,남,61세,상해없음
2019102300100220,2019년 10월 23일 10시,수요일,울산광역시 북구 매곡동,사망사고,1,0,0,0,차대차 - 측면충돌,신호위반,건조,맑음,교차로 - 교차로안,이륜,남,75세,사망,화물,남,53세,상해없음
2019102300100221,2019년 10월 23일 10시,수요일,울산광역시 남구 야음동,경상사고,0,0,1,0,차대차 - 측면충돌,안전운전불이행,건조,맑음,교차로 - 교차로부근,승용,여,39세,상해없음,이륜,남,41세,경상
2019102300100254,2019년 10월 23일 11시,수요일,울산광역시 북구 호계동,중상사고,0,1,2,0,차대차 - 측면충돌,교차로운행방법위반,건조,맑음,단일로 - 기타,승용,남,72세,경상,승용,여,33세,중상
2019102300100283,2019년 10월 23일 12시,수요일,울산광역시 중구 학산동,중상사고,0,1,0,0,차대차 - 정면충돌,안전운전불이행,건조,맑음,단일로 - 기타,화물,남,62세,상해없음,자전거,여,74세,중상
2019102300100345,2019년 10월 23일 14시,수요일,울산광역시 남구 신정동,중상사고,0,1,0,0,차대사람 - 보도통행중,기타,건조,맑음,단일로 - 기타,승용,남,39세,상해없음,보행자,여,83세,중상
2019102300100381,2019년 10월 23일 15시,수요일,울산광역시 중구 태화동,경상사고,0,0,1,0,차대차 - 측면충돌,안전거리미확보,건조,맑음,단일로 - 기타,승용,남,60세,상해없음,승용,여,41세,경상
2019102300100382,2019년 10월 23일 15시,수요일,울산광역시 남구 달동,중상사고,0,1,0,0,차대차 - 측면충돌,중앙선침범,건조,맑음,단일로 - 기타,승용,남,73세,상해없음,이륜,남,27세,중상
2019102300100383,2019년 10월 23일 15시,수요일,울산광역시 북구 효문동,중상사고,0,1,0,0,차량단독 - 기타,기타,건조,맑음,단일로 - 기타,승합,남,51세,상해없음,,,,
2019102300100427,2019년 10월 23일 16시,수요일,울산광역시 남구 야음동,경상사고,0,0,1,0,차대차 - 측면충돌,안전거리미확보,건조,맑음,단일로 - 기타,승용,남,51세,상해없음,이륜,남,56세,경상
2019102300100468,2019년 10월 23일 17시,수요일,울산광역시 중구 남외동,경상사고,0,0,1,0,차대차 - 측면충돌,안전운전불이행,건조,맑음,교차로 - 교차로부근,이륜,남,47세,경상,화물,남,63세,상해없음
2019102300100582,2019년 10월 23일 19시,수요일,울산광역시 울주군 언양읍,경상사고,0,0,2,0,차대차 - 정면충돌,중앙선침범,건조,맑음,교차로 - 교차로부근,이륜,남,62세,경상,이륜,남,19세,경상
2019102300100608,2019년 10월 23일 20시,수요일,울산광역시 북구 효문동,경상사고,0,0,1,0,차대사람 - 차도통행중,안전운전불이행,건조,맑음,단일로 - 기타,승용,남,59세,상해없음,보행자,남,51세,경상
2019102300100609,2019년 10월 23일 20시,수요일,울산광역시 남구 삼산동,부상신고사고,0,0,0,1,차대차 - 측면충돌,안전운전불이행,건조,맑음,단일로 - 기타,화물,남,43세,상해없음,승용,여,24세,부상신고
2019102300100660,2019년 10월 23일 22시,수요일,울산광역시 남구 신정동,중상사고,0,1,0,0,차대차 - 기타,안전운전불이행,젖음/습기,흐림,단일로 - 기타,승용,남,55세,상해없음,이륜,남,43세,중상
2019102300100661,2019년 10월 23일 22시,수요일,울산광역시 울주군 온산읍,경상사고,0,0,2,0,차대차 - 기타,교차로운행방법위반,건조,흐림,교차로 - 교차로안,승용,남,43세,상해없음,승용,남,26세,경상
2019102400100036,2019년 10월 24일 00시,목요일,울산광역시 남구 야음동,중상사고,0,1,1,0,차대차 - 측면충돌,신호위반,건조,흐림,교차로 - 교차로안,승용,남,22세,상해없음,승용,남,44세,경상
2019102400100037,2019년 10월 24일 00시,목요일,울산광역시 북구 양정동,중상사고,0,1,0,0,차대차 - 측면충돌,중앙선침범,기타,비,단일로 - 기타,승용,남,47세,상해없음,이륜,남,56세,중상
2019102400100094,2019년 10월 24일 06시,목요일,울산광역시 남구 옥동,경상사고,0,0,2,0,차대차 - 측면충돌,교차로운행방법위반,건조,맑음,단일로 - 기타,승용,여,59세,상해없음,승용,남,54세,경상
2019102400100123,2019년 10월 24일 07시,목요일,울산광역시 동구 일산동,중상사고,0,1,0,0,차대차 - 측면충돌,안전운전불이행,건조,맑음,교차로 - 교차로안,승용,남,22세,상해없음,이륜,남,60세,중상
2019102400100200,2019년 10월 24일 09시,목요일,울산광역시 동구 일산동,중상사고,0,1,0,0,차대차 - 측면충돌,직진우회전진행방해,젖음/습기,비,교차로 - 교차로안,화물,남,37세,상해없음,이륜,여,78세,중상
2019102400100261,2019년 10월 24일 11시,목요일,울산광역시 울주군 범서읍,경상사고,0,0,2,0,차대차 - 추돌,안전거리미확보,젖음/습기,비,단일로 - 기타,승용,여,63세,경상,화물,남,42세,경상
2019102400100303,2019년 10월 24일 12시,목요일,울산광역시 남구 신정동,중상사고,0,1,0,0,차대사람 - 횡단중,보행자보호의무위반,젖음/습기,비,교차로 - 교차로안,승용,여,35세,상해없음,보행자,여,69세,중상
2019102400100304,2019년 10월 24일 12시,목요일,울산광역시 남구 달동,경상사고,0,0,1,0,차대사람 - 횡단중,보행자보호의무위반,젖음/습기,비,교차로 - 교차로횡단보도내,승용,남,47세,상해없음,보행자,남,29세,경상
2019102400100380,2019년 10월 24일 14시,목요일,울산광역시 북구 효문동,부상신고사고,0,0,0,1,차대차 - 추돌,안전거리미확보,젖음/습기,비,교차로 - 교차로부근,이륜,남,34세,부상신고,승용,여,52세,상해없음
2019102400100410,2019년 10월 24일 15시,목요일,울산광역시 동구 일산동,경상사고,0,0,1,0,차대사람 - 횡단중,안전운전불이행,젖음/습기,비,교차로 - 교차로부근,이륜,남,37세,기타불명,보행자,여,72세,경상
2019102400100587,2019년 10월 24일 18시,목요일,울산광역시 중구 서동,경상사고,0,0,1,0,차대사람 - 횡단중,보행자보호의무위반,젖음/습기,비,교차로 - 교차로부근,승용,여,49세,상해없음,보행자,여,21세,경상
2019102400100588,2019년 10월 24일 18시,목요일,울산광역시 중구 태화동,부상신고사고,0,0,0,1,차대차 - 추돌,안전운전불이행,젖음/습기,비,교차로 - 교차로안,이륜,남,16세,부상신고,승용,남,62세,상해없음
2019102400100589,2019년 10월 24일 18시,목요일,울산광역시 북구 달천동,중상사고,0,1,0,0,차대사람 - 횡단중,신호위반,젖음/습기,비,교차로 - 교차로횡단보도내,승용,남,56세,상해없음,보행자,여,11세,중상
2019102400100590,2019년 10월 24일 18시,목요일,울산광역시 남구 신정동,경상사고,0,0,1,0,차대차 - 추돌,안전운전불이행,건조,맑음,단일로 - 기타,승용,여,40세,상해없음,승용,남,33세,경상
2019102400100641,2019년 10월 24일 19시,목요일,울산광역시 북구 상안동,중상사고,0,1,0,0,차대차 - 기타,안전운전불이행,젖음/습기,비,교차로 - 교차로부근,승용,남,57세,상해없음,이륜,남,47세,중상
2019102400100691,2019년 10월 24일 20시,목요일,울산광역시 울주군 삼남면,중상사고,0,1,0,0,차대사람 - 횡단중,안전운전불이행,건조,흐림,단일로 - 지하차도(도로)내,승용,남,20세,상해없음,보행자,남,41세,중상
2019102400100720,2019년 10월 24일 21시,목요일,울산광역시 중구 교동,경상사고,0,0,1,0,차대차 - 추돌,안전거리미확보,젖음/습기,비,단일로 - 기타,승용,남,50세,상해없음,승용,여,64세,경상
2019102500100093,2019년 10월 25일 05시,금요일,울산광역시 중구 교동,경상사고,0,0,1,0,차대차 - 측면충돌,안전운전불이행,건조,맑음,교차로 - 교차로안,승용,남,59세,상해없음,승용,여,49세,경상
2019102500100133,2019년 10월 25일 07시,금요일,울산광역시 남구 선암동,경상사고,0,0,1,0,차대차 - 추돌,안전운전불이행,젖음/습기,흐림,단일로 - 지하차도(도로)내,승용,남,28세,상해없음,승용,남,51세,경상
2019102500100271,2019년 10월 25일 11시,금요일,울산광역시 중구 남외동,경상사고,0,0,1,0,차대사람 - 보도통행중,안전운전불이행,건조,맑음,단일로 - 기타,개인형이동수단(PM),남,39세,상해없음,보행자,여,62세,경상
2019102500100307,2019년 10월 25일 12시,금요일,울산광역시 남구 신정동,부상신고사고,0,0,0,1,차량단독 - 공작물충돌,안전운전불이행,건조,맑음,단일로 - 기타,승용,여,62세,부상신고,,,,
2019102500100408,2019년 10월 25일 15시,금요일,울산광역시 울주군 언양읍,경상사고,0,0,2,0,차대차 - 측면충돌,안전운전불이행,건조,맑음,단일로 - 기타,화물,남,70세,경상,승용,남,51세,경상
2019102500100442,2019년 10월 25일 15시,금요일,울산광역시 북구 화봉동,부상신고사고,0,0,0,1,차대차 - 측면충돌,안전운전불이행,건조,맑음,단일로 - 기타,자전거,남,56세,부상신고,승용,남,51세,상해없음
2019102500100443,2019년 10월 25일 15시,금요일,울산광역시 동구 일산동,중상사고,0,1,0,0,차대사람 - 기타,안전운전불이행,건조,맑음,교차로 - 교차로안,승용,남,60세,상해없음,보행자,남,76세,중상
2019102500100630,2019년 10월 25일 18시,금요일,울산광역시 남구 신정동,경상사고,0,0,2,0,차대차 - 기타,교차로운행방법위반,건조,맑음,교차로 - 교차로부근,승용,여,30세,상해없음,승용,여,69세,경상
2019102500100631,2019년 10월 25일 18시,금요일,울산광역시 동구 일산동,경상사고,0,0,1,0,차대사람 - 보도통행중,안전운전불이행,건조,맑음,기타 - 기타,자전거,기타불명,미분류,기타불명,보행자,남,45세,경상
2019102500100711,2019년 10월 25일 19시,금요일,울산광역시 남구 달동,경상사고,0,0,1,0,차대차 - 기타,안전운전불이행,건조,맑음,단일로 - 기타,이륜,남,30세,상해없음,승용,남,53세,상해없음
2019102500100753,2019년 10월 25일 20시,금요일,울산광역시 울주군 온산읍,경상사고,0,0,1,0,차대차 - 기타,직진우회전진행방해,건조,맑음,교차로 - 교차로안,승용,남,30세,상해없음,승용,남,46세,경상
2019102500100754,2019년 10월 25일 20시,금요일,울산광역시 울주군 언양읍,경상사고,0,0,1,2,차대차 - 추돌,안전거리미확보,건조,맑음,단일로 - 기타,승용,남,27세,기타불명,승용,남,30세,경상
2019102500100809,2019년 10월 25일 22시,금요일,울산광역시 남구 삼산동,중상사고,0,1,0,0,차대차 - 측면충돌,안전운전불이행,건조,맑음,교차로 - 교차로안,이륜,남,30세,중상,승용,남,48세,상해없음
2019102500100832,2019년 10월 25일 23시,금요일,울산광역시 동구 전하동,경상사고,0,0,1,0,차대사람 - 보도통행중,보행자보호의무위반,건조,맑음,교차로 - 교차로횡단보도내,승용,여,54세,상해없음,보행자,남,78세,경상
2019102600100117,2019년 10월 26일 06시,토요일,울산광역시 동구 화정동,경상사고,0,0,2,0,차대차 - 측면충돌,중앙선침범,건조,맑음,단일로 - 기타,이륜,남,18세,경상,승용,여,50세,경상
2019102600100118,2019년 10월 26일 06시,토요일,울산광역시 울주군 온산읍,중상사고,0,2,0,0,차대차 - 측면충돌,기타,건조,맑음,단일로 - 기타,특수,남,46세,상해없음,승용,남,60세,중상
2019102600100140,2019년 10월 26일 07시,토요일,울산광역시 동구 전하동,중상사고,0,1,0,0,차대차 - 측면충돌,직진우회전진행방해,건조,맑음,교차로 - 교차로안,승용,남,33세,상해없음,이륜,남,46세,중상
2019102600100163,2019년 10월 26일 08시,토요일,울산광역시 북구 상안동,중상사고,0,1,0,0,차대차 - 기타,안전거리미확보,건조,맑음,단일로 - 기타,승용,여,45세,상해없음,승용,여,38세,중상
2019102600100164,2019년 10월 26일 08시,토요일,울산광역시 울주군 온양읍,경상사고,0,0,1,0,차대차 - 추돌,안전거리미확보,건조,맑음,단일로 - 기타,화물,남,70세,상해없음,승용,남,38세,경상
2019102600100226,2019년 10월 26일 10시,토요일,울산광역시 동구 화정동,경상사고,0,0,1,0,차대차 - 측면충돌,안전운전불이행,기타,맑음,교차로 - 교차로안,이륜,남,75세,경상,승용,남,45세,상해없음
2019102600100353,2019년 10월 26일 13시,토요일,울산광역시 중구 반구동,경상사고,0,0,1,0,차대사람 - 횡단중,안전운전불이행,건조,맑음,교차로 - 교차로안,승용,여,54세,상해없음,보행자,여,72세,경상
2019102600100395,2019년 10월 26일 14시,토요일,울산광역시 남구 옥동,경상사고,0,0,1,0,차대차 - 기타,안전운전불이행,건조,맑음,단일로 - 지하차도(도로)내,기타불명,기타불명,미분류,기타불명,승용,여,64세,상해없음
2019102600100439,2019년 10월 26일 15시,토요일,울산광역시 남구 선암동,경상사고,0,0,1,0,차대차 - 추돌,안전운전불이행,건조,맑음,단일로 - 기타,승용,여,64세,상해없음,승용,남,31세,경상
2019102600100440,2019년 10월 26일 15시,토요일,울산광역시 울주군 온양읍,경상사고,0,0,1,0,차대사람 - 길가장자리구역통행중,안전운전불이행,건조,맑음,단일로 - 기타,승합,여,43세,상해없음,보행자,여,13세,경상
2019102600100517,2019년 10월 26일 17시,토요일,울산광역시 남구 달동,경상사고,0,0,1,0,차대차 - 기타,안전운전불이행,건조,맑음,단일로 - 지하차도(도로)내,승용,여,58세,상해없음,이륜,남,35세,경상
2019102600100644,2019년 10월 26일 20시,토요일,울산광역시 중구 성안동,중상사고,0,1,0,0,차대차 - 측면충돌,안전거리미확보,건조,맑음,단일로 - 기타,승용,여,56세,상해없음,이륜,남,51세,중상
2019102600100645,2019년 10월 26일 20시,토요일,울산광역시 울주군 범서읍,경상사고,0,0,1,0,차대사람 - 횡단중,안전운전불이행,건조,맑음,단일로 - 기타,승용,여,32세,상해없음,보행자,여,17세,경상
2019102600100672,2019년 10월 26일 21시,토요일,울산광역시 남구 야음동,중상사고,0,1,0,0,차대차 - 측면충돌,안전운전불이행,건조,맑음,단일로 - 기타,이륜,남,50세,중상,건설기계,남,51세,상해없음
2019102600100706,2019년 10월 26일 22시,토요일,울산광역시 동구 서부동,중상사고,0,1,0,0,차대차 - 측면충돌,신호위반,건조,맑음,단일로 - 기타,이륜,여,62세,중상,이륜,남,38세,상해없음
2019102700100095,2019년 10월 27일 03시,일요일,울산광역시 북구 천곡동,중상사고,0,1,0,0,차대차 - 추돌,안전운전불이행,건조,맑음,교차로 - 교차로안,이륜,남,16세,중상,화물,남,62세,기타불명
2019102700100096,2019년 10월 27일 03시,일요일,울산광역시 울주군 서생면,경상사고,0,0,1,0,차량단독 - 주/정차차량 충돌,안전운전불이행,건조,맑음,단일로 - 기타,승용,남,30세,상해없음,,,,
2019102700100140,2019년 10월 27일 07시,일요일,울산광역시 남구 달동,중상사고,0,1,0,0,차대사람 - 기타,안전운전불이행,건조,맑음,교차로 - 교차로횡단보도내,승용,남,69세,상해없음,보행자,여,29세,중상
2019102700100207,2019년 10월 27일 10시,일요일,울산광역시 중구 태화동,중상사고,0,1,2,0,차대차 - 측면충돌,안전거리미확보,건조,맑음,단일로 - 기타,승합,남,45세,상해없음,승합,남,52세,상해없음
2019102700100237,2019년 10월 27일 11시,일요일,울산광역시 울주군 삼남면,중상사고,0,1,0,0,차대차 - 측면충돌,안전운전불이행,건조,맑음,단일로 - 기타,승용,여,56세,상해없음,자전거,남,68세,중상
2019102700100271,2019년 10월 27일 12시,일요일,울산광역시 남구 신정동,중상사고,0,1,0,0,차대차 - 측면충돌,교차로운행방법위반,건조,맑음,교차로 - 교차로안,승용,남,68세,상해없음,이륜,남,48세,중상
2019102700100431,2019년 10월 27일 16시,일요일,울산광역시 북구 어물동,경상사고,0,0,2,0,차대차 - 추돌,안전운전불이행,건조,맑음,단일로 - 기타,승용,여,31세,경상,승용,남,69세,상해없음
2019102700100432,2019년 10월 27일 16시,일요일,울산광역시 울주군 범서읍,경상사고,0,0,5,0,차대차 - 추돌,안전거리미확보,건조,맑음,단일로 - 지하차도(도로)내,승용,남,49세,상해없음,승용,남,31세,경상
2019102700100510,2019년 10월 27일 18시,일요일,울산광역시 남구 달동,부상신고사고,0,0,0,1,차대사람 - 기타,안전운전불이행,건조,맑음,단일로 - 지하차도(도로)내,승합,남,63세,상해없음,보행자,여,60세,부상신고
2019102700100575,2019년 10월 27일 20시,일요일,울산광역시 동구 일산동,경상사고,0,0,1,0,차대사람 - 횡단중,안전운전불이행,건조,맑음,교차로 - 교차로안,승용,여,58세,상해없음,보행자,남,57세,경상
2019102700100576,2019년 10월 27일 20시,일요일,울산광역시 동구 서부동,경상사고,0,0,1,0,차대차 - 측면충돌,신호위반,건조,맑음,교차로 - 교차로안,승용,남,56세,기타불명,이륜,여,21세,경상
2019102700100609,2019년 10월 27일 21시,일요일,울산광역시 북구 천곡동,중상사고,0,1,0,0,차대차 - 기타,안전운전불이행,건조,맑음,교차로 - 교차로안,승용,남,21세,상해없음,이륜,남,17세,중상
2019102700100610,2019년 10월 27일 21시,일요일,울산광역시 울주군 언양읍,경상사고,0,0,1,0,차량단독 - 기타,안전운전불이행,건조,맑음,단일로 - 기타,승합,남,66세,상해없음,,,,
2019102800100042,2019년 10월 28일 02시,월요일,울산광역시 북구 양정동,사망사고,2,1,0,2,차량단독 - 기타,안전운전불이행,건조,맑음,단일로 - 기타,승용,남,15세,사망,,,,
2019102800100066,2019년 10월 28일 05시,월요일,울산광역시 남구 삼산동,경상사고,0,0,1,0,차대사람 - 횡단중,신호위반,건조,맑음,교차로 - 교차로횡단보도내,승용,여,40세,상해없음,보행자,남,68세,경상
2019102800100111,2019년 10월 28일 07시,월요일,울산광역시 울주군 온양읍,부상신고사고,0,0,0,1,차대차 - 측면충돌,직진우회전진행방해,건조,맑음,교차로 - 교차로안,승용,남,36세,상해없음,승용,남,54세,상해없음
2019102800100112,2019년 10월 28일 07시,월요일,울산광역시 울주군 온산읍,경상사고,0,0,3,0,차대차 - 추돌,안전운전불이행,건조,맑음,교차로 - 교차로부근,승용,남,35세,경상,승용,남,48세,경상
2019102800100388,2019년 10월 28일 14시,월요일,울산광역시 북구 양정동,경상사고,0,0,1,0,차대차 - 기타,안전운전불이행,건조,맑음,교차로 - 교차로안,개인형이동수단(PM),남,14세,경상,승용,여,52세,상해없음