사고번호,사고일시,요일,시군구,사고내용,사망자수,중상자수,경상자수,부상신고자수,사고유형,법규위반,노면상태,기상상태,도로형태,가해운전자 차종,가해운전자 성별,가해운전자 연령,가해운전자 상해정도,피해운전자 차종,피해운전자 성별,피해운전자 연령,피해운전자 상해정도
2019102800100466,2019년 10월 28일 16시,월요일,울산광역시 북구 양정동,부상신고사고,0,0,0,1,차대사람 - 기타,안전운전불이행,건조,맑음,교차로 - 교차로부근,승용,남,66세,상해없음,보행자,남,34세,부상신고
2019102800100517,2019년 10월 28일 17시,월요일,울산광역시 중구 다운동,중상사고,0,1,0,0,차대차 - 정면충돌,안전운전불이행,건조,맑음,교차로 - 교차로안,승용,여,38세,상해없음,자전거,남,15세,중상
2019102800100518,2019년 10월 28일 17시,월요일,울산광역시 남구 달동,중상사고,0,1,1,0,차대사람 - 횡단중,보행자보호의무위반,건조,맑음,교차로 - 교차로횡단보도내,승용,여,36세,상해없음,보행자,여,31세,중상
2019102800100585,2019년 10월 28일 18시,월요일,울산광역시 중구 학산동,부상신고사고,0,0,0,1,차량단독 - 공작물충돌,안전운전불이행,건조,맑음,교차로 - 교차로안,승용,남,29세,부상신고,,,,
2019102800100586,2019년 10월 28일 18시,월요일,울산광역시 북구 양정동,경상사고,0,0,1,0,차대차 - 측면충돌,중앙선침범,건조,맑음,교차로 - 교차로부근,화물,남,60세,기타불명,이륜,남,36세,경상
2019102800100622,2019년 10월 28일 19시,월요일,울산광역시 남구 신정동,경상사고,0,0,4,0,차대차 - 측면충돌,안전운전불이행,건조,맑음,교차로 - 교차로부근,승용,여,57세,상해없음,승합,남,47세,경상
2019102800100623,2019년 10월 28일 19시,월요일,울산광역시 울주군 서생면,경상사고,0,0,2,0,차대차 - 정면충돌,중앙선침범,건조,맑음,교차로 - 교차로안,승용,남,55세,경상,화물,남,41세,경상
2019102900100036,2019년 10월 29일 00시,화요일,울산광역시 중구 태화동,경상사고,0,0,1,0,차대차 - 추돌,안전거리미확보,건조,맑음,교차로 - 교차로부근,기타불명,기타불명,미분류,기타불명,승용,남,51세,경상
2019102900100037,2019년 10월 29일 00시,화요일,울산광역시 중구 학성동,경상사고,0,0,1,0,차대사람 - 횡단중,안전운전불이행,건조,맑음,교차로 - 교차로부근,승용,여,54세,상해없음,보행자,남,42세,경상
2019102900100038,2019년 10월 29일 00시,화요일,울산광역시 남구 야음동,중상사고,0,1,0,0,차대차 - 측면충돌,안전운전불이행,건조,맑음,단일로 - 기타,승용,남,69세,기타불명,승용,남,28세,중상
2019102900100127,2019년 10월 29일 07시,화요일,울산광역시 남구 달동,중상사고,0,1,0,0,차대사람 - 길가장자리구역통행중,안전운전불이행,건조,맑음,단일로 - 기타,승용,남,31세,상해없음,보행자,남,22세,중상
2019102900100128,2019년 10월 29일 07시,화요일,울산광역시 남구 무거동,중상사고,0,1,0,0,차대사람 - 횡단중,보행자보호의무위반,건조,맑음,단일로 - 기타,승용,남,54세,상해없음,보행자,여,53세,중상
2019102900100249,2019년 10월 29일 10시,화요일,울산광역시 울주군 언양읍,중상사고,0,1,0,1,차대차 - 기타,안전운전불이행,건조,맑음,단일로 - 기타,승용,남,23세,부상신고,화물,남,49세,중상
2019102900100346,2019년 10월 29일 13시,화요일,울산광역시 남구 옥동,부상신고사고,0,0,0,2,차대차 - 추돌,안전운전불이행,건조,맑음,교차로 - 교차로부근,화물,남,30세,상해없음,승용,남,56세,부상신고
2019102900100435,2019년 10월 29일 15시,화요일,울산광역시 남구 무거동,경상사고,0,0,3,0,차대차 - 측면충돌,안전거리미확보,건조,맑음,교차로 - 교차로부근,승용,남,69세,상해없음,승용,남,32세,경상
2019102900100527,2019년 10월 29일 17시,화요일,울산광역시 남구 삼산동,중상사고,0,1,0,0,차대사람 - 횡단중,보행자보호의무위반,건조,맑음,교차로 - 교차로횡단보도내,승용,여,37세,상해없음,보행자,여,11세,중상
2019102900100586,2019년 10월 29일 18시,화요일,울산광역시 남구 달동,경상사고,0,0,1,0,차대사람 - 횡단중,신호위반,건조,맑음,교차로 - 교차로안,기타불명,기타불명,미분류,기타불명,보행자,여,27세,경상
2019103000100045,2019년 10월 30일 00시,수요일,울산광역시 북구 연암동,중상사고,0,1,0,0,차대차 - 기타,중앙선침범,건조,맑음,단일로 - 기타,승용,남,51세,상해없음,이륜,남,45세,중상
2019103000100111,2019년 10월 30일 06시,수요일,울산광역시 북구 구유동,경상사고,0,0,2,0,차대차 - 정면충돌,중앙선침범,건조,맑음,단일로 - 기타,승용,여,53세,경상,승용,남,56세,경상
2019103000100238,2019년 10월 30일 09시,수요일,울산광역시 남구 옥동,중상사고,0,1,0,0,차대사람 - 보도통행중,보행자보호의무위반,건조,맑음,교차로 - 교차로안,승용,여,35세,상해없음,보행자,여,55세,중상
2019103000100336,2019년 10월 30일 12시,수요일,울산광역시 남구 야음동,경상사고,0,0,2,0,차대차 - 측면충돌,신호위반,건조,맑음,교차로 - 교차로안,승용,남,63세,상해없음,승용,남,27세,경상
2019103000100425,2019년 10월 30일 14시,수요일,울산광역시 중구 반구동,경상사고,0,0,1,0,차대차 - 측면충돌,안전운전불이행,건조,맑음,교차로 - 교차로안,승합,남,49세,상해없음,자전거,남,58세,경상
2019103000100426,2019년 10월 30일 14시,수요일,울산광역시 남구 삼산동,중상사고,0,3,1,0,차대차 - 측면충돌,안전운전불이행,건조,맑음,교차로 - 교차로안,이륜,남,17세,상해없음,승용,남,40세,중상
2019103000100524,2019년 10월 30일 16시,수요일,울산광역시 중구 태화동,경상사고,0,0,1,0,차대사람 - 횡단중,기타,건조,맑음,단일로 - 기타,자전거,남,14세,상해없음,보행자,여,51세,경상
2019103000100578,2019년 10월 30일 17시,수요일,울산광역시 북구 효문동,경상사고,0,0,1,0,차대차 - 측면충돌,안전거리미확보,건조,맑음,단일로 - 기타,승용,여,27세,경상,승용,남,55세,상해없음
2019103000100648,2019년 10월 30일 18시,수요일,울산광역시 중구 북정동,경상사고,0,0,1,0,차대차 - 측면충돌,교차로운행방법위반,건조,맑음,교차로 - 교차로안,화물,남,48세,상해없음,승용,여,57세,경상
2019103000100649,2019년 10월 30일 18시,수요일,울산광역시 남구 야음동,중상사고,0,1,0,0,차대사람 - 횡단중,안전운전불이행,건조,맑음,단일로 - 기타,승용,남,66세,상해없음,보행자,여,50세,중상
2019103000100650,2019년 10월 30일 18시,수요일,울산광역시 남구 달동,경상사고,0,0,1,0,차대사람 - 차도통행중,안전운전불이행,건조,맑음,단일로 - 기타,승용,여,32세,상해없음,보행자,남,8세,경상
2019103000100651,2019년 10월 30일 18시,수요일,울산광역시 남구 두왕동,경상사고,0,0,1,0,차대차 - 측면충돌,안전거리미확보,건조,맑음,단일로 - 기타,승용,남,61세,상해없음,승용,남,31세,경상
2019103000100652,2019년 10월 30일 18시,수요일,울산광역시 울주군 서생면,중상사고,0,1,0,0,차대사람 - 횡단중,보행자보호의무위반,건조,맑음,단일로 - 기타,승용,여,24세,상해없음,보행자,남,80세,중상
2019103000100737,2019년 10월 30일 20시,수요일,울산광역시 동구 일산동,경상사고,0,0,5,0,차대차 - 정면충돌,중앙선침범,건조,맑음,교차로 - 교차로부근,승용,남,40세,상해없음,승용,남,26세,경상
2019103000100809,2019년 10월 30일 23시,수요일,울산광역시 남구 신정동,부상신고사고,0,0,0,1,차대사람 - 차도통행중,안전운전불이행,건조,맑음,단일로 - 기타,승용,남,28세,상해없음,보행자,남,25세,부상신고
2019103000100810,2019년 10월 30일 23시,수요일,울산광역시 동구 화정동,경상사고,0,0,1,0,차대사람 - 기타,안전운전불이행,건조,맑음,교차로 - 교차로안,승용,남,28세,상해없음,보행자,여,21세,경상
2019103000100811,2019년 10월 30일 23시,수요일,울산광역시 울주군 언양읍,경상사고,0,0,1,0,차대사람 - 횡단중,보행자보호의무위반,건조,맑음,교차로 - 교차로횡단보도내,승합,남,55세,상해없음,보행자,남,58세,경상
2019103100100070,2019년 10월 31일 05시,목요일,울산광역시 남구 달동,중상사고,0,1,0,0,차대사람 - 횡단중,안전운전불이행,건조,맑음,교차로 - 교차로안,승용,남,61세,기타불명,보행자,남,42세,중상
2019103100100154,2019년 10월 31일 08시,목요일,울산광역시 북구 화봉동,경상사고,0,0,1,0,차대차 - 추돌,안전운전불이행,건조,맑음,단일로 - 기타,승용,여,35세,상해없음,승용,남,43세,경상
2019103100100155,2019년 10월 31일 08시,목요일,울산광역시 남구 무거동,경상사고,0,0,1,0,차대사람 - 길가장자리구역통행중,안전운전불이행,건조,맑음,교차로 - 교차로부근,승용,남,40세,상해없음,보행자,여,10세,경상
2019103100100156,2019년 10월 31일 08시,목요일,울산광역시 남구 달동,중상사고,0,1,0,0,차대사람 - 차도통행중,안전운전불이행,건조,맑음,단일로 - 기타,기타불명,기타불명,미분류,기타불명,보행자,남,77세,중상
2019103100100157,2019년 10월 31일 08시,목요일,울산광역시 동구 전하동,경상사고,0,0,1,0,차대사람 - 횡단중,보행자보호의무위반,건조,맑음,교차로 - 교차로부근,승용,남,32세,상해없음,보행자,남,6세,경상
2019103100100348,2019년 10월 31일 13시,목요일,울산광역시 동구 전하동,경상사고,0,0,1,0,차대사람 - 기타,안전운전불이행,건조,맑음,단일로 - 기타,승용,여,42세,상해없음,보행자,여,52세,경상
2019103100100382,2019년 10월 31일 14시,목요일,울산광역시 중구 성안동,경상사고,0,0,2,0,차대차 - 측면충돌,안전운전불이행,건조,맑음,단일로 - 기타,승용,남,68세,상해없음,승용,여,32세,기타불명
2019103100100418,2019년 10월 31일 15시,목요일,울산광역시 북구 신천동,경상사고,0,0,1,0,차대차 - 측면충돌,안전거리미확보,건조,맑음,단일로 - 기타,승용,여,64세,상해없음,승용,남,32세,경상
2019103100100527,2019년 10월 31일 17시,목요일,울산광역시 중구 다운동,중상사고,0,1,0,0,차대사람 - 횡단중,안전운전불이행,건조,맑음,단일로 - 기타,화물,남,52세,상해없음,보행자,여,77세,중상
2019103100100528,2019년 10월 31일 17시,목요일,울산광역시 울주군 범서읍,경상사고,0,0,2,0,차대차 - 기타,교차로운행방법위반,건조,맑음,교차로 - 교차로부근,승용,남,28세,상해없음,승용,남,77세,경상
2019103100100596,2019년 10월 31일 18시,목요일,울산광역시 북구 매곡동,경상사고,0,0,1,1,차대차 - 기타,직진우회전진행방해,건조,맑음,교차로 - 교차로안,이륜,남,34세,부상신고,화물,남,53세,경상
2019103100100632,2019년 10월 31일 19시,목요일,울산광역시 남구 신정동,부상신고사고,0,0,0,2,차대차 - 추돌,안전거리미확보,건조,맑음,교차로 - 교차로안,이륜,남,23세,상해없음,승용,남,66세,부상신고
2019103100100633,2019년 10월 31일 19시,목요일,울산광역시 남구 여천동,중상사고,0,1,0,0,차대차 - 측면충돌,신호위반,건조,맑음,교차로 - 교차로안,승용,남,50세,상해없음,승용,남,48세,중상
2019103100100668,2019년 10월 31일 20시,목요일,울산광역시 북구 산하동,경상사고,0,0,2,0,차대차 - 측면충돌,안전운전불이행,건조,맑음,교차로 - 교차로안,승용,남,60세,경상,승용,남,37세,경상
2019103100100724,2019년 10월 31일 22시,목요일,울산광역시 중구 우정동,경상사고,0,0,1,0,차대차 - 측면충돌,차로위반,건조,맑음,단일로 - 기타,승용,남,18세,상해없음,승용,남,39세,경상
2019110100100063,2019년 11월 1일 01시,금요일,울산광역시 남구 달동,경상사고,0,0,1,0,차대차 - 추돌,안전거리미확보,건조,맑음,교차로 - 교차로안,승용,남,24세,상해없음,승용,남,26세,경상
2019110100100070,2019년 11월 1일 02시,금요일,울산광역시 남구 삼산동,중상사고,0,2,0,0,차대차 - 추돌,안전운전불이행,건조,맑음,교차로 - 교차로부근,승용,남,37세,상해없음,승용,남,54세,중상
2019110100100392,2019년 11월 1일 13시,금요일,울산광역시 중구 태화동,경상사고,0,0,1,0,차대사람 - 횡단중,안전운전불이행,건조,맑음,교차로 - 교차로부근,화물,남,43세,상해없음,보행자,남,18세,경상
2019110100100436,2019년 11월 1일 14시,금요일,울산광역시 중구 학성동,경상사고,0,0,1,0,차대사람 - 기타,안전운전불이행,건조,맑음,단일로 - 기타,승용,남,63세,상해없음,보행자,남,50세,경상
2019110100100512,2019년 11월 1일 16시,금요일,울산광역시 남구 야음동,중상사고,0,1,0,0,차대사람 - 횡단중,보행자보호의무위반,건조,맑음,단일로 - 기타,승용,남,61세,상해없음,보행자,여,47세,중상
2019110100100634,2019년 11월 1일 18시,금요일,울산광역시 북구 매곡동,경상사고,0,0,1,0,차대차 - 측면충돌,안전운전불이행,건조,맑음,단일로 - 기타,이륜,남,26세,경상,화물,남,30세,상해없음
2019110100100635,2019년 11월 1일 18시,금요일,울산광역시 남구 삼산동,경상사고,0,0,1,0,차대차 - 측면충돌,안전운전불이행,건조,맑음,교차로 - 교차로안,이륜,남,23세,경상,승용,남,37세,상해없음
2019110100100695,2019년 11월 1일 19시,금요일,울산광역시 남구 야음동,경상사고,0,0,1,0,차대차 - 측면충돌,안전운전불이행,건조,맑음,교차로 - 교차로부근,이륜,남,43세,경상,화물,남,36세,상해없음
2019110100100731,2019년 11월 1일 20시,금요일,울산광역시 남구 신정동,경상사고,0,0,2,0,차대차 - 추돌,안전운전불이행,건조,맑음,교차로 - 교차로부근,승용,여,49세,상해없음,승용,남,25세,경상
2019110100100784,2019년 11월 1일 22시,금요일,울산광역시 남구 달동,부상신고사고,0,0,0,1,차대차 - 기타,중앙선침범,건조,맑음,단일로 - 기타,이륜,남,25세,상해없음,이륜,남,27세,부상신고
2019110200100201,2019년 11월 2일 09시,토요일,울산광역시 남구 신정동,경상사고,0,0,2,0,차대사람 - 횡단중,보행자보호의무위반,건조,맑음,교차로 - 교차로횡단보도내,승용,여,33세,상해없음,보행자,남,32세,경상
2019110200100414,2019년 11월 2일 14시,토요일,울산광역시 울주군 범서읍,경상사고,0,0,1,0,차대차 - 추돌,안전거리미확보,건조,맑음,단일로 - 기타,승용,여,39세,상해없음,승용,여,49세,경상
2019110200100495,2019년 11월 2일 16시,토요일,울산광역시 동구 서부동,중상사고,0,1,0,0,차대차 - 정면충돌,안전운전불이행,건조,맑음,단일로 - 기타,승용,여,41세,상해없음,이륜,남,56세,중상
2019110200100542,2019년 11월 2일 17시,토요일,울산광역시 울주군 온산읍,사망사고,1,0,1,0,차대차 - 정면충돌,중앙선침범,건조,맑음,단일로 - 기타,승용,여,37세,경상,승용,남,61세,사망
2019110200100602,2019년 11월 2일 18시,토요일,울산광역시 남구 신정동,중상사고,0,1,0,0,차대사람 - 횡단중,신호위반,건조,맑음,교차로 - 교차로안,승용,남,58세,상해없음,보행자,남,54세,중상
2019110200100649,2019년 11월 2일 19시,토요일,울산광역시 북구 연암동,경상사고,0,0,2,0,차대차 - 추돌,안전운전불이행,건조,맑음,교차로 - 교차로부근,화물,남,60세,상해없음,승용,남,26세,경상
2019110200100650,2019년 11월 2일 19시,토요일,울산광역시 중구 북정동,경상사고,0,0,1,0,차대사람 - 기타,안전운전불이행,건조,맑음,단일로 - 기타,승용,남,52세,상해없음,보행자,남,45세,경상
2019110200100651,2019년 11월 2일 19시,토요일,울산광역시 중구 반구동,중상사고,0,1,0,0,차대차 - 측면충돌,신호위반,건조,맑음,교차로 - 교차로안,승용,남,23세,상해없음,이륜,남,43세,중상
2019110200100684,2019년 11월 2일 20시,토요일,울산광역시 남구 상개동,중상사고,0,1,1,0,차대차 - 추돌,안전운전불이행,건조,맑음,교차로 - 교차로부근,화물,남,48세,상해없음,승용,남,54세,경상
2019110200100685,2019년 11월 2일 20시,토요일,울산광역시 북구 양정동,경상사고,0,0,1,0,차대사람 - 횡단중,신호위반,건조,맑음,교차로 - 교차로안,승용,남,59세,상해없음,보행자,남,14세,경상
2019110300100065,2019년 11월 3일 02시,일요일,울산광역시 남구 달동,중상사고,0,1,0,0,차대차 - 기타,안전운전불이행,건조,맑음,교차로 - 교차로부근,승용,남,61세,상해없음,자전거,남,22세,중상
2019110300100066,2019년 11월 3일 02시,일요일,울산광역시 울주군 언양읍,부상신고사고,0,0,0,1,차대차 - 기타,신호위반,건조,맑음,교차로 - 교차로안,승용,여,60세,부상신고,화물,남,34세,상해없음
2019110300100072,2019년 11월 3일 03시,일요일,울산광역시 남구 달동,중상사고,0,1,0,0,차대사람 - 횡단중,안전운전불이행,건조,맑음,교차로 - 교차로안,승용,남,70세,상해없음,보행자,남,47세,중상
2019110300100079,2019년 11월 3일 04시,일요일,울산광역시 남구 달동,경상사고,0,0,1,0,차대차 - 측면충돌,신호위반,건조,맑음,교차로 - 교차로안,승용,남,53세,상해없음,승용,남,39세,경상
2019110300100253,2019년 11월 3일 13시,일요일,울산광역시 남구 무거동,경상사고,0,0,2,0,차대차 - 추돌,안전운전불이행,건조,맑음,단일로 - 지하차도(도로)내,승용,남,76세,상해없음,승용,남,70세,경상
2019110300100329,2019년 11월 3일 15시,일요일,울산광역시 중구 다운동,경상사고,0,0,2,0,차대차 - 추돌,안전운전불이행,젖음/습기,비,단일로 - 기타,승용,남,53세,상해없음,승용,남,40세,경상
2019110300100389,2019년 11월 3일 17시,일요일,울산광역시 중구 약사동,경상사고,0,0,2,1,차대차 - 추돌,안전운전불이행,젖음/습기,비,단일로 - 기타,이륜,남,20세,부상신고,승용,여,48세,경상
2019110300100471,2019년 11월 3일 19시,일요일,울산광역시 중구 약사동,부상신고사고,0,0,0,1,차대차 - 추돌,안전운전불이행,건조,맑음,단일로 - 기타,이륜,남,18세,부상신고,승용,남,42세,상해없음
2019110300100526,2019년 11월 3일 22시,일요일,울산광역시 울주군 온양읍,경상사고,0,0,1,0,차대차 - 측면충돌,중앙선침범,건조,맑음,단일로 - 기타,화물,남,49세,상해없음,승용,남,50세,경상
2019110300100527,2019년 11월 3일 22시,일요일,울산광역시 울주군 서생면,경상사고,0,0,1,0,차대사람 - 길가장자리구역통행중,안전운전불이행,건조,맑음,단일로 - 기타,기타불명,기타불명,미분류,기타불명,보행자,남,41세,경상
2019110400100077,2019년 11월 4일 05시,월요일,울산광역시 북구 신천동,중상사고,0,1,0,0,차대사람 - 횡단중,보행자보호의무위반,건조,맑음,교차로 - 교차로안,승용,남,40세,상해없음,보행자,남,57세,중상
2019110400100124,2019년 11월 4일 07시,월요일,울산광역시 남구 신정동,경상사고,0,0,2,0,차대차 - 기타,신호위반,건조,맑음,교차로 - 교차로안,승용,여,65세,상해없음,승용,여,47세,경상
2019110400100299,2019년 11월 4일 11시,월요일,울산광역시 남구 매암동,경상사고,0,0,1,0,차대차 - 기타,안전운전불이행,건조,맑음,단일로 - 기타,승용,남,34세,상해없음,승용,여,33세,경상
2019110400100424,2019년 11월 4일 14시,월요일,울산광역시 동구 주전동,경상사고,0,0,1,0,차대차 - 측면충돌,안전운전불이행,건조,맑음,단일로 - 기타,화물,남,72세,상해없음,승용,여,63세,경상
2019110400100425,2019년 11월 4일 14시,월요일,울산광역시 울주군 온양읍,중상사고,0,1,0,0,차대차 - 측면충돌,안전운전불이행,건조,맑음,단일로 - 기타,화물,남,65세,상해없음,이륜,남,45세,중상
2019110400100580,2019년 11월 4일 17시,월요일,울산광역시 동구 방어동,경상사고,0,0,1,0,차대차 - 측면충돌,안전운전불이행,건조,맑음,단일로 - 기타,승용,남,63세,상해없음,이륜,남,26세,경상
2019110400100688,2019년 11월 4일 19시,월요일,울산광역시 중구 반구동,부상신고사고,0,0,0,1,차대차 - 기타,안전운전불이행,건조,맑음,단일로 - 기타,이륜,남,41세,부상신고,승용,남,28세,상해없음
2019110400100689,2019년 11월 4일 19시,월요일,울산광역시 남구 달동,경상사고,0,0,1,0,차대차 - 기타,신호위반,건조,맑음,단일로 - 지하차도(도로)내,이륜,남,16세,경상,승용,남,30세,상해없음
2019110400100748,2019년 11월 4일 21시,월요일,울산광역시 북구 화봉동,경상사고,0,0,1,0,차대사람 - 차도통행중,안전운전불이행,건조,맑음,단일로 - 기타,승용,남,39세,상해없음,보행자,남,50세,경상
2019110400100794,2019년 11월 4일 23시,월요일,울산광역시 남구 무거동,경상사고,0,0,2,0,차대차 - 기타,안전운전불이행,건조,맑음,교차로 - 교차로안,승용,남,27세,상해없음,승용,남,50세,경상
2019110500100127,2019년 11월 5일 07시,화요일,울산광역시 남구 선암동,중상사고,0,1,0,0,차대차 - 측면충돌,안전운전불이행,건조,맑음,교차로 - 교차로부근,특수,남,52세,상해없음,승용,남,34세,중상
2019110500100183,2019년 11월 5일 08시,화요일,울산광역시 중구 반구동,경상사고,0,0,2,0,차대차 - 추돌,안전거리미확보,건조,맑음,교차로 - 교차로부근,화물,남,67세,상해없음,승용,남,61세,경상
2019110500100268,2019년 11월 5일 10시,화요일,울산광역시 남구 삼산동,경상사고,0,0,1,0,차대차 - 측면충돌,신호위반,건조,맑음,교차로 - 교차로안,승용,남,58세,상해없음,승용,여,50세,경상
2019110500100427,2019년 11월 5일 14시,화요일,울산광역시 북구 양정동,중상사고,0,1,0,0,차대차 - 기타,안전운전불이행,건조,맑음,교차로 - 교차로부근,승합,남,55세,상해없음,승용,여,53세,중상
2019110500100464,2019년 11월 5일 15시,화요일,울산광역시 남구 달동,경상사고,0,0,2,0,차대차 - 측면충돌,안전거리미확보,건조,맑음,교차로 - 교차로안,승용,여,60세,경상,승용,남,36세,경상
2019110500100503,2019년 11월 5일 16시,화요일,울산광역시 남구 달동,경상사고,0,0,6,0,차대차 - 정면충돌,신호위반,건조,맑음,교차로 - 교차로안,승용,남,49세,상해없음,화물,남,44세,경상
2019110500100504,2019년 11월 5일 16시,화요일,울산광역시 울주군 언양읍,중상사고,0,2,1,0,차대차 - 추돌,안전거리미확보,건조,맑음,단일로 - 기타,화물,남,53세,상해없음,승용,여,46세,중상
2019110500100625,2019년 11월 5일 18시,화요일,울산광역시 북구 화봉동,부상신고사고,0,0,0,1,차대차 - 정면충돌,안전운전불이행,건조,맑음,단일로 - 기타,기타불명,기타불명,미분류,기타불명,자전거,남,17세,부상신고
2019110500100626,2019년 11월 5일 18시,화요일,울산광역시 동구 전하동,중상사고,0,1,0,0,차대차 - 측면충돌,신호위반,건조,맑음,교차로 - 교차로부근,승용,남,26세,상해없음,이륜,남,34세,중상
2019110500100658,2019년 11월 5일 19시,화요일,울산광역시 남구 삼산동,중상사고,0,1,0,0,차대차 - 측면충돌,안전운전불이행,건조,맑음,단일로 - 기타,승용,남,28세,상해없음,이륜,남,24세,중상
2019110500100659,2019년 11월 5일 19시,화요일,울산광역시 남구 삼산동,부상신고사고,0,0,0,1,차대사람 - 기타,안전운전불이행,건조,맑음,단일로 - 기타,기타불명,기타불명,미분류,기타불명,보행자,남,13세,부상신고
2019110500100718,2019년 11월 5일 21시,화요일,울산광역시 울주군 청량읍,경상사고,0,0,1,0,차대차 - 측면충돌,교차로운행방법위반,건조,맑음,교차로 - 교차로안,화물,남,57세,상해없음,승용,남,59세,경상
2019110500100739,2019년 11월 5일 22시,화요일,울산광역시 동구 방어동,중상사고,0,1,0,0,차대차 - 측면충돌,중앙선침범,건조,맑음,단일로 - 기타,승용,여,49세,상해없음,승용,여,60세,중상
2019110500100756,2019년 11월 5일 23시,화요일,울산광역시 중구 복산동,경상사고,0,0,1,0,차대차 - 측면충돌,안전거리미확보,건조,맑음,단일로 - 기타,승용,남,54세,상해없음,승용,여,51세,경상
2019110600100057,2019년 11월 6일 02시,수요일,울산광역시 울주군 온양읍,부상신고사고,0,0,0,1,차대사람 - 횡단중,안전운전불이행,건조,맑음,단일로 - 기타,승용,여,53세,상해없음,보행자,남,55세,부상신고
2019110600100158,2019년 11월 6일 08시,수요일,울산광역시 남구 야음동,중상사고,0,1,0,0,차대사람 - 기타,안전운전불이행,건조,맑음,교차로 - 교차로안,승용,남,31세,상해없음,보행자,여,66세,중상
2019110600100159,2019년 11월 6일 08시,수요일,울산광역시 울주군 언양읍,중상사고,0,1,1,0,차대차 - 추돌,안전운전불이행,건조,맑음,단일로 - 기타,승용,남,27세,상해없음,승용,여,60세,중상
2019110600100243,2019년 11월 6일 10시,수요일,울산광역시 북구 진장동,중상사고,0,3,1,1,차대차 - 추돌,안전거리미확보,건조,맑음,교차로 - 교차로부근,화물,남,49세,상해없음,승용,여,60세,중상
2019110600100314,2019년 11월 6일 12시,수요일,울산광역시 남구 달동,중상사고,0,1,0,0,차대차 - 기타,직진우회전진행방해,건조,맑음,교차로 - 교차로안,승용,남,35세,상해없음,자전거,남,86세,중상
2019110600100342,2019년 11월 6일 13시,수요일,울산광역시 울주군 청량읍,경상사고,0,0,1,0,차대차 - 측면충돌,교차로운행방법위반,건조,맑음,교차로 - 교차로안,화물,남,38세,상해없음,승용,여,30세,경상
2019110600100427,2019년 11월 6일 15시,수요일,울산광역시 남구 여천동,부상신고사고,0,0,0,1,차대차 - 측면충돌,안전운전불이행,건조,맑음,교차로 - 교차로부근,이륜,남,28세,부상신고,승용,남,28세,상해없음
2019110600100428,2019년 11월 6일 15시,수요일,울산광역시 울주군 범서읍,중상사고,0,1,0,0,차대사람 - 횡단중,안전운전불이행,건조,맑음,단일로 - 기타,승용,여,54세,상해없음,보행자,남,88세,중상
2019110600100474,2019년 11월 6일 16시,수요일,울산광역시 북구 신천동,경상사고,0,0,1,0,차대사람 - 기타,안전운전불이행,건조,맑음,기타 - 기타,승용,남,56세,상해없음,보행자,남,8세,경상
2019110600100475,2019년 11월 6일 16시,수요일,울산광역시 동구 일산동,경상사고,0,0,1,0,차대차 - 정면충돌,신호위반,건조,맑음,교차로 - 교차로안,화물,남,22세,상해없음,이륜,남,39세,경상
2019110600100530,2019년 11월 6일 17시,수요일,울산광역시 남구 신정동,경상사고,0,0,1,0,차대차 - 기타,차로위반,건조,맑음,단일로 - 기타,이륜,남,33세,상해없음,승용,여,61세,상해없음
2019110600100646,2019년 11월 6일 19시,수요일,울산광역시 동구 전하동,경상사고,0,0,1,0,차대차 - 기타,안전운전불이행,기타,기타,단일로 - 기타,승용,남,39세,기타불명,이륜,남,36세,경상
2019110600100709,2019년 11월 6일 21시,수요일,울산광역시 남구 선암동,경상사고,0,0,1,0,차대차 - 추돌,안전운전불이행,건조,맑음,교차로 - 교차로부근,승용,남,52세,상해없음,승용,여,63세,경상
2019110700100091,2019년 11월 7일 06시,목요일,울산광역시 남구 무거동,경상사고,0,0,1,0,차대사람 - 횡단중,안전운전불이행,건조,맑음,교차로 - 교차로부근,승용,남,47세,상해없음,보행자,여,27세,경상
2019110700100115,2019년 11월 7일 07시,목요일,울산광역시 중구 태화동,경상사고,0,0,1,0,차대차 - 추돌,안전거리미확보,건조,맑음,단일로 - 기타,승용,남,17세,상해없음,화물,남,60세,경상
2019110700100172,2019년 11월 7일 08시,목요일,울산광역시 남구 옥동,경상사고,0,0,1,0,차대차 - 측면충돌,안전운전불이행,건조,맑음,단일로 - 기타,승용,여,35세,상해없음,자전거,남,76세,경상
2019110700100173,2019년 11월 7일 08시,목요일,울산광역시 남구 달동,경상사고,0,0,1,0,차대차 - 측면충돌,직진우회전진행방해,건조,맑음,교차로 - 교차로안,승용,여,38세,기타불명,승용,남,27세,경상