사고번호,사고일시,요일,시군구,사고내용,사망자수,중상자수,경상자수,부상신고자수,사고유형,법규위반,노면상태,기상상태,도로형태,가해운전자 차종,가해운전자 성별,가해운전자 연령,가해운전자 상해정도,피해운전자 차종,피해운전자 성별,피해운전자 연령,피해운전자 상해정도
2019110700100207,2019년 11월 7일 09시,목요일,울산광역시 남구 야음동,중상사고,0,1,0,0,차대차 - 기타,안전운전불이행,건조,맑음,단일로 - 기타,승용,여,53세,상해없음,자전거,남,28세,중상
2019110700100321,2019년 11월 7일 12시,목요일,울산광역시 남구 달동,중상사고,0,1,0,0,차대차 - 기타,안전운전불이행,건조,맑음,단일로 - 기타,승용,남,51세,상해없음,자전거,남,79세,중상
2019110700100365,2019년 11월 7일 13시,목요일,울산광역시 남구 무거동,경상사고,0,0,1,0,차대차 - 기타,안전운전불이행,건조,맑음,단일로 - 기타,승용,남,61세,상해없음,승용,여,41세,경상
2019110700100436,2019년 11월 7일 15시,목요일,울산광역시 동구 방어동,중상사고,0,1,0,0,차대차 - 측면충돌,신호위반,건조,맑음,단일로 - 기타,이륜,남,43세,상해없음,자전거,남,79세,중상
2019110700100437,2019년 11월 7일 15시,목요일,울산광역시 동구 서부동,중상사고,0,1,0,0,차대사람 - 횡단중,안전운전불이행,건조,맑음,교차로 - 교차로횡단보도내,승용,남,39세,상해없음,보행자,여,73세,중상
2019110700100493,2019년 11월 7일 16시,목요일,울산광역시 남구 삼산동,사망사고,1,0,0,0,차량단독 - 전도전복 - 전도,안전운전불이행,건조,맑음,교차로 - 교차로부근,이륜,남,26세,사망,,,,
2019110700100535,2019년 11월 7일 17시,목요일,울산광역시 울주군 온산읍,중상사고,0,1,0,0,차대차 - 측면충돌,신호위반,건조,맑음,교차로 - 교차로안,승용,여,31세,상해없음,이륜,남,35세,중상
2019110700100603,2019년 11월 7일 18시,목요일,울산광역시 중구 다운동,경상사고,0,0,1,1,차대차 - 측면충돌,직진우회전진행방해,건조,맑음,교차로 - 교차로안,승합,남,58세,부상신고,승용,남,34세,경상
2019110700100604,2019년 11월 7일 18시,목요일,울산광역시 동구 방어동,경상사고,0,0,2,0,차대차 - 정면충돌,신호위반,건조,맑음,교차로 - 교차로안,이륜,남,42세,경상,이륜,남,39세,경상
2019110700100655,2019년 11월 7일 19시,목요일,울산광역시 울주군 언양읍,중상사고,0,1,0,0,차대사람 - 보도통행중,안전운전불이행,건조,맑음,단일로 - 기타,화물,남,39세,상해없음,보행자,남,62세,중상
2019110700100690,2019년 11월 7일 20시,목요일,울산광역시 남구 야음동,중상사고,0,1,0,0,차대사람 - 기타,안전운전불이행,건조,맑음,단일로 - 기타,승용,남,20세,상해없음,보행자,남,62세,중상
2019110700100728,2019년 11월 7일 21시,목요일,울산광역시 북구 호계동,부상신고사고,0,0,0,1,차대차 - 측면충돌,교차로운행방법위반,건조,맑음,교차로 - 교차로안,이륜,남,19세,부상신고,승용,남,36세,상해없음
2019110700100753,2019년 11월 7일 22시,목요일,울산광역시 중구 학산동,경상사고,0,0,1,0,차대차 - 추돌,안전운전불이행,건조,맑음,단일로 - 기타,승용,남,35세,상해없음,승합,남,51세,경상
2019110700100754,2019년 11월 7일 22시,목요일,울산광역시 북구 연암동,중상사고,0,2,3,0,차대차 - 추돌,안전운전불이행,건조,맑음,교차로 - 교차로부근,승용,남,48세,상해없음,승용,여,36세,중상
2019110700100755,2019년 11월 7일 22시,목요일,울산광역시 남구 무거동,경상사고,0,0,1,0,차대차 - 기타,안전운전불이행,건조,맑음,단일로 - 기타,승용,남,30세,상해없음,이륜,남,34세,경상
2019110800100063,2019년 11월 8일 03시,금요일,울산광역시 중구 반구동,중상사고,0,1,2,1,차대차 - 측면충돌,신호위반,건조,맑음,교차로 - 교차로안,승용,남,45세,부상신고,승용,남,60세,중상
2019110800100097,2019년 11월 8일 06시,금요일,울산광역시 울주군 청량읍,중상사고,0,1,0,0,차대차 - 측면충돌,교차로운행방법위반,건조,맑음,교차로 - 교차로안,승용,여,50세,상해없음,이륜,남,55세,중상
2019110800100136,2019년 11월 8일 07시,금요일,울산광역시 북구 매곡동,경상사고,0,0,1,0,차대차 - 측면충돌,신호위반,건조,맑음,교차로 - 교차로안,화물,남,38세,상해없음,승용,여,46세,경상
2019110800100137,2019년 11월 8일 07시,금요일,울산광역시 동구 서부동,경상사고,0,0,1,0,차대차 - 정면충돌,신호위반,건조,맑음,교차로 - 교차로부근,이륜,남,35세,상해없음,이륜,남,38세,경상
2019110800100138,2019년 11월 8일 07시,금요일,울산광역시 울주군 온양읍,경상사고,0,0,1,0,차대사람 - 횡단중,안전운전불이행,건조,맑음,교차로 - 교차로횡단보도내,승용,남,35세,상해없음,보행자,여,68세,경상
2019110800100393,2019년 11월 8일 13시,금요일,울산광역시 중구 반구동,경상사고,0,0,1,0,차대차 - 측면충돌,안전운전불이행,건조,맑음,교차로 - 교차로횡단보도내,승용,남,68세,상해없음,자전거,남,55세,경상
2019110800100442,2019년 11월 8일 14시,금요일,울산광역시 울주군 서생면,중상사고,0,1,0,0,차량단독 - 기타,안전운전불이행,건조,맑음,단일로 - 기타,승합,남,45세,상해없음,,,,
2019110800100586,2019년 11월 8일 17시,금요일,울산광역시 북구 명촌동,중상사고,0,1,3,0,차대차 - 측면충돌,안전거리미확보,건조,맑음,단일로 - 기타,승용,남,28세,상해없음,승용,남,33세,경상
2019110800100587,2019년 11월 8일 17시,금요일,울산광역시 남구 무거동,경상사고,0,0,3,0,차대차 - 측면충돌,안전운전불이행,건조,맑음,단일로 - 기타,승용,남,22세,경상,승용,여,37세,경상
2019110800100588,2019년 11월 8일 17시,금요일,울산광역시 동구 방어동,경상사고,0,0,1,0,차대차 - 측면충돌,신호위반,건조,맑음,교차로 - 교차로안,자전거,남,13세,경상,승용,남,62세,상해없음
2019110800100665,2019년 11월 8일 18시,금요일,울산광역시 울주군 언양읍,중상사고,0,1,0,0,차대사람 - 횡단중,보행자보호의무위반,건조,맑음,단일로 - 기타,승용,남,59세,상해없음,보행자,여,69세,중상
2019110800100721,2019년 11월 8일 19시,금요일,울산광역시 동구 방어동,경상사고,0,0,1,0,차대차 - 기타,안전운전불이행,기타,기타,교차로 - 교차로안,승용,남,28세,상해없음,이륜,남,56세,경상
2019110800100752,2019년 11월 8일 20시,금요일,울산광역시 울주군 상북면,경상사고,0,0,1,0,차량단독 - 기타,안전운전불이행,건조,맑음,단일로 - 기타,승용,남,44세,경상,,,,
2019110800100844,2019년 11월 8일 23시,금요일,울산광역시 북구 매곡동,경상사고,0,0,1,0,차대차 - 정면충돌,중앙선침범,건조,맑음,교차로 - 교차로안,승용,남,41세,상해없음,승용,남,55세,경상
2019110900100056,2019년 11월 9일 01시,토요일,울산광역시 동구 전하동,경상사고,0,0,1,0,차대차 - 추돌,신호위반,건조,맑음,단일로 - 기타,승용,남,33세,상해없음,이륜,남,18세,경상
2019110900100093,2019년 11월 9일 04시,토요일,울산광역시 남구 삼산동,중상사고,0,1,0,0,차대사람 - 횡단중,안전거리미확보,건조,맑음,교차로 - 교차로안,이륜,남,27세,상해없음,보행자,여,19세,중상
2019110900100109,2019년 11월 9일 05시,토요일,울산광역시 남구 무거동,경상사고,0,0,1,0,차대차 - 측면충돌,중앙선침범,건조,맑음,단일로 - 기타,승용,여,46세,상해없음,승용,남,26세,경상
2019110900100110,2019년 11월 9일 05시,토요일,울산광역시 울주군 온산읍,부상신고사고,0,0,0,1,차대사람 - 기타,안전운전불이행,건조,맑음,단일로 - 지하차도(도로)내,승합,남,39세,상해없음,보행자,남,55세,부상신고
2019110900100132,2019년 11월 9일 07시,토요일,울산광역시 중구 성안동,중상사고,0,1,0,0,차대차 - 추돌,안전운전불이행,건조,맑음,단일로 - 기타,승용,여,44세,상해없음,승용,여,67세,중상
2019110900100133,2019년 11월 9일 07시,토요일,울산광역시 남구 삼산동,중상사고,0,1,0,0,차대사람 - 기타,안전운전불이행,건조,맑음,미분류 - 미분류,기타불명,기타불명,미분류,기타불명,보행자,남,64세,중상
2019110900100134,2019년 11월 9일 07시,토요일,울산광역시 북구 산하동,경상사고,0,0,4,0,차대차 - 측면충돌,안전거리미확보,건조,맑음,단일로 - 기타,승용,여,55세,경상,승용,여,58세,경상
2019110900100203,2019년 11월 9일 09시,토요일,울산광역시 중구 성안동,중상사고,0,1,0,0,차대사람 - 횡단중,안전운전불이행,건조,맑음,교차로 - 교차로안,승용,여,54세,상해없음,보행자,여,64세,중상
2019110900100336,2019년 11월 9일 12시,토요일,울산광역시 남구 무거동,경상사고,0,0,1,0,차대차 - 측면충돌,안전거리미확보,건조,맑음,단일로 - 기타,승용,남,41세,상해없음,승용,여,28세,경상
2019110900100380,2019년 11월 9일 13시,토요일,울산광역시 중구 유곡동,경상사고,0,0,1,0,차대사람 - 횡단중,보행자보호의무위반,건조,맑음,교차로 - 교차로횡단보도내,화물,남,61세,상해없음,보행자,여,30세,경상
2019110900100427,2019년 11월 9일 14시,토요일,울산광역시 동구 화정동,중상사고,0,1,0,0,차대사람 - 횡단중,보행자보호의무위반,건조,맑음,교차로 - 교차로부근,승용,여,55세,상해없음,보행자,여,52세,중상
2019110900100621,2019년 11월 9일 18시,토요일,울산광역시 남구 신정동,경상사고,0,0,1,0,차대차 - 추돌,안전운전불이행,건조,맑음,교차로 - 교차로부근,이륜,남,29세,경상,승용,남,35세,상해없음
2019110900100622,2019년 11월 9일 18시,토요일,울산광역시 북구 양정동,경상사고,0,0,1,0,차량단독 - 기타,안전운전불이행,건조,맑음,단일로 - 기타,승합,남,35세,상해없음,,,,
2019110900100650,2019년 11월 9일 19시,토요일,울산광역시 남구 야음동,경상사고,0,0,1,0,차대사람 - 길가장자리구역통행중,안전운전불이행,건조,맑음,교차로 - 교차로안,승용,남,33세,상해없음,보행자,남,14세,경상
2019110900100678,2019년 11월 9일 20시,토요일,울산광역시 북구 호계동,경상사고,0,0,3,0,차대차 - 측면충돌,신호위반,건조,맑음,단일로 - 기타,이륜,남,17세,상해없음,승용,남,36세,경상
2019110900100705,2019년 11월 9일 21시,토요일,울산광역시 중구 학성동,경상사고,0,0,1,0,차대사람 - 기타,안전운전불이행,건조,맑음,교차로 - 교차로횡단보도내,승용,남,65세,상해없음,보행자,남,49세,경상
2019110900100741,2019년 11월 9일 23시,토요일,울산광역시 남구 삼산동,경상사고,0,0,3,0,차대차 - 추돌,안전운전불이행,건조,맑음,교차로 - 교차로부근,화물,여,54세,상해없음,승용,남,52세,상해없음
2019111000100092,2019년 11월 10일 04시,일요일,울산광역시 중구 태화동,경상사고,0,0,1,0,차대사람 - 기타,안전운전불이행,건조,맑음,단일로 - 기타,개인형이동수단(PM),남,19세,상해없음,보행자,여,74세,경상
2019111000100381,2019년 11월 10일 17시,일요일,울산광역시 중구 반구동,경상사고,0,0,3,0,차대차 - 측면충돌,안전운전불이행,건조,맑음,교차로 - 교차로안,승용,남,59세,상해없음,승용,남,32세,경상
2019111000100434,2019년 11월 10일 18시,일요일,울산광역시 중구 학성동,경상사고,0,0,1,0,차대차 - 측면충돌,신호위반,건조,맑음,교차로 - 교차로횡단보도내,이륜,남,48세,상해없음,이륜,남,71세,경상
2019111000100507,2019년 11월 10일 19시,일요일,울산광역시 북구 창평동,중상사고,0,1,0,0,차대사람 - 기타,안전운전불이행,건조,맑음,단일로 - 기타,화물,남,61세,상해없음,보행자,남,62세,중상
2019111100100043,2019년 11월 11일 00시,월요일,울산광역시 남구 달동,사망사고,1,0,0,0,차대사람 - 기타,안전운전불이행,젖음/습기,비,단일로 - 기타,승용,남,23세,상해없음,보행자,남,45세,사망
2019111100100051,2019년 11월 11일 01시,월요일,울산광역시 북구 염포동,중상사고,0,1,0,0,차대차 - 추돌,안전운전불이행,건조,맑음,단일로 - 기타,승용,남,29세,상해없음,승용,남,48세,중상
2019111100100136,2019년 11월 11일 07시,월요일,울산광역시 동구 일산동,경상사고,0,0,1,0,차대차 - 측면충돌,신호위반,건조,맑음,교차로 - 교차로안,이륜,남,38세,경상,승용,남,29세,상해없음
2019111100100184,2019년 11월 11일 08시,월요일,울산광역시 동구 방어동,부상신고사고,0,0,0,2,차대차 - 정면충돌,안전운전불이행,기타,맑음,교차로 - 교차로안,이륜,남,69세,부상신고,승용,여,33세,부상신고
2019111100100268,2019년 11월 11일 10시,월요일,울산광역시 동구 방어동,경상사고,0,0,1,0,차대차 - 측면충돌,안전운전불이행,건조,맑음,기타 - 기타,이륜,남,66세,경상,승용,남,62세,상해없음
2019111100100350,2019년 11월 11일 12시,월요일,울산광역시 울주군 웅촌면,경상사고,0,0,1,1,차대차 - 측면충돌,교차로운행방법위반,건조,맑음,교차로 - 교차로안,승용,여,69세,경상,승합,남,43세,부상신고
2019111100100564,2019년 11월 11일 17시,월요일,울산광역시 동구 일산동,경상사고,0,0,1,0,차대사람 - 횡단중,안전운전불이행,건조,맑음,교차로 - 교차로안,승용,여,37세,상해없음,보행자,남,62세,경상
2019111100100620,2019년 11월 11일 18시,월요일,울산광역시 남구 옥동,경상사고,0,0,2,0,차대차 - 추돌,안전운전불이행,건조,맑음,단일로 - 지하차도(도로)내,승용,남,71세,상해없음,승용,여,52세,경상
2019111100100621,2019년 11월 11일 18시,월요일,울산광역시 울주군 범서읍,경상사고,0,0,1,0,차대사람 - 횡단중,안전운전불이행,건조,맑음,교차로 - 교차로부근,승용,여,59세,상해없음,보행자,여,57세,경상
2019111100100622,2019년 11월 11일 18시,월요일,울산광역시 울주군 온산읍,경상사고,0,0,1,0,차대차 - 추돌,안전운전불이행,건조,맑음,단일로 - 기타,이륜,여,56세,경상,화물,남,55세,상해없음
2019111100100659,2019년 11월 11일 19시,월요일,울산광역시 남구 선암동,부상신고사고,0,0,0,2,차대차 - 추돌,안전운전불이행,건조,맑음,단일로 - 기타,승합,남,22세,상해없음,승용,남,28세,부상신고
2019111100100660,2019년 11월 11일 19시,월요일,울산광역시 북구 정자동,중상사고,0,1,0,0,차대차 - 측면충돌,직진우회전진행방해,건조,맑음,교차로 - 교차로안,승용,여,53세,상해없음,이륜,남,18세,중상
2019111100100661,2019년 11월 11일 19시,월요일,울산광역시 울주군 청량읍,경상사고,0,0,1,0,차량단독 - 공작물충돌,안전운전불이행,건조,맑음,단일로 - 기타,화물,남,58세,경상,,,,
2019111100100726,2019년 11월 11일 21시,월요일,울산광역시 남구 신정동,경상사고,0,0,1,0,차대차 - 기타,교차로운행방법위반,건조,맑음,교차로 - 교차로안,승용,남,26세,상해없음,승용,여,59세,경상
2019111100100767,2019년 11월 11일 23시,월요일,울산광역시 북구 산하동,경상사고,0,0,1,0,차대차 - 기타,안전운전불이행,건조,맑음,교차로 - 교차로안,승용,남,64세,상해없음,이륜,남,36세,경상
2019111200100036,2019년 11월 12일 00시,화요일,울산광역시 북구 신천동,경상사고,0,0,1,0,차대차 - 추돌,안전운전불이행,건조,맑음,단일로 - 기타,자전거,남,43세,상해없음,자전거,남,55세,경상
2019111200100162,2019년 11월 12일 08시,화요일,울산광역시 남구 옥동,중상사고,0,2,0,0,차대차 - 기타,신호위반,건조,맑음,단일로 - 기타,승용,남,42세,상해없음,승용,남,51세,중상
2019111200100199,2019년 11월 12일 09시,화요일,울산광역시 울주군 웅촌면,중상사고,0,1,1,0,차대사람 - 차도통행중,안전운전불이행,건조,맑음,단일로 - 지하차도(도로)내,승합,남,41세,상해없음,보행자,여,15세,중상
2019111200100257,2019년 11월 12일 11시,화요일,울산광역시 중구 반구동,경상사고,0,0,2,0,차대차 - 측면충돌,신호위반,건조,맑음,교차로 - 교차로부근,승용,남,43세,경상,승합,남,43세,경상
2019111200100347,2019년 11월 12일 14시,화요일,울산광역시 울주군 언양읍,중상사고,0,1,1,0,차대차 - 추돌,안전거리미확보,건조,맑음,교차로 - 교차로안,화물,남,69세,중상,화물,남,30세,경상
2019111200100473,2019년 11월 12일 17시,화요일,울산광역시 북구 신현동,경상사고,0,0,1,0,차대차 - 측면충돌,안전운전불이행,건조,맑음,단일로 - 기타,기타불명,기타불명,미분류,기타불명,자전거,남,36세,경상
2019111200100533,2019년 11월 12일 18시,화요일,울산광역시 동구 서부동,경상사고,0,0,1,0,차대사람 - 기타,안전운전불이행,건조,맑음,주차장 - 주차장,기타불명,기타불명,미분류,기타불명,보행자,남,37세,경상
2019111200100534,2019년 11월 12일 18시,화요일,울산광역시 울주군 범서읍,경상사고,0,0,1,1,차대차 - 기타,안전거리미확보,건조,맑음,단일로 - 기타,승용,남,67세,상해없음,승용,여,28세,경상
2019111200100572,2019년 11월 12일 19시,화요일,울산광역시 동구 전하동,중상사고,0,1,0,0,차대차 - 기타,신호위반,건조,맑음,교차로 - 교차로안,승용,남,63세,상해없음,이륜,남,45세,중상
2019111200100599,2019년 11월 12일 20시,화요일,울산광역시 중구 우정동,중상사고,0,1,0,0,차대차 - 기타,기타,건조,맑음,단일로 - 기타,승용,남,55세,기타불명,자전거,남,46세,중상
2019111200100658,2019년 11월 12일 23시,화요일,울산광역시 동구 일산동,부상신고사고,0,0,0,1,차량단독 - 기타,안전운전불이행,건조,맑음,단일로 - 기타,이륜,남,30세,부상신고,,,,
2019111300100075,2019년 11월 13일 05시,수요일,울산광역시 울주군 온양읍,중상사고,0,1,0,0,차대사람 - 차도통행중,안전운전불이행,건조,맑음,단일로 - 교량,승용,남,44세,상해없음,보행자,여,54세,중상
2019111300100156,2019년 11월 13일 08시,수요일,울산광역시 북구 산하동,중상사고,0,1,0,0,차대차 - 측면충돌,중앙선침범,건조,맑음,교차로 - 교차로부근,화물,남,61세,상해없음,이륜,남,61세,중상
2019111300100244,2019년 11월 13일 11시,수요일,울산광역시 북구 연암동,경상사고,0,0,3,0,차대차 - 측면충돌,안전거리미확보,건조,맑음,단일로 - 기타,건설기계,남,74세,상해없음,화물,남,68세,경상
2019111300100271,2019년 11월 13일 12시,수요일,울산광역시 남구 신정동,중상사고,0,1,0,0,차대차 - 추돌,안전운전불이행,건조,흐림,교차로 - 교차로부근,건설기계,남,63세,상해없음,이륜,남,42세,중상
2019111300100330,2019년 11월 13일 14시,수요일,울산광역시 중구 태화동,경상사고,0,0,1,0,차대차 - 기타,안전운전불이행,건조,맑음,교차로 - 교차로부근,승용,여,50세,상해없음,이륜,남,41세,경상
2019111300100331,2019년 11월 13일 14시,수요일,울산광역시 울주군 청량읍,경상사고,0,0,1,0,차대사람 - 차도통행중,안전운전불이행,건조,맑음,단일로 - 기타,승합,남,61세,상해없음,보행자,여,63세,경상
2019111300100411,2019년 11월 13일 16시,수요일,울산광역시 동구 전하동,경상사고,0,0,1,0,차대차 - 측면충돌,신호위반,건조,맑음,교차로 - 교차로안,이륜,남,67세,상해없음,이륜,남,35세,경상
2019111300100464,2019년 11월 13일 17시,수요일,울산광역시 중구 약사동,중상사고,0,1,0,0,차대차 - 측면충돌,안전운전불이행,건조,맑음,교차로 - 교차로안,승용,여,66세,상해없음,자전거,남,31세,중상
2019111300100465,2019년 11월 13일 17시,수요일,울산광역시 남구 무거동,경상사고,0,0,1,0,차대차 - 기타,교차로운행방법위반,건조,맑음,교차로 - 교차로안,승용,여,68세,상해없음,승용,남,27세,경상
2019111300100466,2019년 11월 13일 17시,수요일,울산광역시 동구 화정동,경상사고,0,0,1,0,차대사람 - 기타,안전운전불이행,건조,맑음,교차로 - 교차로부근,기타불명,기타불명,미분류,기타불명,보행자,남,12세,경상
2019111300100544,2019년 11월 13일 18시,수요일,울산광역시 중구 성안동,경상사고,0,0,1,0,차대차 - 측면충돌,직진우회전진행방해,건조,맑음,교차로 - 교차로안,승용,남,45세,경상,승용,여,35세,상해없음
2019111300100545,2019년 11월 13일 18시,수요일,울산광역시 동구 화정동,경상사고,0,0,1,0,차대사람 - 차도통행중,안전운전불이행,건조,맑음,단일로 - 기타,승용,여,51세,상해없음,보행자,남,56세,경상
2019111300100692,2019년 11월 13일 21시,수요일,울산광역시 중구 남외동,중상사고,0,1,0,1,차대사람 - 횡단중,보행자보호의무위반,건조,맑음,단일로 - 기타,이륜,남,28세,부상신고,보행자,남,57세,중상
2019111300100693,2019년 11월 13일 21시,수요일,울산광역시 동구 서부동,경상사고,0,0,2,0,차대차 - 측면충돌,안전운전불이행,건조,맑음,교차로 - 교차로부근,이륜,남,22세,경상,이륜,남,32세,경상
2019111300100715,2019년 11월 13일 22시,수요일,울산광역시 동구 화정동,경상사고,0,0,1,0,차대사람 - 차도통행중,기타,건조,맑음,단일로 - 기타,승합,남,52세,상해없음,보행자,남,49세,경상
2019111400100070,2019년 11월 14일 05시,목요일,울산광역시 북구 진장동,중상사고,0,1,0,0,차대차 - 측면충돌,신호위반,건조,맑음,단일로 - 기타,승용,여,70세,상해없음,이륜,남,57세,중상
2019111400100071,2019년 11월 14일 05시,목요일,울산광역시 울주군 온양읍,경상사고,0,0,1,0,차대차 - 측면충돌,신호위반,건조,맑음,교차로 - 교차로안,승용,남,72세,상해없음,승합,남,28세,경상
2019111400100110,2019년 11월 14일 07시,목요일,울산광역시 동구 전하동,경상사고,0,0,1,0,차대차 - 측면충돌,안전운전불이행,기타,기타,교차로 - 교차로안,이륜,남,42세,경상,승용,남,44세,상해없음
2019111400100212,2019년 11월 14일 09시,목요일,울산광역시 남구 달동,경상사고,0,0,1,0,차대사람 - 차도통행중,안전운전불이행,건조,맑음,단일로 - 기타,기타불명,기타불명,미분류,기타불명,보행자,남,14세,경상
2019111400100295,2019년 11월 14일 11시,목요일,울산광역시 남구 상개동,경상사고,0,0,1,0,차대차 - 측면충돌,차로위반,건조,맑음,단일로 - 기타,건설기계,남,52세,상해없음,승용,여,63세,경상
2019111400100333,2019년 11월 14일 12시,목요일,울산광역시 동구 화정동,경상사고,0,0,1,0,차대차 - 측면충돌,신호위반,건조,맑음,교차로 - 교차로부근,이륜,남,53세,경상,승용,남,42세,상해없음
2019111400100451,2019년 11월 14일 15시,목요일,울산광역시 북구 양정동,경상사고,0,0,5,0,차대차 - 추돌,안전운전불이행,건조,맑음,교차로 - 교차로부근,화물,남,43세,상해없음,승용,남,43세,경상
2019111400100509,2019년 11월 14일 16시,목요일,울산광역시 중구 복산동,경상사고,0,0,1,0,차량단독 - 공작물충돌,안전운전불이행,건조,맑음,교차로 - 교차로안,승용,여,41세,상해없음,,,,
2019111400100723,2019년 11월 14일 20시,목요일,울산광역시 북구 연암동,경상사고,0,0,1,0,차대차 - 측면충돌,교차로운행방법위반,건조,맑음,교차로 - 교차로안,승합,남,48세,상해없음,승용,남,59세,경상
2019111400100773,2019년 11월 14일 22시,목요일,울산광역시 남구 신정동,경상사고,0,0,1,0,차대차 - 측면충돌,안전운전불이행,건조,맑음,교차로 - 교차로부근,승용,남,49세,상해없음,승용,여,25세,경상
2019111500100050,2019년 11월 15일 01시,금요일,울산광역시 남구 옥동,부상신고사고,0,0,0,1,차량단독 - 공작물충돌,안전운전불이행,건조,맑음,교차로 - 교차로부근,승용,남,22세,부상신고,,,,
2019111500100279,2019년 11월 15일 10시,금요일,울산광역시 동구 방어동,경상사고,0,0,1,0,차대차 - 측면충돌,직진우회전진행방해,건조,맑음,교차로 - 교차로안,승용,여,36세,상해없음,승용,여,59세,경상
2019111500100331,2019년 11월 15일 11시,금요일,울산광역시 중구 학산동,중상사고,0,1,0,0,차대차 - 측면충돌,안전운전불이행,건조,맑음,단일로 - 기타,승용,여,58세,상해없음,이륜,남,75세,중상
2019111500100332,2019년 11월 15일 11시,금요일,울산광역시 남구 무거동,중상사고,0,1,0,0,차대차 - 측면충돌,안전운전불이행,건조,맑음,단일로 - 기타,화물,남,32세,상해없음,승용,남,57세,중상
2019111500100417,2019년 11월 15일 13시,금요일,울산광역시 중구 교동,중상사고,0,1,0,0,차대차 - 기타,신호위반,건조,맑음,단일로 - 기타,승용,남,82세,상해없음,자전거,남,90세 이상,중상
2019111500100462,2019년 11월 15일 14시,금요일,울산광역시 동구 서부동,중상사고,0,2,0,0,차대차 - 정면충돌,중앙선침범,건조,맑음,단일로 - 기타,승용,남,69세,기타불명,승용,남,62세,중상
2019111500100504,2019년 11월 15일 15시,금요일,울산광역시 남구 달동,중상사고,0,1,0,0,차대차 - 기타,안전운전불이행,건조,맑음,교차로 - 교차로안,승용,남,76세,상해없음,자전거,남,14세,상해없음
2019111500100607,2019년 11월 15일 17시,금요일,울산광역시 북구 상안동,중상사고,0,1,0,0,차대사람 - 보도통행중,기타,건조,맑음,단일로 - 기타,승용,남,42세,상해없음,보행자,여,58세,중상
2019111500100608,2019년 11월 15일 17시,금요일,울산광역시 울주군 범서읍,중상사고,0,1,0,0,차대사람 - 횡단중,과속,건조,맑음,교차로 - 교차로안,승용,남,59세,상해없음,보행자,여,65세,중상
2019111500100705,2019년 11월 15일 18시,금요일,울산광역시 울주군 범서읍,경상사고,0,0,1,0,차대차 - 추돌,안전운전불이행,건조,맑음,단일로 - 기타,승용,여,26세,상해없음,승용,남,34세,경상
2019111500100765,2019년 11월 15일 19시,금요일,울산광역시 북구 중산동,중상사고,0,2,6,0,차대차 - 추돌,안전운전불이행,건조,맑음,교차로 - 교차로부근,화물,남,53세,상해없음,승용,남,63세,중상
2019111500100766,2019년 11월 15일 19시,금요일,울산광역시 울주군 청량읍,경상사고,0,0,1,0,차량단독 - 주/정차차량 충돌,안전운전불이행,건조,맑음,단일로 - 기타,승용,남,58세,경상,,,,
2019111500100826,2019년 11월 15일 20시,금요일,울산광역시 북구 연암동,경상사고,0,0,2,1,차대차 - 추돌,안전거리미확보,건조,맑음,단일로 - 기타,승용,남,42세,부상신고,승용,여,28세,경상
2019111500100827,2019년 11월 15일 20시,금요일,울산광역시 남구 삼산동,경상사고,0,0,3,0,차대차 - 측면충돌,안전운전불이행,건조,맑음,교차로 - 교차로부근,승용,여,21세,상해없음,승용,남,22세,경상
2019111500100870,2019년 11월 15일 21시,금요일,울산광역시 중구 남외동,중상사고,0,1,0,0,차대차 - 측면충돌,안전운전불이행,건조,맑음,교차로 - 교차로부근,승용,남,61세,상해없음,승용,여,44세,중상
2019111500100871,2019년 11월 15일 21시,금요일,울산광역시 북구 진장동,경상사고,0,0,1,0,차대차 - 측면충돌,차로위반,건조,맑음,교차로 - 교차로안,승용,여,60세,상해없음,승용,남,62세,경상
2019111500100903,2019년 11월 15일 22시,금요일,울산광역시 남구 무거동,경상사고,0,0,1,0,차대사람 - 횡단중,안전운전불이행,건조,맑음,교차로 - 교차로안,화물,남,33세,상해없음,보행자,남,51세,경상
2019111500100930,2019년 11월 15일 23시,금요일,울산광역시 남구 선암동,중상사고,0,2,0,0,차대차 - 정면충돌,안전운전불이행,건조,맑음,단일로 - 기타,승용,남,45세,상해없음,승용,남,34세,중상
2019111600100048,2019년 11월 16일 01시,토요일,울산광역시 북구 매곡동,부상신고사고,0,0,0,1,차량단독 - 기타,안전운전불이행,건조,맑음,단일로 - 기타,승용,남,22세,부상신고,,,,