사고번호,사고일시,요일,시군구,사고내용,사망자수,중상자수,경상자수,부상신고자수,사고유형,법규위반,노면상태,기상상태,도로형태,가해운전자 차종,가해운전자 성별,가해운전자 연령,가해운전자 상해정도,피해운전자 차종,피해운전자 성별,피해운전자 연령,피해운전자 상해정도
2019111600100188,2019년 11월 16일 09시,토요일,울산광역시 중구 남외동,경상사고,0,0,3,0,차대차 - 추돌,안전거리미확보,건조,맑음,교차로 - 교차로부근,승용,남,54세,경상,승용,남,62세,경상
2019111600100189,2019년 11월 16일 09시,토요일,울산광역시 울주군 언양읍,경상사고,0,0,1,0,차대차 - 기타,신호위반,건조,맑음,교차로 - 교차로안,승용,남,65세,상해없음,승용,여,54세,경상
2019111600100216,2019년 11월 16일 10시,토요일,울산광역시 북구 진장동,경상사고,0,0,1,1,차대차 - 기타,교차로운행방법위반,건조,맑음,교차로 - 교차로안,승용,남,56세,부상신고,승용,남,31세,경상
2019111600100268,2019년 11월 16일 11시,토요일,울산광역시 울주군 범서읍,경상사고,0,0,1,0,차대차 - 추돌,안전운전불이행,건조,맑음,교차로 - 교차로부근,건설기계,남,41세,상해없음,화물,남,43세,경상
2019111600100396,2019년 11월 16일 14시,토요일,울산광역시 중구 태화동,경상사고,0,0,1,0,차대사람 - 횡단중,안전운전불이행,건조,맑음,교차로 - 교차로부근,승용,남,72세,상해없음,보행자,여,20세,경상
2019111600100397,2019년 11월 16일 14시,토요일,울산광역시 남구 상개동,경상사고,0,0,2,0,차대차 - 기타,교차로운행방법위반,건조,맑음,교차로 - 교차로안,승용,남,39세,상해없음,승용,남,44세,경상
2019111600100516,2019년 11월 16일 17시,토요일,울산광역시 남구 무거동,중상사고,0,1,0,0,차대차 - 측면충돌,안전운전불이행,건조,맑음,단일로 - 기타,승용,남,34세,상해없음,이륜,남,36세,중상
2019111600100574,2019년 11월 16일 18시,토요일,울산광역시 동구 방어동,경상사고,0,0,1,0,차대차 - 측면충돌,신호위반,건조,맑음,교차로 - 교차로안,승용,남,59세,상해없음,이륜,남,57세,경상
2019111600100620,2019년 11월 16일 19시,토요일,울산광역시 울주군 범서읍,경상사고,0,0,4,0,차대차 - 추돌,안전운전불이행,건조,맑음,단일로 - 기타,화물,남,59세,상해없음,승용,남,38세,경상
2019111600100706,2019년 11월 16일 22시,토요일,울산광역시 남구 달동,경상사고,0,0,3,0,차대차 - 측면충돌,안전운전불이행,건조,맑음,단일로 - 기타,승용,여,23세,상해없음,승용,남,45세,경상
2019111700100045,2019년 11월 17일 00시,일요일,울산광역시 동구 화정동,중상사고,0,1,0,0,차대사람 - 기타,안전운전불이행,건조,맑음,교차로 - 교차로부근,승용,남,33세,상해없음,보행자,남,54세,중상
2019111700100046,2019년 11월 17일 00시,일요일,울산광역시 북구 염포동,중상사고,0,1,0,0,차대차 - 기타,안전거리미확보,기타,맑음,단일로 - 기타,승용,남,46세,상해없음,이륜,남,24세,중상
2019111700100047,2019년 11월 17일 00시,일요일,울산광역시 동구 일산동,중상사고,0,1,0,0,차대사람 - 횡단중,안전운전불이행,건조,맑음,교차로 - 교차로안,개인형이동수단(PM),남,28세,상해없음,보행자,여,38세,중상
2019111700100252,2019년 11월 17일 13시,일요일,울산광역시 중구 다운동,중상사고,0,1,0,0,차대사람 - 횡단중,안전운전불이행,건조,흐림,단일로 - 기타,승용,남,58세,상해없음,보행자,여,16세,중상
2019111700100269,2019년 11월 17일 14시,일요일,울산광역시 중구 태화동,경상사고,0,0,1,0,차대차 - 측면충돌,안전운전불이행,건조,맑음,단일로 - 기타,이륜,남,39세,경상,승용,여,51세,상해없음
2019111700100270,2019년 11월 17일 14시,일요일,울산광역시 동구 서부동,중상사고,0,1,0,0,차량단독 - 기타,안전운전불이행,건조,맑음,단일로 - 기타,승합,남,38세,상해없음,,,,
2019111700100331,2019년 11월 17일 16시,일요일,울산광역시 남구 두왕동,경상사고,0,0,1,0,차량단독 - 기타,안전운전불이행,건조,맑음,교차로 - 교차로부근,이륜,남,24세,경상,,,,
2019111700100432,2019년 11월 17일 18시,일요일,울산광역시 남구 삼산동,중상사고,0,1,0,0,차대차 - 측면충돌,신호위반,건조,맑음,교차로 - 교차로안,이륜,남,45세,중상,승용,남,31세,상해없음
2019111700100606,2019년 11월 17일 23시,일요일,울산광역시 울주군 삼남면,경상사고,0,0,1,0,차대차 - 정면충돌,교차로운행방법위반,젖음/습기,비,교차로 - 교차로안,승용,여,29세,상해없음,이륜,남,36세,경상
2019111800100096,2019년 11월 18일 06시,월요일,울산광역시 남구 부곡동,중상사고,0,1,0,0,차대사람 - 횡단중,보행자보호의무위반,건조,맑음,교차로 - 교차로안,승용,남,54세,상해없음,보행자,남,58세,중상
2019111800100097,2019년 11월 18일 06시,월요일,울산광역시 울주군 온산읍,중상사고,0,1,0,0,차대차 - 추돌,교차로운행방법위반,젖음/습기,비,교차로 - 교차로안,화물,남,63세,상해없음,승용,여,52세,중상
2019111800100184,2019년 11월 18일 08시,월요일,울산광역시 남구 야음동,경상사고,0,0,1,0,차대사람 - 횡단중,보행자보호의무위반,건조,맑음,교차로 - 교차로횡단보도내,승합,남,47세,상해없음,보행자,여,25세,경상
2019111800100185,2019년 11월 18일 08시,월요일,울산광역시 동구 방어동,중상사고,0,1,0,0,차대차 - 추돌,안전운전불이행,건조,맑음,교차로 - 교차로부근,이륜,남,58세,중상,승용,여,42세,상해없음
2019111800100263,2019년 11월 18일 11시,월요일,울산광역시 울주군 청량읍,경상사고,0,0,1,0,차대차 - 측면충돌,안전거리미확보,건조,맑음,기타 - 기타,화물,남,38세,상해없음,건설기계,남,37세,경상
2019111800100340,2019년 11월 18일 13시,월요일,울산광역시 북구 달천동,경상사고,0,0,1,1,차대사람 - 기타,안전운전불이행,건조,맑음,단일로 - 기타,원동기,남,52세,부상신고,보행자,여,8세,경상
2019111800100384,2019년 11월 18일 14시,월요일,울산광역시 중구 성남동,경상사고,0,0,1,2,차대차 - 측면충돌,안전운전불이행,건조,맑음,단일로 - 기타,이륜,남,25세,부상신고,승용,여,56세,부상신고
2019111800100513,2019년 11월 18일 17시,월요일,울산광역시 울주군 청량읍,중상사고,0,1,1,0,차대차 - 추돌,안전운전불이행,젖음/습기,비,단일로 - 기타,이륜,남,22세,경상,화물,남,42세,상해없음
2019111800100586,2019년 11월 18일 18시,월요일,울산광역시 남구 옥동,경상사고,0,0,1,0,차대차 - 추돌,안전운전불이행,건조,맑음,단일로 - 기타,승용,남,61세,상해없음,승용,여,45세,경상
2019111800100587,2019년 11월 18일 18시,월요일,울산광역시 남구 옥동,경상사고,0,0,1,0,차대차 - 추돌,안전운전불이행,건조,맑음,단일로 - 기타,승용,남,56세,상해없음,승용,여,57세,상해없음
2019111800100629,2019년 11월 18일 19시,월요일,울산광역시 남구 달동,경상사고,0,0,2,0,차대차 - 정면충돌,안전운전불이행,건조,맑음,교차로 - 교차로안,승용,여,36세,상해없음,승용,남,23세,경상
2019111800100630,2019년 11월 18일 19시,월요일,울산광역시 남구 삼산동,경상사고,0,0,1,0,차대차 - 기타,신호위반,건조,맑음,교차로 - 교차로안,승용,남,32세,상해없음,승용,남,65세,경상
2019111800100718,2019년 11월 18일 23시,월요일,울산광역시 중구 옥교동,경상사고,0,0,1,0,차대차 - 추돌,안전거리미확보,건조,맑음,교차로 - 교차로부근,화물,남,26세,상해없음,승용,여,40세,경상
2019111800100719,2019년 11월 18일 23시,월요일,울산광역시 중구 반구동,경상사고,0,0,2,0,차대차 - 측면충돌,직진우회전진행방해,건조,맑음,교차로 - 교차로안,승용,남,68세,상해없음,승용,여,37세,경상
2019111900100101,2019년 11월 19일 06시,화요일,울산광역시 남구 매암동,경상사고,0,0,1,0,차대차 - 추돌,안전운전불이행,건조,맑음,단일로 - 기타,승용,남,51세,상해없음,승용,남,59세,상해없음
2019111900100132,2019년 11월 19일 07시,화요일,울산광역시 중구 성안동,중상사고,0,1,0,0,차대사람 - 차도통행중,안전운전불이행,건조,맑음,단일로 - 기타,승용,여,57세,상해없음,보행자,남,77세,중상
2019111900100421,2019년 11월 19일 14시,화요일,울산광역시 남구 삼산동,중상사고,0,1,0,0,차대사람 - 횡단중,안전운전불이행,건조,맑음,교차로 - 교차로안,승용,여,44세,상해없음,보행자,여,39세,중상
2019111900100422,2019년 11월 19일 14시,화요일,울산광역시 동구 서부동,중상사고,0,1,0,0,차대차 - 측면충돌,중앙선침범,건조,맑음,단일로 - 기타,승용,여,29세,상해없음,이륜,남,60세,중상
2019111900100423,2019년 11월 19일 14시,화요일,울산광역시 울주군 범서읍,경상사고,0,0,1,0,차대차 - 추돌,안전거리미확보,건조,맑음,단일로 - 기타,승용,남,18세,기타불명,승용,남,43세,경상
2019111900100552,2019년 11월 19일 17시,화요일,울산광역시 중구 학산동,경상사고,0,0,2,1,차대차 - 추돌,안전거리미확보,건조,맑음,단일로 - 기타,승용,여,40세,부상신고,승용,여,29세,경상
2019111900100553,2019년 11월 19일 17시,화요일,울산광역시 남구 신정동,경상사고,0,0,4,0,차대차 - 기타,안전운전불이행,건조,맑음,교차로 - 교차로안,승용,여,31세,경상,승용,여,31세,경상
2019111900100674,2019년 11월 19일 19시,화요일,울산광역시 북구 호계동,중상사고,0,1,1,0,차대차 - 측면충돌,안전운전불이행,건조,맑음,교차로 - 교차로안,이륜,남,19세,중상,화물,남,55세,경상
2019111900100713,2019년 11월 19일 20시,화요일,울산광역시 중구 남외동,경상사고,0,0,1,0,차대차 - 측면충돌,교차로운행방법위반,건조,맑음,교차로 - 교차로안,화물,남,54세,상해없음,승용,남,71세,경상
2019111900100747,2019년 11월 19일 21시,화요일,울산광역시 동구 서부동,중상사고,0,1,0,0,차대사람 - 횡단중,보행자보호의무위반,건조,맑음,교차로 - 교차로안,승용,남,42세,상해없음,보행자,남,36세,중상
2019111900100785,2019년 11월 19일 23시,화요일,울산광역시 남구 신정동,경상사고,0,0,1,0,차대차 - 추돌,교차로운행방법위반,건조,맑음,교차로 - 교차로안,승용,남,44세,상해없음,승용,남,47세,경상
2019112000100054,2019년 11월 20일 01시,수요일,울산광역시 남구 야음동,부상신고사고,0,0,0,2,차량단독 - 공작물충돌,안전운전불이행,건조,맑음,교차로 - 교차로부근,승용,남,69세,상해없음,,,,
2019112000100055,2019년 11월 20일 01시,수요일,울산광역시 동구 일산동,중상사고,0,1,0,0,차대차 - 측면충돌,신호위반,건조,맑음,교차로 - 교차로안,승용,여,52세,기타불명,승용,남,45세,중상
2019112000100103,2019년 11월 20일 06시,수요일,울산광역시 남구 야음동,경상사고,0,0,1,0,차대차 - 추돌,안전운전불이행,건조,맑음,교차로 - 교차로부근,승용,남,44세,상해없음,승용,남,53세,경상
2019112000100104,2019년 11월 20일 06시,수요일,울산광역시 울주군 온산읍,경상사고,0,0,1,0,차대차 - 측면충돌,교차로운행방법위반,건조,맑음,교차로 - 교차로안,특수,남,60세,상해없음,건설기계,남,48세,경상
2019112000100190,2019년 11월 20일 08시,수요일,울산광역시 중구 북정동,부상신고사고,0,0,0,1,차대차 - 측면충돌,신호위반,건조,맑음,교차로 - 교차로부근,이륜,남,77세,부상신고,승용,여,64세,상해없음
2019112000100307,2019년 11월 20일 11시,수요일,울산광역시 북구 상안동,중상사고,0,1,0,0,차량단독 - 전도전복 - 전도,안전운전불이행,건조,맑음,단일로 - 기타,승용,남,56세,중상,,,,
2019112000100350,2019년 11월 20일 12시,수요일,울산광역시 남구 신정동,경상사고,0,0,1,0,차량단독 - 기타,안전운전불이행,건조,맑음,단일로 - 기타,승합,남,60세,상해없음,,,,
2019112000100475,2019년 11월 20일 15시,수요일,울산광역시 남구 야음동,부상신고사고,0,0,0,1,차량단독 - 전도전복 - 전도,안전운전불이행,기타,맑음,교차로 - 교차로안,이륜,남,40세,부상신고,,,,
2019112000100476,2019년 11월 20일 15시,수요일,울산광역시 동구 화정동,경상사고,0,0,2,0,차대차 - 측면충돌,신호위반,건조,맑음,교차로 - 교차로안,승용,남,46세,경상,승합,남,69세,상해없음
2019112000100477,2019년 11월 20일 15시,수요일,울산광역시 울주군 범서읍,경상사고,0,0,1,0,차대사람 - 기타,안전운전불이행,건조,맑음,단일로 - 기타,승용,남,54세,상해없음,보행자,여,22세,경상
2019112000100520,2019년 11월 20일 16시,수요일,울산광역시 남구 신정동,중상사고,0,1,0,0,차대차 - 측면충돌,중앙선침범,건조,맑음,단일로 - 기타,승용,여,43세,상해없음,이륜,남,38세,중상
2019112000100565,2019년 11월 20일 17시,수요일,울산광역시 중구 태화동,경상사고,0,0,1,0,차대차 - 측면충돌,안전운전불이행,건조,맑음,교차로 - 교차로안,승용,남,54세,상해없음,이륜,남,44세,경상
2019112000100566,2019년 11월 20일 17시,수요일,울산광역시 중구 태화동,중상사고,0,1,1,0,차대차 - 추돌,안전거리미확보,건조,맑음,단일로 - 기타,승용,남,31세,상해없음,승용,여,39세,중상
2019112000100650,2019년 11월 20일 18시,수요일,울산광역시 남구 달동,부상신고사고,0,0,0,1,차대차 - 측면충돌,차로위반,건조,맑음,교차로 - 교차로안,이륜,남,20세,부상신고,승용,여,29세,상해없음
2019112100100041,2019년 11월 21일 01시,목요일,울산광역시 중구 남외동,경상사고,0,0,1,0,차대차 - 측면충돌,중앙선침범,건조,맑음,교차로 - 교차로부근,화물,남,49세,상해없음,이륜,남,47세,경상
2019112100100090,2019년 11월 21일 06시,목요일,울산광역시 남구 삼산동,경상사고,0,0,1,0,차대차 - 기타,안전운전불이행,건조,맑음,단일로 - 기타,승용,남,33세,상해없음,자전거,남,51세,경상
2019112100100118,2019년 11월 21일 07시,목요일,울산광역시 남구 상개동,중상사고,0,1,0,0,차대차 - 측면충돌,직진우회전진행방해,건조,맑음,교차로 - 교차로안,이륜,남,51세,중상,화물,남,63세,상해없음
2019112100100119,2019년 11월 21일 07시,목요일,울산광역시 동구 서부동,경상사고,0,0,1,0,차대사람 - 횡단중,안전운전불이행,건조,맑음,교차로 - 교차로횡단보도내,이륜,남,31세,경상,보행자,여,67세,상해없음
2019112100100120,2019년 11월 21일 07시,목요일,울산광역시 울주군 청량읍,중상사고,0,1,1,0,차대차 - 추돌,안전거리미확보,건조,맑음,단일로 - 기타,승용,여,51세,경상,승용,남,51세,상해없음
2019112100100168,2019년 11월 21일 08시,목요일,울산광역시 중구 남외동,부상신고사고,0,0,0,1,차대차 - 추돌,안전거리미확보,건조,맑음,교차로 - 교차로안,이륜,남,26세,부상신고,승용,남,53세,상해없음
2019112100100169,2019년 11월 21일 08시,목요일,울산광역시 북구 연암동,경상사고,0,0,2,0,차대차 - 측면충돌,교차로운행방법위반,건조,맑음,교차로 - 교차로안,승용,여,27세,경상,승용,여,32세,경상
2019112100100170,2019년 11월 21일 08시,목요일,울산광역시 남구 달동,경상사고,0,0,1,0,차대차 - 추돌,안전거리미확보,건조,맑음,단일로 - 기타,승용,남,46세,상해없음,승용,남,42세,경상
2019112100100307,2019년 11월 21일 12시,목요일,울산광역시 남구 삼산동,경상사고,0,0,1,0,차대차 - 기타,기타,건조,맑음,단일로 - 고가도로위,화물,남,62세,상해없음,이륜,남,21세,경상
2019112100100308,2019년 11월 21일 12시,목요일,울산광역시 남구 삼산동,경상사고,0,0,1,0,차대차 - 기타,안전운전불이행,건조,맑음,단일로 - 기타,자전거,여,67세,경상,승용,여,39세,상해없음
2019112100100309,2019년 11월 21일 12시,목요일,울산광역시 동구 서부동,경상사고,0,0,1,0,차대차 - 측면충돌,안전거리미확보,건조,맑음,교차로 - 교차로부근,승용,남,61세,상해없음,이륜,남,31세,경상
2019112100100310,2019년 11월 21일 12시,목요일,울산광역시 동구 전하동,경상사고,0,0,1,0,차대차 - 측면충돌,안전운전불이행,건조,맑음,단일로 - 기타,승용,여,42세,상해없음,이륜,남,57세,경상
2019112100100311,2019년 11월 21일 12시,목요일,울산광역시 동구 방어동,부상신고사고,0,0,0,2,차대차 - 측면충돌,안전운전불이행,기타,맑음,교차로 - 교차로안,승용,남,45세,부상신고,승용,남,39세,부상신고
2019112100100355,2019년 11월 21일 13시,목요일,울산광역시 중구 남외동,경상사고,0,0,1,0,차대사람 - 차도통행중,안전운전불이행,건조,맑음,교차로 - 교차로안,승용,남,61세,상해없음,보행자,여,36세,경상
2019112100100388,2019년 11월 21일 14시,목요일,울산광역시 울주군 온산읍,경상사고,0,0,1,0,차대차 - 측면충돌,신호위반,건조,맑음,교차로 - 교차로안,승용,남,46세,상해없음,승용,남,63세,경상
2019112100100426,2019년 11월 21일 15시,목요일,울산광역시 북구 매곡동,경상사고,0,0,2,0,차대차 - 측면충돌,안전거리미확보,건조,맑음,단일로 - 기타,특수,남,56세,상해없음,승용,여,48세,경상
2019112100100427,2019년 11월 21일 15시,목요일,울산광역시 중구 약사동,경상사고,0,0,2,1,차대차 - 측면충돌,안전거리미확보,건조,맑음,단일로 - 기타,승합,남,77세,부상신고,승용,남,35세,경상
2019112100100476,2019년 11월 21일 16시,목요일,울산광역시 동구 화정동,경상사고,0,0,2,0,차대차 - 측면충돌,직진우회전진행방해,건조,맑음,교차로 - 교차로안,승합,남,69세,경상,승용,여,28세,경상
2019112100100613,2019년 11월 21일 18시,목요일,울산광역시 중구 태화동,경상사고,0,0,1,0,차대사람 - 길가장자리구역통행중,안전운전불이행,건조,맑음,단일로 - 기타,승용,여,54세,상해없음,보행자,남,26세,경상
2019112100100667,2019년 11월 21일 19시,목요일,울산광역시 남구 달동,중상사고,0,1,0,0,차대차 - 측면충돌,안전운전불이행,건조,맑음,단일로 - 기타,이륜,남,44세,중상,화물,남,75세,상해없음
2019112100100668,2019년 11월 21일 19시,목요일,울산광역시 남구 신정동,중상사고,0,1,1,0,차대차 - 측면충돌,교차로운행방법위반,건조,맑음,교차로 - 교차로안,승용,여,48세,중상,승용,남,56세,상해없음
2019112100100745,2019년 11월 21일 22시,목요일,울산광역시 남구 신정동,경상사고,0,0,1,0,차대차 - 정면충돌,신호위반,건조,맑음,교차로 - 교차로안,승용,여,26세,상해없음,승용,남,51세,경상
2019112200100103,2019년 11월 22일 06시,금요일,울산광역시 북구 진장동,경상사고,0,0,1,0,차량단독 - 공작물충돌,안전운전불이행,건조,맑음,교차로 - 교차로안,승용,남,34세,경상,,,,
2019112200100191,2019년 11월 22일 08시,금요일,울산광역시 중구 복산동,경상사고,0,0,1,0,차대사람 - 차도통행중,안전운전불이행,건조,맑음,단일로 - 기타,승용,여,61세,상해없음,보행자,남,68세,경상
2019112200100192,2019년 11월 22일 08시,금요일,울산광역시 동구 방어동,경상사고,0,0,1,0,차대사람 - 횡단중,안전운전불이행,건조,맑음,단일로 - 기타,승용,여,21세,상해없음,보행자,남,72세,경상
2019112200100233,2019년 11월 22일 09시,금요일,울산광역시 중구 다운동,경상사고,0,0,2,0,차대차 - 추돌,안전거리미확보,건조,맑음,교차로 - 교차로안,승용,남,71세,상해없음,승용,여,51세,경상
2019112200100234,2019년 11월 22일 09시,금요일,울산광역시 남구 신정동,경상사고,0,0,1,0,차대차 - 측면충돌,안전운전불이행,건조,맑음,교차로 - 교차로안,승용,남,65세,상해없음,승합,남,55세,경상
2019112200100367,2019년 11월 22일 13시,금요일,울산광역시 남구 신정동,부상신고사고,0,0,0,1,차대차 - 측면충돌,차로위반,건조,맑음,교차로 - 교차로안,이륜,남,68세,부상신고,승용,여,37세,상해없음
2019112200100413,2019년 11월 22일 14시,금요일,울산광역시 북구 달천동,중상사고,0,1,0,0,차대차 - 측면충돌,신호위반,건조,맑음,교차로 - 교차로안,승용,남,28세,상해없음,이륜,남,70세,중상
2019112200100466,2019년 11월 22일 15시,금요일,울산광역시 중구 태화동,경상사고,0,0,1,0,차대차 - 측면충돌,안전운전불이행,건조,맑음,단일로 - 기타,승용,남,65세,상해없음,승용,여,60세,경상
2019112200100581,2019년 11월 22일 17시,금요일,울산광역시 울주군 범서읍,중상사고,0,1,0,0,차대차 - 기타,교차로운행방법위반,건조,맑음,교차로 - 교차로안,승용,남,54세,중상,특수,남,50세,상해없음
2019112200100582,2019년 11월 22일 17시,금요일,울산광역시 울주군 삼남면,경상사고,0,0,1,0,차대차 - 측면충돌,신호위반,건조,맑음,교차로 - 교차로안,승용,여,27세,상해없음,화물,남,62세,경상
2019112200100660,2019년 11월 22일 18시,금요일,울산광역시 남구 달동,중상사고,0,1,0,0,차대사람 - 횡단중,신호위반,건조,맑음,단일로 - 기타,승용,남,77세,상해없음,보행자,여,12세,중상
2019112200100679,2019년 11월 22일 19시,금요일,울산광역시 울주군 언양읍,경상사고,0,0,2,0,차대차 - 측면충돌,안전거리미확보,건조,맑음,단일로 - 기타,승합,남,48세,상해없음,승용,여,53세,경상
2019112200100710,2019년 11월 22일 19시,금요일,울산광역시 중구 반구동,경상사고,0,0,1,0,차대차 - 측면충돌,신호위반,건조,맑음,교차로 - 교차로부근,화물,남,38세,상해없음,승용,여,64세,경상
2019112200100711,2019년 11월 22일 19시,금요일,울산광역시 남구 삼산동,경상사고,0,0,1,0,차대차 - 추돌,안전운전불이행,건조,맑음,단일로 - 기타,승용,남,24세,상해없음,승용,남,41세,경상
2019112200100841,2019년 11월 22일 23시,금요일,울산광역시 북구 호계동,경상사고,0,0,1,0,차대사람 - 길가장자리구역통행중,안전운전불이행,건조,맑음,단일로 - 기타,승용,남,58세,상해없음,보행자,남,41세,경상
2019112300100039,2019년 11월 23일 00시,토요일,울산광역시 북구 호계동,경상사고,0,0,6,0,차대차 - 측면충돌,안전운전불이행,건조,맑음,단일로 - 기타,승용,남,21세,경상,승용,남,50세,경상
2019112300100079,2019년 11월 23일 03시,토요일,울산광역시 동구 일산동,경상사고,0,0,1,0,차대사람 - 보도통행중,기타,건조,맑음,단일로 - 기타,화물,남,40세,상해없음,보행자,남,19세,경상
2019112300100124,2019년 11월 23일 07시,토요일,울산광역시 울주군 서생면,경상사고,0,0,4,0,차대차 - 측면충돌,신호위반,건조,맑음,교차로 - 교차로안,승용,남,69세,상해없음,승합,남,32세,경상
2019112300100358,2019년 11월 23일 13시,토요일,울산광역시 울주군 온산읍,부상신고사고,0,0,0,2,차대차 - 기타,교차로운행방법위반,건조,맑음,교차로 - 교차로안,건설기계,남,44세,부상신고,승용,여,24세,부상신고
2019112300100476,2019년 11월 23일 16시,토요일,울산광역시 남구 달동,경상사고,0,0,2,0,차대차 - 기타,안전운전불이행,건조,맑음,교차로 - 교차로안,승용,남,21세,상해없음,승용,여,21세,경상
2019112300100582,2019년 11월 23일 18시,토요일,울산광역시 중구 반구동,경상사고,0,0,1,0,차대차 - 측면충돌,안전운전불이행,건조,맑음,교차로 - 교차로안,승용,남,67세,상해없음,자전거,남,13세,경상
2019112300100583,2019년 11월 23일 18시,토요일,울산광역시 북구 염포동,경상사고,0,0,3,0,차대차 - 추돌,안전거리미확보,건조,맑음,단일로 - 기타,승용,여,60세,상해없음,승용,남,29세,경상
2019112300100628,2019년 11월 23일 19시,토요일,울산광역시 남구 삼산동,경상사고,0,0,1,0,차대차 - 추돌,안전운전불이행,건조,맑음,단일로 - 기타,화물,남,54세,상해없음,화물,남,48세,경상
2019112300100695,2019년 11월 23일 21시,토요일,울산광역시 중구 성안동,중상사고,0,1,1,0,차대차 - 추돌,안전운전불이행,건조,맑음,단일로 - 기타,승용,남,28세,경상,화물,남,53세,중상
2019112300100718,2019년 11월 23일 22시,토요일,울산광역시 남구 삼산동,경상사고,0,0,1,1,차대차 - 측면충돌,안전운전불이행,건조,맑음,교차로 - 교차로안,승용,남,19세,상해없음,승용,남,38세,기타불명
2019112400100095,2019년 11월 24일 05시,일요일,울산광역시 중구 남외동,중상사고,0,1,0,0,차대차 - 측면충돌,안전운전불이행,건조,맑음,단일로 - 기타,이륜,남,20세,중상,승용,남,50세,기타불명
2019112400100096,2019년 11월 24일 05시,일요일,울산광역시 중구 남외동,경상사고,0,0,1,0,차대차 - 측면충돌,안전운전불이행,건조,맑음,교차로 - 교차로안,승용,남,33세,상해없음,승용,여,52세,경상
2019112400100108,2019년 11월 24일 06시,일요일,울산광역시 울주군 서생면,중상사고,0,1,0,0,차대차 - 측면충돌,안전운전불이행,건조,맑음,교차로 - 교차로안,승용,남,29세,상해없음,자전거,남,55세,중상
2019112400100158,2019년 11월 24일 10시,일요일,울산광역시 남구 달동,중상사고,0,1,0,0,차대차 - 측면충돌,신호위반,건조,맑음,교차로 - 교차로안,승용,여,56세,상해없음,승용,여,55세,중상
2019112400100159,2019년 11월 24일 10시,일요일,울산광역시 남구 옥동,경상사고,0,0,1,0,차대사람 - 길가장자리구역통행중,안전운전불이행,건조,맑음,단일로 - 기타,승용,남,27세,상해없음,보행자,여,16세,경상
2019112400100312,2019년 11월 24일 16시,일요일,울산광역시 울주군 언양읍,경상사고,0,0,1,0,차대차 - 추돌,안전운전불이행,건조,맑음,단일로 - 기타,승용,남,61세,상해없음,승용,남,63세,경상
2019112400100330,2019년 11월 24일 16시,일요일,울산광역시 북구 화봉동,중상사고,0,1,1,1,차대차 - 추돌,안전운전불이행,건조,맑음,교차로 - 교차로안,승용,여,47세,부상신고,승용,남,55세,중상
2019112400100331,2019년 11월 24일 16시,일요일,울산광역시 중구 옥교동,부상신고사고,0,0,0,1,차대차 - 측면충돌,신호위반,건조,맑음,교차로 - 교차로부근,이륜,남,68세,부상신고,승용,남,56세,기타불명
2019112400100436,2019년 11월 24일 18시,일요일,울산광역시 남구 달동,부상신고사고,0,0,0,1,차대사람 - 기타,안전운전불이행,건조,맑음,교차로 - 교차로안,승용,남,27세,상해없음,보행자,여,40세,부상신고
2019112400100508,2019년 11월 24일 20시,일요일,울산광역시 북구 명촌동,경상사고,0,0,1,0,차대사람 - 횡단중,보행자보호의무위반,건조,맑음,교차로 - 교차로안,이륜,남,17세,상해없음,보행자,여,7세,경상
2019112500100035,2019년 11월 25일 00시,월요일,울산광역시 남구 야음동,중상사고,0,1,0,0,차대사람 - 기타,안전운전불이행,건조,맑음,단일로 - 기타,이륜,남,57세,상해없음,보행자,남,33세,중상
2019112500100036,2019년 11월 25일 00시,월요일,울산광역시 남구 달동,중상사고,0,1,0,0,차대차 - 측면충돌,신호위반,건조,맑음,교차로 - 교차로안,승용,남,28세,상해없음,이륜,남,29세,중상
2019112500100045,2019년 11월 25일 01시,월요일,울산광역시 중구 복산동,경상사고,0,0,1,0,차대차 - 측면충돌,교차로운행방법위반,건조,맑음,교차로 - 교차로안,승용,남,29세,상해없음,승용,남,30세,경상
2019112500100088,2019년 11월 25일 06시,월요일,울산광역시 남구 두왕동,부상신고사고,0,0,0,1,차대차 - 측면충돌,안전운전불이행,건조,맑음,단일로 - 기타,승용,남,51세,상해없음,승용,남,56세,부상신고
2019112500100117,2019년 11월 25일 07시,월요일,울산광역시 동구 서부동,경상사고,0,0,1,0,차대차 - 기타,안전운전불이행,건조,맑음,교차로 - 교차로안,이륜,남,60세,상해없음,자전거,남,21세,경상