사고번호,사고일시,요일,시군구,사고내용,사망자수,중상자수,경상자수,부상신고자수,사고유형,법규위반,노면상태,기상상태,도로형태,가해운전자 차종,가해운전자 성별,가해운전자 연령,가해운전자 상해정도,피해운전자 차종,피해운전자 성별,피해운전자 연령,피해운전자 상해정도
2019112500100162,2019년 11월 25일 08시,월요일,울산광역시 중구 성안동,경상사고,0,0,1,0,차대차 - 추돌,안전운전불이행,건조,맑음,교차로 - 교차로부근,승합,남,34세,상해없음,승용,여,28세,경상
2019112500100163,2019년 11월 25일 08시,월요일,울산광역시 남구 무거동,경상사고,0,0,1,0,차대차 - 추돌,안전운전불이행,건조,기타,단일로 - 기타,승용,남,27세,상해없음,승용,여,42세,경상
2019112500100268,2019년 11월 25일 11시,월요일,울산광역시 동구 전하동,경상사고,0,0,1,0,차대사람 - 기타,안전운전불이행,젖음/습기,비,단일로 - 기타,승합,남,40세,기타불명,보행자,여,57세,경상
2019112500100285,2019년 11월 25일 12시,월요일,울산광역시 남구 신정동,중상사고,0,1,0,0,차대사람 - 보도통행중,안전운전불이행,건조,맑음,교차로 - 교차로안,이륜,남,17세,상해없음,보행자,남,74세,중상
2019112500100286,2019년 11월 25일 12시,월요일,울산광역시 남구 신정동,경상사고,0,0,1,0,차대차 - 추돌,안전운전불이행,건조,맑음,교차로 - 교차로안,화물,남,56세,상해없음,승용,여,45세,경상
2019112500100287,2019년 11월 25일 12시,월요일,울산광역시 울주군 온양읍,중상사고,0,1,1,0,차대차 - 측면충돌,직진우회전진행방해,건조,맑음,교차로 - 교차로안,화물,남,62세,상해없음,승용,남,45세,경상
2019112500100353,2019년 11월 25일 14시,월요일,울산광역시 중구 학산동,경상사고,0,0,1,0,차대차 - 정면충돌,직진우회전진행방해,젖음/습기,맑음,교차로 - 교차로안,승용,여,62세,상해없음,승용,여,61세,경상
2019112500100393,2019년 11월 25일 15시,월요일,울산광역시 남구 매암동,경상사고,0,0,1,0,차대차 - 추돌,안전거리미확보,젖음/습기,비,교차로 - 교차로안,승합,남,59세,상해없음,화물,남,55세,경상
2019112500100430,2019년 11월 25일 16시,월요일,울산광역시 남구 옥동,경상사고,0,0,3,0,차대차 - 측면충돌,안전운전불이행,건조,맑음,교차로 - 교차로부근,승용,남,64세,상해없음,승용,여,37세,경상
2019112500100431,2019년 11월 25일 16시,월요일,울산광역시 동구 서부동,경상사고,0,0,2,0,차대차 - 기타,안전운전불이행,젖음/습기,비,교차로 - 교차로안,승용,여,48세,상해없음,이륜,남,33세,경상
2019112500100432,2019년 11월 25일 16시,월요일,울산광역시 울주군 청량읍,경상사고,0,0,1,0,차대사람 - 보도통행중,안전운전불이행,건조,맑음,단일로 - 기타,기타불명,기타불명,미분류,기타불명,보행자,여,26세,경상
2019112500100490,2019년 11월 25일 17시,월요일,울산광역시 북구 진장동,경상사고,0,0,1,0,차대차 - 측면충돌,교차로운행방법위반,젖음/습기,비,교차로 - 교차로안,특수,남,57세,기타불명,승용,여,61세,경상
2019112500100491,2019년 11월 25일 17시,월요일,울산광역시 남구 여천동,경상사고,0,0,2,0,차대차 - 기타,신호위반,건조,맑음,교차로 - 교차로안,승용,남,52세,상해없음,승용,남,64세,경상
2019112500100492,2019년 11월 25일 17시,월요일,울산광역시 남구 신정동,경상사고,0,0,1,0,차대사람 - 횡단중,신호위반,젖음/습기,비,단일로 - 기타,승용,남,71세,상해없음,보행자,여,33세,경상
2019112500100493,2019년 11월 25일 17시,월요일,울산광역시 울주군 온산읍,경상사고,0,0,1,0,차대사람 - 횡단중,보행자보호의무위반,젖음/습기,흐림,교차로 - 교차로부근,승합,여,56세,상해없음,보행자,남,5세,경상
2019112500100557,2019년 11월 25일 18시,월요일,울산광역시 북구 창평동,중상사고,0,1,0,0,차대사람 - 기타,안전운전불이행,건조,맑음,단일로 - 기타,승용,남,22세,상해없음,보행자,남,65세,중상
2019112500100558,2019년 11월 25일 18시,월요일,울산광역시 중구 복산동,중상사고,0,1,0,0,차대사람 - 횡단중,보행자보호의무위반,젖음/습기,비,단일로 - 기타,승용,남,50세,상해없음,보행자,여,40세,중상
2019112500100559,2019년 11월 25일 18시,월요일,울산광역시 북구 호계동,중상사고,0,1,0,1,차대차 - 기타,교차로운행방법위반,건조,맑음,교차로 - 교차로안,승용,여,34세,부상신고,승용,남,65세,중상
2019112500100610,2019년 11월 25일 19시,월요일,울산광역시 남구 무거동,중상사고,0,1,0,0,차대사람 - 횡단중,신호위반,젖음/습기,비,교차로 - 교차로횡단보도내,승용,남,55세,상해없음,보행자,남,29세,중상
2019112500100611,2019년 11월 25일 19시,월요일,울산광역시 울주군 삼남면,경상사고,0,0,2,0,차대차 - 기타,직진우회전진행방해,건조,맑음,교차로 - 교차로안,승용,남,39세,상해없음,승용,남,29세,경상
2019112500100687,2019년 11월 25일 22시,월요일,울산광역시 동구 동부동,경상사고,0,0,1,0,차대차 - 측면충돌,신호위반,젖음/습기,비,교차로 - 교차로안,이륜,남,23세,상해없음,승용,남,38세,상해없음
2019112600100046,2019년 11월 26일 00시,화요일,울산광역시 울주군 온산읍,중상사고,0,1,2,0,차대차 - 정면충돌,신호위반,건조,흐림,교차로 - 교차로안,승용,남,26세,경상,승용,남,51세,경상
2019112600100169,2019년 11월 26일 08시,화요일,울산광역시 남구 신정동,경상사고,0,0,1,0,차대차 - 측면충돌,신호위반,건조,맑음,교차로 - 교차로안,승용,남,26세,상해없음,승용,남,57세,경상
2019112600100202,2019년 11월 26일 09시,화요일,울산광역시 남구 달동,경상사고,0,0,1,0,차대차 - 기타,교차로운행방법위반,건조,맑음,교차로 - 교차로안,승용,남,54세,상해없음,승용,여,31세,상해없음
2019112600100203,2019년 11월 26일 09시,화요일,울산광역시 남구 용연동,경상사고,0,0,2,0,차대차 - 기타,직진우회전진행방해,건조,맑음,교차로 - 교차로안,화물,남,62세,경상,화물,남,51세,경상
2019112600100204,2019년 11월 26일 09시,화요일,울산광역시 동구 일산동,경상사고,0,0,3,0,차대차 - 기타,안전운전불이행,건조,맑음,교차로 - 교차로안,화물,남,69세,상해없음,승용,여,32세,경상
2019112600100457,2019년 11월 26일 16시,화요일,울산광역시 울주군 범서읍,경상사고,0,0,1,0,차대사람 - 횡단중,신호위반,건조,맑음,교차로 - 교차로부근,승용,남,41세,상해없음,보행자,남,9세,경상
2019112600100505,2019년 11월 26일 17시,화요일,울산광역시 동구 방어동,경상사고,0,0,6,0,차대차 - 추돌,안전운전불이행,건조,맑음,교차로 - 교차로부근,화물,남,36세,상해없음,화물,남,62세,경상
2019112600100565,2019년 11월 26일 18시,화요일,울산광역시 북구 천곡동,경상사고,0,0,1,0,차대사람 - 횡단중,보행자보호의무위반,건조,맑음,교차로 - 교차로횡단보도내,승용,남,42세,상해없음,보행자,남,10세,경상
2019112600100566,2019년 11월 26일 18시,화요일,울산광역시 남구 신정동,경상사고,0,0,1,0,차대차 - 측면충돌,교차로운행방법위반,건조,맑음,교차로 - 교차로안,이륜,남,42세,경상,승용,남,29세,상해없음
2019112600100567,2019년 11월 26일 18시,화요일,울산광역시 남구 삼산동,경상사고,0,0,1,0,차대차 - 추돌,안전운전불이행,건조,맑음,단일로 - 기타,승용,남,27세,상해없음,승용,여,42세,경상
2019112600100568,2019년 11월 26일 18시,화요일,울산광역시 동구 전하동,중상사고,0,1,0,0,차대사람 - 기타,안전운전불이행,건조,맑음,교차로 - 교차로안,승합,남,64세,상해없음,보행자,여,77세,중상
2019112600100604,2019년 11월 26일 19시,화요일,울산광역시 중구 학산동,중상사고,0,1,0,0,차대차 - 측면충돌,교차로운행방법위반,건조,맑음,교차로 - 교차로안,승용,남,63세,상해없음,승용,여,39세,중상
2019112600100641,2019년 11월 26일 20시,화요일,울산광역시 남구 신정동,중상사고,0,1,0,0,차대차 - 정면충돌,신호위반,건조,맑음,교차로 - 교차로안,이륜,남,24세,중상,승용,여,36세,상해없음
2019112700100064,2019년 11월 27일 05시,수요일,울산광역시 남구 삼산동,중상사고,0,1,0,0,차대차 - 기타,신호위반,건조,맑음,교차로 - 교차로안,승용,남,25세,상해없음,자전거,남,25세,중상
2019112700100241,2019년 11월 27일 11시,수요일,울산광역시 동구 서부동,경상사고,0,0,2,0,차대차 - 기타,안전운전불이행,건조,흐림,단일로 - 기타,승용,남,66세,상해없음,승용,여,36세,경상
2019112700100276,2019년 11월 27일 12시,수요일,울산광역시 남구 야음동,경상사고,0,0,1,0,차대차 - 측면충돌,안전운전불이행,건조,맑음,교차로 - 교차로안,화물,남,50세,상해없음,승용,남,32세,경상
2019112700100314,2019년 11월 27일 13시,수요일,울산광역시 중구 남외동,경상사고,0,0,3,1,차대차 - 기타,신호위반,건조,맑음,교차로 - 교차로안,승용,여,52세,부상신고,승합,남,53세,경상
2019112700100315,2019년 11월 27일 13시,수요일,울산광역시 남구 무거동,경상사고,0,0,2,0,차대차 - 추돌,안전운전불이행,건조,맑음,교차로 - 교차로안,자전거,남,46세,경상,승용,여,34세,경상
2019112700100316,2019년 11월 27일 13시,수요일,울산광역시 동구 화정동,경상사고,0,0,1,0,차대차 - 기타,안전운전불이행,건조,맑음,단일로 - 기타,승용,남,25세,상해없음,이륜,남,28세,경상
2019112700100481,2019년 11월 27일 17시,수요일,울산광역시 중구 약사동,중상사고,0,1,0,0,차대사람 - 횡단중,보행자보호의무위반,건조,맑음,교차로 - 교차로횡단보도내,승용,남,68세,상해없음,보행자,여,48세,중상
2019112700100539,2019년 11월 27일 18시,수요일,울산광역시 중구 유곡동,경상사고,0,0,2,0,차대차 - 추돌,안전운전불이행,건조,맑음,단일로 - 기타,승용,여,48세,상해없음,승용,여,37세,경상
2019112700100540,2019년 11월 27일 18시,수요일,울산광역시 동구 방어동,경상사고,0,0,1,0,차대사람 - 횡단중,보행자보호의무위반,기타,맑음,기타 - 기타,승용,남,55세,상해없음,보행자,남,41세,경상
2019112700100541,2019년 11월 27일 18시,수요일,울산광역시 울주군 삼동면,중상사고,0,1,0,0,차대차 - 기타,교차로운행방법위반,건조,맑음,교차로 - 교차로안,승용,여,32세,상해없음,승용,남,60세,중상
2019112700100596,2019년 11월 27일 19시,수요일,울산광역시 북구 상안동,중상사고,0,1,0,0,차대차 - 측면충돌,신호위반,건조,맑음,교차로 - 교차로안,승용,여,33세,기타불명,화물,남,68세,중상
2019112700100597,2019년 11월 27일 19시,수요일,울산광역시 중구 서동,부상신고사고,0,0,0,1,차대차 - 측면충돌,안전운전불이행,건조,맑음,단일로 - 기타,승용,남,51세,부상신고,승용,남,62세,기타불명
2019112700100598,2019년 11월 27일 19시,수요일,울산광역시 울주군 언양읍,중상사고,0,1,0,0,차대차 - 기타,안전운전불이행,건조,맑음,교차로 - 교차로부근,승용,남,65세,상해없음,이륜,남,27세,중상
2019112700100647,2019년 11월 27일 21시,수요일,울산광역시 울주군 청량읍,경상사고,0,0,1,0,차량단독 - 공작물충돌,안전운전불이행,건조,맑음,단일로 - 기타,승용,남,42세,경상,,,,
2019112700100672,2019년 11월 27일 22시,수요일,울산광역시 중구 성안동,중상사고,0,1,0,0,차대차 - 측면충돌,안전운전불이행,건조,맑음,교차로 - 교차로안,이륜,남,18세,상해없음,이륜,남,34세,중상
2019112700100673,2019년 11월 27일 22시,수요일,울산광역시 남구 야음동,중상사고,0,1,0,0,차대사람 - 차도통행중,안전운전불이행,건조,맑음,단일로 - 기타,승용,남,55세,상해없음,보행자,여,26세,중상
2019112700100674,2019년 11월 27일 22시,수요일,울산광역시 남구 무거동,경상사고,0,0,2,0,차대차 - 측면충돌,안전운전불이행,건조,맑음,교차로 - 교차로안,승용,남,33세,상해없음,승용,남,34세,경상
2019112700100693,2019년 11월 27일 23시,수요일,울산광역시 북구 호계동,중상사고,0,1,0,0,차대차 - 측면충돌,교차로운행방법위반,건조,맑음,교차로 - 교차로안,승용,남,51세,상해없음,이륜,남,18세,중상
2019112700100694,2019년 11월 27일 23시,수요일,울산광역시 북구 송정동,중상사고,0,1,3,0,차대차 - 추돌,안전운전불이행,건조,맑음,교차로 - 교차로부근,승용,남,34세,경상,승용,남,39세,경상
2019112800100035,2019년 11월 28일 00시,목요일,울산광역시 남구 삼산동,경상사고,0,0,1,0,차대차 - 정면충돌,중앙선침범,건조,맑음,단일로 - 기타,승용,남,37세,상해없음,승용,남,71세,경상
2019112800100050,2019년 11월 28일 03시,목요일,울산광역시 북구 송정동,중상사고,0,1,0,0,차대차 - 추돌,안전운전불이행,건조,맑음,교차로 - 교차로부근,화물,남,51세,상해없음,승용,남,61세,중상
2019112800100064,2019년 11월 28일 05시,목요일,울산광역시 북구 진장동,경상사고,0,0,1,0,차대차 - 측면충돌,안전거리미확보,젖음/습기,비,교차로 - 교차로안,화물,남,47세,상해없음,승용,여,30세,상해없음
2019112800100079,2019년 11월 28일 06시,목요일,울산광역시 남구 여천동,경상사고,0,0,1,0,차대사람 - 횡단중,신호위반,젖음/습기,비,교차로 - 교차로횡단보도내,화물,남,58세,상해없음,보행자,남,53세,경상
2019112800100325,2019년 11월 28일 13시,목요일,울산광역시 남구 신정동,부상신고사고,0,0,0,1,차대차 - 기타,안전운전불이행,건조,맑음,단일로 - 기타,이륜,남,56세,부상신고,승용,여,50세,상해없음
2019112800100326,2019년 11월 28일 13시,목요일,울산광역시 남구 달동,경상사고,0,0,1,0,차대차 - 기타,안전운전불이행,건조,맑음,교차로 - 교차로안,이륜,남,42세,경상,승용,여,57세,상해없음
2019112800100357,2019년 11월 28일 14시,목요일,울산광역시 북구 호계동,중상사고,0,1,1,0,차대차 - 측면충돌,신호위반,젖음/습기,비,교차로 - 교차로안,화물,남,59세,경상,승용,남,39세,중상
2019112800100358,2019년 11월 28일 14시,목요일,울산광역시 남구 황성동,경상사고,0,0,1,0,차대차 - 측면충돌,교차로운행방법위반,건조,맑음,교차로 - 교차로안,건설기계,남,66세,상해없음,화물,남,69세,경상
2019112800100498,2019년 11월 28일 17시,목요일,울산광역시 중구 성안동,경상사고,0,0,2,0,차대차 - 측면충돌,신호위반,건조,맑음,교차로 - 교차로안,승용,남,42세,기타불명,승합,여,47세,경상
2019112800100557,2019년 11월 28일 18시,목요일,울산광역시 북구 염포동,경상사고,0,0,1,0,차대차 - 추돌,신호위반,젖음/습기,비,단일로 - 기타,이륜,남,30세,경상,승용,여,30세,상해없음
2019112800100558,2019년 11월 28일 18시,목요일,울산광역시 동구 서부동,경상사고,0,0,1,0,차대사람 - 기타,안전운전불이행,젖음/습기,비,단일로 - 기타,승합,남,46세,상해없음,보행자,남,71세,경상
2019112800100559,2019년 11월 28일 18시,목요일,울산광역시 울주군 서생면,경상사고,0,0,3,0,차대차 - 기타,안전운전불이행,건조,맑음,단일로 - 기타,승용,남,52세,경상,승용,남,58세,경상
2019112800100595,2019년 11월 28일 19시,목요일,울산광역시 동구 화정동,경상사고,0,0,1,0,차대차 - 기타,중앙선침범,건조,맑음,단일로 - 기타,승용,여,49세,상해없음,승용,여,27세,경상
2019112800100596,2019년 11월 28일 19시,목요일,울산광역시 울주군 범서읍,경상사고,0,0,1,0,차대차 - 측면충돌,교차로운행방법위반,건조,맑음,교차로 - 교차로안,승합,남,55세,상해없음,승용,남,37세,경상
2019112800100663,2019년 11월 28일 21시,목요일,울산광역시 중구 남외동,경상사고,0,0,3,0,차대차 - 기타,안전운전불이행,건조,맑음,단일로 - 기타,승용,여,40세,상해없음,승용,여,38세,경상
2019112800100692,2019년 11월 28일 22시,목요일,울산광역시 동구 일산동,경상사고,0,0,1,0,차대사람 - 차도통행중,안전운전불이행,건조,맑음,단일로 - 기타,승합,남,53세,상해없음,보행자,남,47세,경상
2019112900100033,2019년 11월 29일 00시,금요일,울산광역시 남구 신정동,경상사고,0,0,1,4,차대차 - 추돌,안전운전불이행,건조,맑음,단일로 - 지하차도(도로)내,승용,남,46세,상해없음,승용,여,55세,경상
2019112900100076,2019년 11월 29일 05시,금요일,울산광역시 울주군 웅촌면,경상사고,0,0,1,0,차대차 - 측면충돌,신호위반,건조,맑음,교차로 - 교차로안,화물,남,60세,상해없음,승용,남,63세,경상
2019112900100092,2019년 11월 29일 06시,금요일,울산광역시 울주군 청량읍,경상사고,0,0,5,0,차대차 - 추돌,안전운전불이행,건조,맑음,교차로 - 교차로부근,화물,남,62세,상해없음,승용,남,43세,경상
2019112900100189,2019년 11월 29일 08시,금요일,울산광역시 남구 신정동,중상사고,0,1,0,0,차대차 - 측면충돌,직진우회전진행방해,건조,맑음,교차로 - 교차로안,승용,여,44세,상해없음,이륜,남,63세,중상
2019112900100214,2019년 11월 29일 09시,금요일,울산광역시 남구 달동,경상사고,0,0,1,0,차대차 - 측면충돌,안전운전불이행,건조,맑음,단일로 - 기타,승합,남,56세,상해없음,승용,여,44세,경상
2019112900100366,2019년 11월 29일 13시,금요일,울산광역시 울주군 웅촌면,중상사고,0,1,0,0,차대차 - 정면충돌,중앙선침범,건조,맑음,교차로 - 교차로안,승용,여,40세,상해없음,자전거,남,83세,중상
2019112900100367,2019년 11월 29일 13시,금요일,울산광역시 울주군 언양읍,경상사고,0,0,1,0,차대사람 - 기타,안전운전불이행,건조,맑음,단일로 - 기타,화물,남,29세,상해없음,보행자,남,59세,경상
2019112900100464,2019년 11월 29일 15시,금요일,울산광역시 북구 양정동,경상사고,0,0,1,0,차대차 - 측면충돌,안전운전불이행,건조,맑음,교차로 - 교차로안,승용,남,32세,상해없음,승용,남,65세,경상
2019112900100465,2019년 11월 29일 15시,금요일,울산광역시 울주군 온산읍,경상사고,0,0,1,0,차대사람 - 기타,안전운전불이행,건조,맑음,단일로 - 기타,승용,여,21세,상해없음,보행자,여,9세,경상
2019112900100466,2019년 11월 29일 15시,금요일,울산광역시 울주군 온양읍,경상사고,0,0,1,0,차대사람 - 횡단중,안전운전불이행,건조,맑음,교차로 - 교차로안,화물,남,62세,상해없음,보행자,여,18세,경상
2019112900100579,2019년 11월 29일 17시,금요일,울산광역시 동구 서부동,경상사고,0,0,1,0,차대차 - 측면충돌,안전운전불이행,건조,맑음,단일로 - 기타,화물,남,62세,상해없음,이륜,남,52세,경상
2019112900100580,2019년 11월 29일 17시,금요일,울산광역시 울주군 언양읍,부상신고사고,0,0,0,1,차대차 - 추돌,안전운전불이행,건조,맑음,단일로 - 지하차도(도로)내,화물,남,58세,상해없음,승용,남,63세,부상신고
2019112900100711,2019년 11월 29일 19시,금요일,울산광역시 남구 신정동,경상사고,0,0,1,0,차대차 - 측면충돌,안전운전불이행,건조,맑음,단일로 - 기타,이륜,남,36세,경상,승용,남,64세,상해없음
2019112900100780,2019년 11월 29일 21시,금요일,울산광역시 울주군 온산읍,경상사고,0,0,3,0,차대차 - 정면충돌,직진우회전진행방해,건조,맑음,교차로 - 교차로안,승용,남,54세,상해없음,승용,여,26세,경상
2019112900100804,2019년 11월 29일 22시,금요일,울산광역시 북구 신천동,경상사고,0,0,2,0,차대차 - 후진중충돌,안전운전불이행,건조,맑음,단일로 - 기타,승용,남,27세,상해없음,승용,여,53세,경상
2019113000100042,2019년 11월 30일 00시,토요일,울산광역시 북구 효문동,경상사고,0,0,1,0,차대차 - 측면충돌,신호위반,건조,맑음,교차로 - 교차로안,승용,여,50세,상해없음,이륜,남,42세,경상
2019113000100096,2019년 11월 30일 03시,토요일,울산광역시 남구 삼산동,중상사고,0,1,0,0,차량단독 - 공작물충돌,안전운전불이행,건조,맑음,단일로 - 기타,승용,여,50세,중상,,,,
2019113000100117,2019년 11월 30일 05시,토요일,울산광역시 북구 진장동,중상사고,0,1,0,0,차대차 - 측면충돌,중앙선침범,젖음/습기,흐림,단일로 - 기타,승용,남,25세,상해없음,승용,여,49세,중상
2019113000100149,2019년 11월 30일 07시,토요일,울산광역시 남구 부곡동,부상신고사고,0,0,0,1,차대차 - 측면충돌,안전거리미확보,건조,맑음,단일로 - 기타,이륜,남,57세,부상신고,건설기계,남,65세,상해없음
2019113000100275,2019년 11월 30일 11시,토요일,울산광역시 중구 교동,경상사고,0,0,2,0,차대차 - 측면충돌,신호위반,건조,맑음,교차로 - 교차로안,승용,여,51세,상해없음,승용,남,53세,경상
2019113000100276,2019년 11월 30일 11시,토요일,울산광역시 울주군 삼남면,경상사고,0,0,2,0,차대차 - 추돌,안전운전불이행,건조,흐림,교차로 - 교차로안,사륜오토바이(ATV),남,85세,상해없음,승용,남,36세,경상
2019113000100355,2019년 11월 30일 13시,토요일,울산광역시 남구 무거동,경상사고,0,0,1,0,차대차 - 기타,신호위반,건조,맑음,교차로 - 교차로안,승합,남,72세,상해없음,자전거,남,76세,경상
2019113000100393,2019년 11월 30일 14시,토요일,울산광역시 울주군 상북면,경상사고,0,0,1,0,차대차 - 기타,안전운전불이행,건조,맑음,단일로 - 기타,승용,남,51세,상해없음,승용,남,65세,경상
2019113000100429,2019년 11월 30일 15시,토요일,울산광역시 남구 무거동,경상사고,0,0,1,0,차대차 - 기타,중앙선침범,건조,맑음,단일로 - 기타,승용,남,69세,상해없음,이륜,남,39세,경상
2019113000100591,2019년 11월 30일 18시,토요일,울산광역시 남구 신정동,경상사고,0,0,1,0,차대사람 - 횡단중,보행자보호의무위반,건조,맑음,교차로 - 교차로횡단보도내,승용,남,38세,상해없음,보행자,여,61세,경상
2019113000100702,2019년 11월 30일 22시,토요일,울산광역시 울주군 온양읍,중상사고,0,1,0,0,차대차 - 추돌,안전거리미확보,건조,맑음,단일로 - 기타,화물,남,59세,상해없음,승용,남,36세,중상
2019113000100725,2019년 11월 30일 23시,토요일,울산광역시 동구 방어동,중상사고,0,1,0,0,차대차 - 정면충돌,중앙선침범,건조,맑음,교차로 - 교차로부근,이륜,남,42세,기타불명,승용,남,63세,중상
2019120100100110,2019년 12월 1일 05시,일요일,울산광역시 북구 양정동,경상사고,0,0,1,0,차대차 - 추돌,안전운전불이행,건조,맑음,교차로 - 교차로부근,승용,남,22세,상해없음,승용,남,53세,경상
2019120100100159,2019년 12월 1일 09시,일요일,울산광역시 울주군 언양읍,중상사고,0,2,2,0,차대차 - 추돌,안전운전불이행,젖음/습기,비,단일로 - 고가도로위,화물,남,46세,경상,승용,여,58세,중상
2019120100100206,2019년 12월 1일 11시,일요일,울산광역시 중구 태화동,경상사고,0,0,4,0,차대차 - 추돌,안전거리미확보,젖음/습기,비,교차로 - 교차로부근,승합,남,28세,상해없음,승합,남,27세,경상
2019120100100263,2019년 12월 1일 13시,일요일,울산광역시 울주군 상북면,경상사고,0,0,1,0,차대차 - 기타,교차로운행방법위반,젖음/습기,비,교차로 - 교차로안,승용,남,48세,상해없음,화물,남,82세,상해없음
2019120100100333,2019년 12월 1일 15시,일요일,울산광역시 동구 전하동,부상신고사고,0,0,0,1,차대차 - 측면충돌,직진우회전진행방해,젖음/습기,비,교차로 - 교차로부근,이륜,남,36세,부상신고,승용,여,41세,상해없음
2019120100100365,2019년 12월 1일 16시,일요일,울산광역시 북구 천곡동,중상사고,0,1,0,0,차대차 - 기타,신호위반,건조,맑음,교차로 - 교차로안,승용,남,55세,상해없음,이륜,남,29세,중상
2019120100100405,2019년 12월 1일 17시,일요일,울산광역시 동구 화정동,경상사고,0,0,1,0,차대사람 - 횡단중,보행자보호의무위반,젖음/습기,비,교차로 - 교차로횡단보도내,이륜,남,59세,상해없음,보행자,여,38세,경상
2019120100100460,2019년 12월 1일 18시,일요일,울산광역시 동구 전하동,중상사고,0,1,1,0,차대사람 - 횡단중,안전운전불이행,젖음/습기,비,교차로 - 교차로횡단보도내,이륜,남,36세,경상,보행자,남,67세,중상
2019120100100510,2019년 12월 1일 19시,일요일,울산광역시 울주군 삼남면,경상사고,0,0,1,1,차량단독 - 공작물충돌,안전운전불이행,젖음/습기,비,단일로 - 기타,승용,남,62세,부상신고,,,,
2019120100100565,2019년 12월 1일 21시,일요일,울산광역시 울주군 온양읍,중상사고,0,1,0,0,차대차 - 측면충돌,신호위반,젖음/습기,비,교차로 - 교차로안,승용,남,31세,상해없음,승용,남,38세,중상
2019120200100040,2019년 12월 2일 00시,월요일,울산광역시 남구 무거동,부상신고사고,0,0,0,1,차대사람 - 기타,안전운전불이행,건조,맑음,교차로 - 교차로횡단보도내,이륜,남,35세,상해없음,보행자,남,46세,부상신고
2019120200100074,2019년 12월 2일 06시,월요일,울산광역시 중구 학성동,경상사고,0,0,1,0,차대차 - 측면충돌,보행자보호의무위반,건조,맑음,교차로 - 교차로안,승용,남,49세,상해없음,승합,남,49세,경상
2019120200100134,2019년 12월 2일 08시,월요일,울산광역시 울주군 범서읍,경상사고,0,0,1,0,차대차 - 측면충돌,안전운전불이행,건조,맑음,교차로 - 교차로안,승용,여,50세,상해없음,승합,남,60세,상해없음
2019120200100135,2019년 12월 2일 08시,월요일,울산광역시 울주군 삼남면,경상사고,0,0,1,0,차대차 - 측면충돌,안전거리미확보,건조,맑음,단일로 - 기타,승용,남,54세,상해없음,승용,남,28세,경상
2019120200100199,2019년 12월 2일 10시,월요일,울산광역시 남구 선암동,중상사고,0,1,0,0,차대차 - 측면충돌,안전운전불이행,건조,맑음,단일로 - 기타,승합,여,47세,상해없음,자전거,남,80세,중상
2019120200100403,2019년 12월 2일 16시,월요일,울산광역시 동구 전하동,경상사고,0,0,1,0,차대차 - 측면충돌,안전운전불이행,건조,맑음,교차로 - 교차로안,승용,여,62세,상해없음,승용,여,47세,경상
2019120200100577,2019년 12월 2일 20시,월요일,울산광역시 중구 반구동,경상사고,0,0,1,0,차대차 - 기타,안전거리미확보,건조,맑음,단일로 - 기타,승용,남,61세,상해없음,이륜,남,37세,경상
2019120300100082,2019년 12월 3일 06시,화요일,울산광역시 북구 연암동,경상사고,0,0,1,0,차대차 - 기타,안전운전불이행,건조,맑음,교차로 - 교차로안,화물,남,72세,상해없음,자전거,남,47세,경상
2019120300100083,2019년 12월 3일 06시,화요일,울산광역시 북구 염포동,중상사고,0,1,1,0,차대차 - 기타,신호위반,기타,기타,단일로 - 기타,이륜,남,32세,중상,승용,남,60세,경상
2019120300100108,2019년 12월 3일 07시,화요일,울산광역시 북구 명촌동,경상사고,0,0,1,0,차대차 - 측면충돌,신호위반,건조,맑음,교차로 - 교차로부근,승용,남,67세,상해없음,승용,남,65세,경상
2019120300100154,2019년 12월 3일 08시,화요일,울산광역시 울주군 온산읍,경상사고,0,0,1,0,차대차 - 측면충돌,신호위반,건조,맑음,교차로 - 교차로안,승합,남,29세,상해없음,승용,여,25세,경상
2019120300100222,2019년 12월 3일 10시,화요일,울산광역시 중구 반구동,중상사고,0,1,0,0,차대사람 - 횡단중,안전운전불이행,건조,맑음,교차로 - 교차로안,화물,남,58세,상해없음,보행자,여,62세,중상
2019120300100288,2019년 12월 3일 12시,화요일,울산광역시 중구 성남동,경상사고,0,0,2,0,차대사람 - 횡단중,안전운전불이행,건조,맑음,단일로 - 기타,승용,남,59세,상해없음,보행자,남,35세,경상