사고번호,사고일시,요일,시군구,사고내용,사망자수,중상자수,경상자수,부상신고자수,사고유형,법규위반,노면상태,기상상태,도로형태,가해운전자 차종,가해운전자 성별,가해운전자 연령,가해운전자 상해정도,피해운전자 차종,피해운전자 성별,피해운전자 연령,피해운전자 상해정도
2019122100100487,2019년 12월 21일 18시,토요일,울산광역시 북구 양정동,경상사고,0,0,1,0,차대차 - 측면충돌,직진우회전진행방해,건조,맑음,교차로 - 교차로안,이륜,남,53세,경상,화물,여,40세,상해없음
2019122100100533,2019년 12월 21일 19시,토요일,울산광역시 남구 달동,중상사고,0,1,0,0,차량단독 - 기타,안전운전불이행,건조,맑음,단일로 - 기타,승합,남,55세,상해없음,,,,
2019122100100565,2019년 12월 21일 20시,토요일,울산광역시 중구 성남동,경상사고,0,0,1,0,차대사람 - 횡단중,보행자보호의무위반,건조,맑음,교차로 - 교차로안,승용,여,46세,상해없음,보행자,남,34세,경상
2019122100100641,2019년 12월 21일 23시,토요일,울산광역시 북구 달천동,경상사고,0,0,3,0,차대차 - 추돌,안전운전불이행,건조,맑음,단일로 - 기타,승용,남,31세,경상,승용,여,29세,경상
2019122200100054,2019년 12월 22일 00시,일요일,울산광역시 남구 달동,경상사고,0,0,1,0,차대사람 - 기타,교차로운행방법위반,건조,맑음,교차로 - 교차로안,승용,남,55세,상해없음,보행자,남,38세,경상
2019122200100055,2019년 12월 22일 00시,일요일,울산광역시 남구 신정동,중상사고,0,1,5,0,차대차 - 측면충돌,교차로운행방법위반,건조,맑음,교차로 - 교차로안,승용,남,64세,상해없음,승합,남,39세,경상
2019122200100087,2019년 12월 22일 02시,일요일,울산광역시 북구 명촌동,중상사고,0,1,0,0,차대차 - 측면충돌,안전운전불이행,건조,맑음,교차로 - 교차로안,이륜,남,18세,중상,승용,남,49세,상해없음
2019122200100128,2019년 12월 22일 06시,일요일,울산광역시 남구 삼산동,경상사고,0,0,1,0,차대사람 - 차도통행중,안전운전불이행,건조,맑음,단일로 - 기타,승용,남,28세,상해없음,보행자,여,56세,경상
2019122200100249,2019년 12월 22일 13시,일요일,울산광역시 울주군 삼남면,경상사고,0,0,1,0,차량단독 - 기타,안전운전불이행,건조,맑음,단일로 - 기타,승합,남,43세,상해없음,,,,
2019122200100372,2019년 12월 22일 17시,일요일,울산광역시 동구 일산동,경상사고,0,0,1,0,차대차 - 측면충돌,안전운전불이행,건조,맑음,단일로 - 기타,승용,남,40세,상해없음,승용,남,59세,경상
2019122200100508,2019년 12월 22일 22시,일요일,울산광역시 북구 화봉동,경상사고,0,0,1,0,차대차 - 기타,교차로운행방법위반,건조,맑음,교차로 - 교차로안,승용,남,52세,상해없음,승용,남,54세,경상
2019122200100509,2019년 12월 22일 22시,일요일,울산광역시 남구 삼산동,중상사고,0,1,0,0,차대차 - 측면충돌,안전거리미확보,건조,맑음,단일로 - 기타,화물,남,59세,상해없음,이륜,남,31세,중상
2019122300100094,2019년 12월 23일 06시,월요일,울산광역시 북구 양정동,중상사고,0,1,5,0,차량단독 - 공작물충돌,안전운전불이행,기타,맑음,단일로 - 기타,승합,남,25세,상해없음,,,,
2019122300100095,2019년 12월 23일 06시,월요일,울산광역시 울주군 청량읍,중상사고,0,1,0,0,차대차 - 기타,신호위반,건조,맑음,교차로 - 교차로안,기타불명,기타불명,미분류,기타불명,이륜,남,38세,중상
2019122300100185,2019년 12월 23일 09시,월요일,울산광역시 북구 연암동,사망사고,1,0,0,0,차대차 - 기타,안전운전불이행,건조,맑음,교차로 - 교차로안,승용,여,64세,상해없음,자전거,남,80세,사망
2019122300100252,2019년 12월 23일 11시,월요일,울산광역시 동구 일산동,경상사고,0,0,2,0,차대차 - 측면충돌,안전운전불이행,건조,맑음,교차로 - 교차로안,승용,여,57세,경상,승용,남,45세,경상
2019122300100351,2019년 12월 23일 14시,월요일,울산광역시 남구 신정동,중상사고,0,2,2,0,차대차 - 기타,안전거리미확보,건조,맑음,교차로 - 교차로안,승용,여,23세,상해없음,승합,남,55세,경상
2019122300100426,2019년 12월 23일 16시,월요일,울산광역시 동구 화정동,경상사고,0,0,1,0,차대사람 - 기타,안전운전불이행,건조,맑음,교차로 - 교차로부근,승용,여,58세,상해없음,보행자,여,83세,경상
2019122300100472,2019년 12월 23일 17시,월요일,울산광역시 울주군 범서읍,경상사고,0,0,1,0,차대사람 - 기타,안전운전불이행,건조,맑음,단일로 - 기타,승용,남,23세,상해없음,보행자,여,22세,경상
2019122300100568,2019년 12월 23일 19시,월요일,울산광역시 남구 무거동,중상사고,0,1,3,0,차대차 - 측면충돌,안전운전불이행,건조,맑음,교차로 - 교차로안,승용,여,66세,상해없음,승용,남,37세,중상
2019122300100628,2019년 12월 23일 21시,월요일,울산광역시 남구 삼산동,중상사고,0,1,0,0,차대차 - 측면충돌,신호위반,건조,맑음,교차로 - 교차로안,승용,남,20세,상해없음,승용,남,35세,중상
2019122300100629,2019년 12월 23일 21시,월요일,울산광역시 남구 여천동,경상사고,0,0,2,0,차대차 - 추돌,안전운전불이행,건조,맑음,단일로 - 기타,승용,남,74세,상해없음,승용,남,59세,경상
2019122400100049,2019년 12월 24일 00시,화요일,울산광역시 남구 삼산동,경상사고,0,0,1,0,차대차 - 측면충돌,교차로운행방법위반,건조,맑음,교차로 - 교차로안,승용,남,38세,기타불명,승용,남,61세,경상
2019122400100085,2019년 12월 24일 04시,화요일,울산광역시 중구 옥교동,경상사고,0,0,1,0,차대차 - 측면충돌,안전거리미확보,건조,맑음,기타 - 기타,승용,남,24세,상해없음,이륜,남,37세,경상
2019122400100109,2019년 12월 24일 06시,화요일,울산광역시 북구 호계동,중상사고,0,5,38,3,차대차 - 기타,신호위반,건조,맑음,교차로 - 교차로안,승합,남,62세,부상신고,승합,남,60세,경상
2019122400100110,2019년 12월 24일 06시,화요일,울산광역시 남구 삼산동,중상사고,0,1,1,0,차대차 - 정면충돌,신호위반,건조,맑음,교차로 - 교차로안,승용,남,69세,상해없음,승용,남,44세,경상
2019122400100176,2019년 12월 24일 08시,화요일,울산광역시 울주군 범서읍,경상사고,0,0,1,0,차대차 - 측면충돌,교차로운행방법위반,건조,맑음,교차로 - 교차로안,승용,여,35세,상해없음,승용,여,51세,경상
2019122400100213,2019년 12월 24일 09시,화요일,울산광역시 울주군 언양읍,경상사고,0,0,1,0,차대차 - 기타,안전운전불이행,건조,맑음,단일로 - 기타,승용,여,42세,상해없음,승용,남,44세,경상
2019122400100243,2019년 12월 24일 10시,화요일,울산광역시 남구 삼산동,부상신고사고,0,0,0,1,차대차 - 측면충돌,직진우회전진행방해,건조,맑음,교차로 - 교차로안,개인형이동수단(PM),여,36세,부상신고,승용,남,42세,상해없음
2019122400100277,2019년 12월 24일 11시,화요일,울산광역시 남구 무거동,경상사고,0,0,1,0,차대차 - 기타,차로위반,건조,맑음,교차로 - 교차로안,화물,남,62세,상해없음,화물,남,48세,경상
2019122400100304,2019년 12월 24일 12시,화요일,울산광역시 울주군 언양읍,중상사고,0,1,1,1,차대차 - 측면충돌,교차로운행방법위반,건조,맑음,교차로 - 교차로안,승용,남,19세,상해없음,승용,여,31세,부상신고
2019122400100419,2019년 12월 24일 15시,화요일,울산광역시 중구 성안동,경상사고,0,0,1,0,차대사람 - 횡단중,보행자보호의무위반,건조,맑음,단일로 - 기타,승용,남,51세,상해없음,보행자,여,39세,경상
2019122400100503,2019년 12월 24일 17시,화요일,울산광역시 남구 신정동,경상사고,0,0,1,0,차대차 - 추돌,안전운전불이행,건조,맑음,단일로 - 기타,승용,남,64세,상해없음,승용,남,29세,경상
2019122400100589,2019년 12월 24일 18시,화요일,울산광역시 남구 여천동,경상사고,0,0,1,0,차대차 - 측면충돌,신호위반,건조,맑음,교차로 - 교차로안,승용,남,27세,상해없음,승용,여,33세,경상
2019122400100636,2019년 12월 24일 19시,화요일,울산광역시 북구 송정동,중상사고,0,1,0,1,차대차 - 기타,신호위반,건조,맑음,교차로 - 교차로안,이륜,남,55세,부상신고,이륜,남,41세,중상
2019122400100637,2019년 12월 24일 19시,화요일,울산광역시 동구 화정동,경상사고,0,0,1,0,차대차 - 기타,기타,건조,맑음,단일로 - 기타,기타불명,기타불명,미분류,기타불명,이륜,남,21세,경상
2019122400100674,2019년 12월 24일 20시,화요일,울산광역시 동구 전하동,중상사고,0,1,0,0,차대사람 - 기타,보행자보호의무위반,건조,맑음,교차로 - 교차로횡단보도내,승합,남,43세,상해없음,보행자,여,33세,중상
2019122400100675,2019년 12월 24일 20시,화요일,울산광역시 동구 주전동,경상사고,0,0,1,0,차대차 - 측면충돌,중앙선침범,건조,맑음,단일로 - 기타,승용,남,30세,상해없음,승용,남,32세,경상
2019122400100722,2019년 12월 24일 22시,화요일,울산광역시 북구 호계동,중상사고,0,1,3,0,차대차 - 측면충돌,신호위반,건조,맑음,교차로 - 교차로안,승용,남,67세,상해없음,승용,여,54세,중상
2019122400100742,2019년 12월 24일 23시,화요일,울산광역시 중구 우정동,경상사고,0,0,1,1,차대차 - 측면충돌,직진우회전진행방해,건조,맑음,교차로 - 교차로안,승용,남,24세,부상신고,승용,남,47세,경상
2019122400100743,2019년 12월 24일 23시,화요일,울산광역시 남구 달동,중상사고,0,1,0,0,차대사람 - 횡단중,안전운전불이행,건조,맑음,단일로 - 기타,승합,남,52세,상해없음,보행자,남,60세,중상
2019122500100080,2019년 12월 25일 05시,수요일,울산광역시 남구 삼산동,중상사고,0,1,1,0,차대사람 - 차도통행중,안전운전불이행,건조,맑음,단일로 - 기타,승용,여,60세,상해없음,보행자,여,66세,중상
2019122500100091,2019년 12월 25일 06시,수요일,울산광역시 남구 성암동,중상사고,0,1,1,0,차대차 - 추돌,안전운전불이행,건조,맑음,단일로 - 기타,화물,남,56세,중상,승합,남,55세,경상
2019122500100137,2019년 12월 25일 10시,수요일,울산광역시 남구 무거동,경상사고,0,0,1,0,차대차 - 측면충돌,안전거리미확보,건조,맑음,단일로 - 기타,승용,남,19세,상해없음,승합,남,40세,경상
2019122500100138,2019년 12월 25일 10시,수요일,울산광역시 동구 동부동,중상사고,0,2,0,0,차대차 - 측면충돌,안전운전불이행,건조,맑음,교차로 - 교차로부근,승용,여,59세,상해없음,이륜,여,64세,중상
2019122500100156,2019년 12월 25일 11시,수요일,울산광역시 중구 복산동,경상사고,0,0,1,0,차대사람 - 기타,안전운전불이행,건조,맑음,단일로 - 기타,승용,남,46세,상해없음,보행자,여,10세,경상
2019122500100209,2019년 12월 25일 13시,수요일,울산광역시 울주군 온산읍,경상사고,0,0,1,0,차대차 - 측면충돌,안전운전불이행,건조,맑음,교차로 - 교차로안,승용,남,32세,상해없음,승용,여,37세,경상
2019122500100267,2019년 12월 25일 15시,수요일,울산광역시 북구 송정동,경상사고,0,0,2,0,차대차 - 기타,중앙선침범,건조,맑음,단일로 - 기타,승용,남,57세,상해없음,승용,여,31세,경상
2019122500100416,2019년 12월 25일 20시,수요일,울산광역시 남구 달동,중상사고,0,1,0,0,차대사람 - 횡단중,안전운전불이행,건조,맑음,교차로 - 교차로횡단보도내,승용,남,60세,상해없음,보행자,여,53세,중상
2019122500100432,2019년 12월 25일 21시,수요일,울산광역시 중구 태화동,부상신고사고,0,0,0,1,차대차 - 측면충돌,신호위반,건조,맑음,교차로 - 교차로안,이륜,남,56세,부상신고,승용,남,29세,상해없음
2019122600100031,2019년 12월 26일 00시,목요일,울산광역시 북구 염포동,경상사고,0,0,1,0,차대차 - 추돌,안전운전불이행,건조,맑음,단일로 - 기타,이륜,남,22세,경상,승용,남,57세,상해없음
2019122600100253,2019년 12월 26일 12시,목요일,울산광역시 동구 화정동,중상사고,0,1,0,0,차대차 - 측면충돌,안전운전불이행,건조,흐림,교차로 - 교차로안,이륜,남,36세,상해없음,이륜,남,38세,중상
2019122600100294,2019년 12월 26일 13시,목요일,울산광역시 동구 방어동,경상사고,0,0,1,0,차대차 - 측면충돌,교차로운행방법위반,건조,맑음,교차로 - 교차로안,화물,남,62세,상해없음,승용,남,55세,경상
2019122600100432,2019년 12월 26일 17시,목요일,울산광역시 남구 두왕동,중상사고,0,1,0,0,차대차 - 정면충돌,직진우회전진행방해,건조,맑음,교차로 - 교차로안,승용,남,33세,상해없음,이륜,남,18세,중상
2019122600100530,2019년 12월 26일 19시,목요일,울산광역시 남구 신정동,경상사고,0,0,1,0,차대사람 - 길가장자리구역통행중,안전운전불이행,건조,맑음,교차로 - 교차로안,승용,남,34세,상해없음,보행자,여,41세,경상
2019122600100561,2019년 12월 26일 20시,목요일,울산광역시 동구 전하동,중상사고,0,1,0,0,차대차 - 기타,기타,건조,맑음,단일로 - 기타,승용,남,22세,상해없음,이륜,남,35세,중상
2019122700100089,2019년 12월 27일 06시,금요일,울산광역시 남구 신정동,경상사고,0,0,1,0,차대차 - 측면충돌,안전거리미확보,건조,맑음,단일로 - 기타,승용,남,71세,상해없음,승용,남,24세,경상
2019122700100118,2019년 12월 27일 07시,금요일,울산광역시 북구 매곡동,경상사고,0,0,2,0,차대차 - 측면충돌,안전운전불이행,건조,맑음,교차로 - 교차로안,승용,여,50세,경상,승용,남,29세,경상
2019122700100151,2019년 12월 27일 08시,금요일,울산광역시 중구 태화동,경상사고,0,0,2,0,차대차 - 측면충돌,안전운전불이행,건조,맑음,단일로 - 기타,승용,여,55세,상해없음,승용,남,74세,경상
2019122700100181,2019년 12월 27일 09시,금요일,울산광역시 중구 태화동,중상사고,0,2,0,0,차대사람 - 횡단중,신호위반,건조,맑음,단일로 - 기타,승용,여,63세,상해없음,보행자,여,66세,중상
2019122700100210,2019년 12월 27일 10시,금요일,울산광역시 울주군 언양읍,부상신고사고,0,0,0,1,차대차 - 측면충돌,안전운전불이행,건조,맑음,단일로 - 기타,이륜,남,24세,부상신고,승용,여,43세,상해없음
2019122700100304,2019년 12월 27일 13시,금요일,울산광역시 중구 다운동,중상사고,0,1,0,0,차대사람 - 차도통행중,안전운전불이행,건조,맑음,교차로 - 교차로안,승합,남,61세,상해없음,보행자,여,68세,중상
2019122700100305,2019년 12월 27일 13시,금요일,울산광역시 남구 무거동,경상사고,0,0,1,0,차대차 - 측면충돌,안전거리미확보,건조,맑음,교차로 - 교차로부근,건설기계,남,51세,상해없음,승용,여,42세,경상
2019122700100414,2019년 12월 27일 16시,금요일,울산광역시 북구 신천동,중상사고,0,1,0,0,차대차 - 측면충돌,안전운전불이행,건조,맑음,단일로 - 기타,승용,남,38세,상해없음,이륜,남,54세,중상
2019122700100506,2019년 12월 27일 18시,금요일,울산광역시 북구 중산동,중상사고,0,1,1,0,차대차 - 기타,안전거리미확보,건조,맑음,단일로 - 기타,화물,남,58세,상해없음,승용,남,36세,경상
2019122700100507,2019년 12월 27일 18시,금요일,울산광역시 울주군 상북면,중상사고,0,1,0,0,차대사람 - 횡단중,안전운전불이행,건조,맑음,단일로 - 기타,승용,남,78세,상해없음,보행자,남,81세,중상
2019122700100564,2019년 12월 27일 19시,금요일,울산광역시 중구 옥교동,중상사고,0,1,0,0,차대사람 - 보도통행중,보행자보호의무위반,건조,맑음,단일로 - 기타,승용,남,23세,상해없음,보행자,여,62세,중상
2019122700100625,2019년 12월 27일 21시,금요일,울산광역시 남구 달동,경상사고,0,0,4,0,차대차 - 추돌,안전운전불이행,건조,맑음,단일로 - 기타,승용,남,45세,상해없음,승용,남,59세,경상
2019122700100673,2019년 12월 27일 23시,금요일,울산광역시 남구 무거동,경상사고,0,0,2,0,차대차 - 추돌,안전운전불이행,건조,맑음,교차로 - 교차로부근,승용,남,33세,상해없음,승용,남,44세,경상
2019122700100674,2019년 12월 27일 23시,금요일,울산광역시 동구 서부동,경상사고,0,0,1,0,차대차 - 추돌,안전운전불이행,건조,맑음,단일로 - 기타,이륜,남,56세,경상,승용,남,41세,상해없음
2019122800100065,2019년 12월 28일 01시,토요일,울산광역시 남구 선암동,경상사고,0,0,2,0,차대차 - 추돌,안전운전불이행,건조,맑음,교차로 - 교차로부근,승용,남,49세,상해없음,승용,여,63세,경상
2019122800100087,2019년 12월 28일 03시,토요일,울산광역시 남구 신정동,경상사고,0,0,1,0,차대차 - 추돌,안전운전불이행,건조,맑음,단일로 - 기타,승용,여,49세,상해없음,원동기,남,33세,경상
2019122800100120,2019년 12월 28일 06시,토요일,울산광역시 중구 복산동,부상신고사고,0,0,0,1,차량단독 - 공작물충돌,안전거리미확보,건조,맑음,교차로 - 교차로안,승용,남,38세,부상신고,,,,
2019122800100138,2019년 12월 28일 07시,토요일,울산광역시 동구 전하동,경상사고,0,0,1,0,차대사람 - 횡단중,신호위반,건조,맑음,교차로 - 교차로부근,이륜,남,58세,상해없음,보행자,여,50세,경상
2019122800100139,2019년 12월 28일 07시,토요일,울산광역시 울주군 온산읍,경상사고,0,0,1,0,차대차 - 측면충돌,안전운전불이행,건조,맑음,교차로 - 교차로안,화물,남,50세,상해없음,승용,남,62세,경상
2019122800100193,2019년 12월 28일 10시,토요일,울산광역시 울주군 두서면,사망사고,2,0,0,0,차대차 - 추돌,안전거리미확보,건조,맑음,단일로 - 기타,화물,남,47세,상해없음,이륜,여,35세,사망
2019122800100244,2019년 12월 28일 12시,토요일,울산광역시 중구 남외동,경상사고,0,0,1,0,차대차 - 기타,안전운전불이행,건조,맑음,단일로 - 기타,승용,남,39세,상해없음,승합,남,55세,상해없음
2019122800100400,2019년 12월 28일 17시,토요일,울산광역시 울주군 청량읍,부상신고사고,0,0,0,1,차대차 - 측면충돌,직진우회전진행방해,건조,맑음,교차로 - 교차로안,승용,남,55세,상해없음,이륜,남,44세,부상신고
2019122800100449,2019년 12월 28일 18시,토요일,울산광역시 남구 신정동,중상사고,0,1,0,0,차대사람 - 기타,안전운전불이행,건조,맑음,단일로 - 기타,이륜,남,21세,상해없음,보행자,남,84세,중상
2019122800100450,2019년 12월 28일 18시,토요일,울산광역시 북구 염포동,경상사고,0,0,1,0,차대사람 - 횡단중,안전운전불이행,건조,맑음,단일로 - 기타,승용,남,46세,상해없음,보행자,여,63세,경상
2019122800100523,2019년 12월 28일 21시,토요일,울산광역시 남구 삼산동,경상사고,0,0,1,0,차대사람 - 횡단중,안전운전불이행,건조,맑음,교차로 - 교차로부근,승용,남,56세,상해없음,보행자,남,16세,경상
2019122800100533,2019년 12월 28일 22시,토요일,울산광역시 울주군 온양읍,중상사고,0,1,8,0,차대차 - 추돌,안전운전불이행,건조,맑음,단일로 - 기타,승용,남,45세,경상,승용,여,55세,중상
2019122800100551,2019년 12월 28일 22시,토요일,울산광역시 남구 무거동,중상사고,0,1,0,0,차대사람 - 기타,안전운전불이행,건조,맑음,단일로 - 기타,기타불명,기타불명,미분류,기타불명,보행자,남,43세,중상
2019122900100094,2019년 12월 29일 06시,일요일,울산광역시 중구 학산동,사망사고,1,0,0,0,차대사람 - 횡단중,안전운전불이행,건조,맑음,교차로 - 교차로안,승용,남,54세,상해없음,보행자,남,67세,사망
2019122900100104,2019년 12월 29일 07시,일요일,울산광역시 중구 남외동,경상사고,0,0,1,0,차대사람 - 횡단중,보행자보호의무위반,건조,맑음,교차로 - 교차로횡단보도내,승용,남,62세,상해없음,보행자,남,54세,경상
2019122900100116,2019년 12월 29일 08시,일요일,울산광역시 울주군 삼남면,경상사고,0,0,1,0,차대차 - 측면충돌,신호위반,건조,맑음,교차로 - 교차로안,승합,여,49세,상해없음,승용,여,30세,경상
2019122900100214,2019년 12월 29일 14시,일요일,울산광역시 동구 방어동,경상사고,0,0,1,0,차대차 - 측면충돌,안전운전불이행,젖음/습기,비,단일로 - 기타,승용,남,43세,상해없음,이륜,남,56세,경상
2019122900100225,2019년 12월 29일 15시,일요일,울산광역시 중구 성남동,경상사고,0,0,1,0,차대사람 - 차도통행중,안전운전불이행,건조,맑음,단일로 - 기타,승용,남,35세,상해없음,보행자,여,14세,경상
2019122900100280,2019년 12월 29일 17시,일요일,울산광역시 동구 화정동,중상사고,0,1,0,0,차대차 - 기타,안전운전불이행,젖음/습기,흐림,교차로 - 교차로안,기타불명,기타불명,미분류,기타불명,이륜,남,36세,중상
2019122900100318,2019년 12월 29일 18시,일요일,울산광역시 남구 신정동,중상사고,0,1,0,0,차량단독 - 공작물충돌,안전운전불이행,젖음/습기,비,단일로 - 지하차도(도로)내,승용,여,33세,중상,,,,
2019122900100319,2019년 12월 29일 18시,일요일,울산광역시 동구 일산동,경상사고,0,0,8,0,차대차 - 추돌,안전운전불이행,젖음/습기,비,교차로 - 교차로부근,승용,남,22세,상해없음,승용,남,45세,기타불명
2019122900100399,2019년 12월 29일 20시,일요일,울산광역시 남구 야음동,경상사고,0,0,1,0,차대차 - 기타,중앙선침범,젖음/습기,비,교차로 - 교차로안,화물,남,39세,상해없음,승용,남,40세,경상
2019123000100091,2019년 12월 30일 07시,월요일,울산광역시 남구 야음동,경상사고,0,0,1,0,차대차 - 기타,교차로운행방법위반,건조,맑음,교차로 - 교차로안,승용,남,32세,상해없음,승합,여,63세,경상
2019123000100092,2019년 12월 30일 07시,월요일,울산광역시 동구 동부동,경상사고,0,0,1,0,차량단독 - 전도전복 - 전도,안전운전불이행,젖음/습기,비,단일로 - 기타,이륜,남,40세,경상,,,,
2019123000100122,2019년 12월 30일 08시,월요일,울산광역시 중구 복산동,경상사고,0,0,1,1,차대차 - 측면충돌,직진우회전진행방해,건조,맑음,교차로 - 교차로안,승용,남,35세,부상신고,승용,남,30세,경상
2019123000100143,2019년 12월 30일 09시,월요일,울산광역시 북구 천곡동,경상사고,0,0,1,0,차대차 - 측면충돌,안전거리미확보,건조,맑음,단일로 - 기타,승용,여,51세,상해없음,승용,여,51세,경상
2019123000100144,2019년 12월 30일 09시,월요일,울산광역시 남구 야음동,경상사고,0,0,1,0,차대사람 - 보도통행중,안전운전불이행,건조,맑음,기타 - 기타,화물,남,35세,상해없음,보행자,남,65세,경상
2019123000100145,2019년 12월 30일 09시,월요일,울산광역시 울주군 언양읍,경상사고,0,0,2,0,차대차 - 측면충돌,차로위반,건조,맑음,단일로 - 지하차도(도로)내,화물,남,62세,상해없음,화물,남,73세,경상
2019123000100171,2019년 12월 30일 10시,월요일,울산광역시 남구 성암동,경상사고,0,0,1,0,차대차 - 추돌,안전운전불이행,건조,맑음,단일로 - 기타,화물,남,49세,상해없음,승용,남,26세,경상
2019123000100172,2019년 12월 30일 10시,월요일,울산광역시 동구 일산동,경상사고,0,0,1,0,차대차 - 측면충돌,안전운전불이행,건조,맑음,교차로 - 교차로횡단보도내,승용,남,54세,상해없음,승용,남,64세,경상
2019123000100267,2019년 12월 30일 13시,월요일,울산광역시 북구 진장동,경상사고,0,0,3,0,차대차 - 추돌,안전거리미확보,건조,맑음,단일로 - 기타,승합,여,51세,상해없음,승용,여,25세,상해없음
2019123000100268,2019년 12월 30일 13시,월요일,울산광역시 북구 호계동,경상사고,0,0,1,0,차대차 - 측면충돌,안전운전불이행,건조,맑음,단일로 - 기타,승용,남,80세,상해없음,승용,남,28세,상해없음
2019123000100333,2019년 12월 30일 15시,월요일,울산광역시 남구 삼산동,중상사고,0,1,0,0,차대차 - 정면충돌,중앙선침범,건조,맑음,교차로 - 교차로부근,승용,여,57세,상해없음,승용,여,40세,중상
2019123000100416,2019년 12월 30일 17시,월요일,울산광역시 남구 무거동,경상사고,0,0,1,0,차대사람 - 기타,안전운전불이행,건조,맑음,단일로 - 기타,승합,남,54세,상해없음,보행자,남,79세,경상
2019123000100417,2019년 12월 30일 17시,월요일,울산광역시 울주군 범서읍,경상사고,0,0,3,0,차대차 - 추돌,안전운전불이행,건조,맑음,단일로 - 기타,승용,남,52세,상해없음,승용,여,26세,경상
2019123000100482,2019년 12월 30일 18시,월요일,울산광역시 울주군 범서읍,중상사고,0,1,5,0,차대차 - 기타,차로위반,건조,맑음,단일로 - 기타,승용,여,27세,상해없음,승합,남,41세,경상
2019123000100579,2019년 12월 30일 21시,월요일,울산광역시 북구 신천동,중상사고,0,1,0,0,차대사람 - 횡단중,보행자보호의무위반,건조,맑음,교차로 - 교차로안,승용,남,35세,상해없음,보행자,여,22세,중상
2019123000100610,2019년 12월 30일 22시,월요일,울산광역시 동구 서부동,중상사고,0,2,0,0,차대차 - 측면충돌,중앙선침범,건조,맑음,단일로 - 기타,이륜,남,29세,중상,승용,남,46세,중상
2019123000100635,2019년 12월 30일 23시,월요일,울산광역시 동구 일산동,경상사고,0,0,3,0,차대차 - 기타,안전운전불이행,건조,맑음,교차로 - 교차로부근,승용,남,57세,상해없음,승용,남,56세,경상
2019123100100246,2019년 12월 31일 12시,화요일,울산광역시 울주군 범서읍,사망사고,1,0,1,0,차대사람 - 횡단중,기타,건조,맑음,교차로 - 교차로부근,승용,여,54세,상해없음,보행자,여,42세,경상
2019123100100277,2019년 12월 31일 13시,화요일,울산광역시 울주군 언양읍,중상사고,0,1,0,0,차대차 - 측면충돌,직진우회전진행방해,건조,맑음,교차로 - 교차로안,화물,남,35세,상해없음,이륜,남,26세,중상
2019123100100391,2019년 12월 31일 16시,화요일,울산광역시 동구 일산동,경상사고,0,0,1,0,차대차 - 기타,안전거리미확보,건조,맑음,단일로 - 기타,승용,남,48세,상해없음,승용,여,55세,경상
2019123100100427,2019년 12월 31일 17시,화요일,울산광역시 울주군 언양읍,경상사고,0,0,1,0,차대차 - 추돌,안전운전불이행,건조,맑음,교차로 - 교차로부근,화물,남,48세,상해없음,승용,여,35세,경상
2019123100100428,2019년 12월 31일 17시,화요일,울산광역시 울주군 범서읍,경상사고,0,0,1,0,차대차 - 측면충돌,안전운전불이행,건조,맑음,단일로 - 기타,승용,여,43세,상해없음,자전거,남,54세,경상
2019123100100491,2019년 12월 31일 18시,화요일,울산광역시 울주군 웅촌면,경상사고,0,0,1,0,차대사람 - 횡단중,안전운전불이행,건조,맑음,단일로 - 지하차도(도로)내,승용,여,50세,상해없음,보행자,남,64세,경상
2019123100100539,2019년 12월 31일 19시,화요일,울산광역시 남구 옥동,경상사고,0,0,2,0,차대차 - 추돌,안전운전불이행,건조,맑음,단일로 - 기타,이륜,남,38세,상해없음,승용,남,55세,경상
2019123100100540,2019년 12월 31일 19시,화요일,울산광역시 동구 방어동,중상사고,0,1,1,0,차대사람 - 횡단중,보행자보호의무위반,건조,맑음,교차로 - 교차로안,승용,남,55세,상해없음,보행자,남,56세,중상
2019123100100541,2019년 12월 31일 19시,화요일,울산광역시 울주군 삼남면,부상신고사고,0,0,0,1,차대차 - 정면충돌,안전운전불이행,건조,맑음,단일로 - 기타,승용,여,48세,상해없음,이륜,남,63세,부상신고
2019123100100579,2019년 12월 31일 20시,화요일,울산광역시 북구 화봉동,중상사고,0,1,0,0,차대사람 - 횡단중,안전운전불이행,건조,맑음,교차로 - 교차로안,승용,남,62세,상해없음,보행자,여,17세,중상
2019123100100644,2019년 12월 31일 23시,화요일,울산광역시 울주군 범서읍,부상신고사고,0,0,0,1,차대차 - 정면충돌,안전운전불이행,건조,맑음,교차로 - 교차로안,승용,남,69세,상해없음,승용,남,45세,상해없음